x_mm,y_mm
0.000000000000000000e+00,4.610000000000000142e+01
9.751868424858213535e-02,4.610146415944789311e+01
1.946422532625425861e-01,4.610583475877289317e+01
2.909855989188007697e-01,4.611304710913496052e+01
3.861830532713910191e-01,4.612299647851785522e+01
4.798967321169487210e-01,4.613554245316198177e+01
5.718233815416108312e-01,4.615051455358859300e+01
6.616994607818453833e-01,4.616771869075618184e+01
7.493043484084498385e-01,4.618694402154221024e+01
8.344617055661358584e-01,4.620796978210564987e+01
9.170391537048983022e-01,4.623057173416315635e+01
9.969465146860152505e-01,4.625452794032509019e+01
1.074132914504466241e+00,4.627962367683815614e+01
1.148583069960698033e+00,4.630565538315985918e+01
1.220313066301042637e+00,4.633243362846134517e+01
1.289365901134849723e+00,4.635978513971078740e+01
1.355807024251643789e+00,4.638755398214325254e+01
1.419720051867584987e+00,4.641560201114698003e+01
1.481202783294077063e+00,4.644380872721011144e+01
1.540363602160244927e+00,4.647207066587326096e+01
1.597318305506956637e+00,4.650030044615542835e+01
1.652187373239571322e+00,4.652842558694511155e+01
1.705093667470841901e+00,4.655638718410671117e+01
1.756160535430120406e+00,4.658413852362899377e+01
1.805510279738931523e+00,4.661164368947865455e+01
1.853262954724986589e+00,4.663887620980977999e+01
1.899535445883882012e+00,4.666581777227213479e+01
1.944440790555878262e+00,4.669245702849284640e+01
1.988087700499141741e+00,4.671878849930025268e+01
2.030580250631103922e+00,4.674481158571187223e+01
2.072017702267838768e+00,4.677052968585438464e+01
2.112494433356236989e+00,4.679594941453709822e+01
2.152099952222977564e+00,4.682107991988841178e+01
2.190918975107742472e+00,4.684593229003814230e+01
2.229031551123890953e+00,4.687051904207431363e+01
2.266513221264416345e+00,4.689485368524299247e+01
2.303435200643690450e+00,4.691895035044970541e+01
2.339864575356186638e+00,4.694282347844894332e+01
2.375864507174084927e+00,4.696648755958614885e+01
2.411494440834013098e+00,4.698995691852100265e+01
2.446810309918752147e+00,4.701324553796296613e+01
2.481864738360648026e+00,4.703636691605819919e+01
2.516707235415637456e+00,4.705933395265649466e+01
2.551384382612193136e+00,4.708215886024524366e+01
2.585940011696749252e+00,4.710485309585430969e+01
2.620415373000629877e+00,4.712742731070782298e+01
2.654849293964363532e+00,4.714989131482474960e+01
2.689278327791110090e+00,4.717225405414999528e+01
2.723736892376510177e+00,4.719452359813502795e+01
2.758257399789981079e+00,4.721670713598298619e+01
2.792870376672179411e+00,4.723881098003296586e+01
2.827604575973419188e+00,4.726084057498373880e+01
2.862487080494781733e+00,4.728280051185319621e+01
2.897543398712953522e+00,4.730469454573876931e+01
2.932797553375697586e+00,4.732652561659001123e+01
2.968272163350768711e+00,4.734829587232941606e+01
3.003988519199692675e+00,4.737000669376487139e+01
3.039966652931315849e+00,4.739165872082832465e+01
3.076225402369998640e+00,4.741325187975373012e+01
3.112782470551120007e+00,4.743478541087305445e+01
3.149654480533071510e+00,4.745625789676604001e+01
3.186857025991027825e+00,4.747766729054633572e+01
3.224404717933872622e+00,4.749901094410763136e+01
3.262311227862299212e+00,4.752028563618664947e+01
3.300589327663450145e+00,4.754148760012885333e+01
3.339250926515810569e+00,4.756261255126636911e+01
3.378307105057447579e+00,4.758365571383779269e+01
3.417768147051299277e+00,4.760461184739595808e+01
3.457643568762929220e+00,4.762547527266399072e+01
3.497942146249127582e+00,4.764623989681086869e+01
3.538671940739866351e+00,4.766689923812776897e+01
3.579840322281326870e+00,4.768744645009350336e+01
3.621453991794092886e+00,4.770787434482411982e+01
3.663519001687943089e+00,4.772817541590667645e+01
3.706040775163031320e+00,4.774834186062099661e+01
3.749024124316477913e+00,4.776836560155668110e+01
3.792473267163559036e+00,4.778823830763494129e+01
3.836391843673502500e+00,4.780795141454677122e+01
3.880782930911629514e+00,4.782749614462034771e+01
3.925649057371851214e+00,4.784686352613127980e+01
3.970992216576498368e+00,4.786604441207052218e+01
4.016813880014009186e+00,4.788502949838439804e+01
4.063115009479060014e+00,4.790380934170195104e+01
4.109896068874283159e+00,4.792237437656432064e+01
4.157157035527713873e+00,4.794071493217097668e+01
4.204897411075587677e+00,4.795882124865712370e+01
4.253116231955796245e+00,4.797668349291638634e+01
4.301812079553595680e+00,4.799429177398208424e+01
4.350983090037501277e+00,4.801163615798044049e+01
4.400626963920131196e+00,4.802870668266791654e+01
4.450740975375741648e+00,4.804549337156483091e+01
4.501321981343481049e+00,4.806198624769626804e+01
4.552366430442829071e+00,4.807817534695146833e+01
4.603870371725443889e+00,4.809405073107145512e+01
4.655829463285408920e+00,4.810960250027471119e+01
4.708238980748006952e+00,4.812482080552978658e+01
4.761093825655285272e+00,4.813969586048353477e+01
4.814388533765016298e+00,4.815421795305258712e+01
4.868117283278144747e+00,4.816837745668579629e+01
4.922273903008379747e+00,4.818216484130437038e+01
4.976851880506288239e+00,4.819557068392622057e+01
5.031844370149036294e+00,4.820858567898063285e+01
5.087244201205815664e+00,4.822120064831860020e+01
5.143043885887964350e+00,4.823340655092427198e+01
5.199235627391809444e+00,4.824519449233206103e+01
5.255811327941418476e+00,4.825655573375400564e+01
5.312762596837600881e+00,4.826748170092135837e+01
5.370080758518737341e+00,4.827796399264429539e+01
5.427756860638336178e+00,4.828799438909300790e+01
5.485781682163536566e+00,4.829756485980360026e+01
5.544145741498204494e+00,4.830666757141155898e+01
5.602839304633649320e+00,4.831529489511544995e+01
5.661852393329552591e+00,4.832343941387350128e+01
5.721174793327115538e+00,4.833109392933500459e+01
5.780796062596050611e+00,4.833825146850893617e+01
5.840705539616611652e+00,4.834490529017130456e+01
5.900892351697416771e+00,4.835104889101326364e+01
5.961345423329526660e+00,4.835667601153135564e+01
6.022053484576843196e+00,4.836178064166127655e+01
6.083005079502600054e+00,4.836635702615664911e+01
6.144188574631447963e+00,4.837039966971379812e+01
6.205592167446291718e+00,4.837390334184364349e+01
6.267203894918860207e+00,4.837686308149180547e+01
6.329011642072727817e+00,4.837927420140765378e+01
6.391003150577234670e+00,4.838113229226333800e+01
6.453166027370651925e+00,4.838243322652331102e+01
6.515487753310606145e+00,4.838317316206524765e+01
6.577955691849783904e+00,4.838334854555301234e+01
6.640557097734564707e+00,4.838295611556213061e+01
6.703279125724262322e+00,4.838199290545851028e+01
6.766108839328397906e+00,4.838045624603086736e+01
6.829033219559347501e+00,4.837834376787745327e+01
6.892039173697593668e+00,4.837565340354750987e+01
6.955113544066630737e+00,4.837238338943798510e+01
7.018243116814633531e+00,4.836853226744600676e+01
7.081414630699673474e+00,4.836409888637757604e+01
7.144614785875432972e+00,4.835908240311285766e+01
7.207830252674091831e+00,4.835348228352876276e+01
7.271047680383131429e+00,4.834729830317907329e+01
7.334253706012668239e+00,4.834053054773265501e+01
7.397434963049891010e+00,4.833317941317032762e+01
7.460578090197176770e+00,4.832524560574084660e+01
7.523669740090345393e+00,4.831673014167630953e+01
7.586696587993558616e+00,4.830763434666793188e+01
7.649645340467290389e+00,4.829795985510223488e+01
7.712502744005818478e+00,4.828770860905854789e+01
7.775255593640652663e+00,4.827688285706817339e+01
7.837890741506291725e+00,4.826548515263587547e+01
7.900395105364784953e+00,4.825351835252423882e+01
7.962755677085445960e+00,4.824098561480142422e+01
8.024959531076254038e+00,4.822789039665300947e+01
8.086993832663289083e+00,4.821423645195846319e+01
8.148845846414811689e+00,4.820002782863281254e+01
8.210502944406377068e+00,4.818526886573416590e+01
8.271952614423662808e+00,4.816996419033765164e+01
8.333182468099508355e+00,4.815411871417639844e+01
8.394180248981882642e+00,4.813773763005011119e+01
8.454933840529468725e+00,4.812082640800178979e+01
8.515431274031598718e+00,4.810339079126325146e+01
8.575660736449480126e+00,4.808543679196984755e+01
8.635610578175500152e+00,4.806697068664497863e+01
8.695269320707744498e+00,4.804799901145483432e+01
8.754625664236703741e+00,4.802852855723376280e+01
8.813668495141454784e+00,4.800856636428073898e+01
8.872386893392588902e+00,4.798811971692712319e+01
8.930770139859268042e+00,4.796719613787612957e+01
8.988807723518004167e+00,4.794580338231401129e+01
9.046489348560786681e+00,4.792394943179326816e+01
9.103804941400438722e+00,4.790164248788776291e+01
9.160744657571083138e+00,4.787889096561960400e+01
9.217298888521943567e+00,4.785570348665788032e+01
9.273458268302702479e+00,4.783208887228856554e+01
9.329213680138991549e+00,4.780805613615537197e+01
9.384556262896648349e+00,4.778361447677088591e+01
9.439477417433677076e+00,4.775877326979716031e+01
9.493968812839039373e+00,4.773354206009484813e+01
9.548022392557676596e+00,4.770793055353975376e+01
9.601630380401376286e+00,4.768194860860522510e+01
9.654785286445445536e+00,4.765560622770917831e+01
9.707479912811367129e+00,4.762891354832336077e+01
9.759707359336031729e+00,4.760188083384317537e+01
9.811461029128411226e+00,4.757451846421534469e+01
9.862734634014932666e+00,4.754683692632075065e+01
9.913522199875227869e+00,4.751884680410926620e+01
9.963818071870321091e+00,4.749055876848322555e+01
1.001361691956582334e+01,4.746198356692543285e+01
1.006291374195315491e+01,4.743313201286748892e+01
1.011170387237240398e+01,4.740401497479370363e+01
1.015998298334091565e+01,4.737464336507505891e+01
1.020774709129243973e+01,4.734502812852764464e+01
1.025499256123227987e+01,4.731518023068895218e+01
1.030171611131455300e+01,4.728511064580501255e+01
1.034791481734863794e+01,4.725483034452081199e+01
1.039358611724250636e+01,4.722435028126540146e+01
1.043872781539178973e+01,4.719368138132265500e+01
1.048333808702427383e+01,4.716283452757768657e+01
1.052741548251067627e+01,4.713182054692805423e+01
1.057095893165382883e+01,4.710065019634824068e+01
1.061396774796947540e+01,4.706933414859436482e+01
1.065644163297359626e+01,4.703788297753586534e+01
1.069838068049247326e+01,4.700630714309891545e+01
1.073978538101355440e+01,4.697461697580603612e+01
1.078065662609692588e+01,4.694282266089453515e+01
1.082099571286933148e+01,4.691093422199541862e+01
1.086080434862475919e+01,4.687896150435301479e+01
1.090008465555817807e+01,4.684691415756434196e+01
1.093883917566156150e+01,4.681480161781524885e+01
1.097707087581430052e+01,4.678263308958963762e+01
1.101478315310336420e+01,4.675041752682567164e+01
1.105197984041196158e+01,4.671816361349196001e+01
1.108866521231945512e+01,4.668587974355443038e+01
1.112484399135949786e+01,4.665357400030336521e+01
1.116052135468799555e+01,4.662125413500810822e+01
1.119570294121775156e+01,4.658892754486518584e+01
1.123039485928224224e+01,4.655660125020413886e+01
1.126460369489730340e+01,4.652428187091332035e+01
1.129833652069634553e+01,4.649197560204672897e+01
1.133160090562235212e+01,4.645968818857123495e+01
1.136440492546824998e+01,4.642742489921231908e+01
1.139675717436651325e+01,4.639519049935546491e+01
1.142866677733899117e+01,4.636298922295978286e+01
1.146014340402916254e+01,4.633082474343962787e+01
1.149119728375134741e+01,4.629870014347093843e+01
1.152183922200499389e+01,4.626661788367922412e+01
1.155208061861708835e+01,4.623457977016838072e+01
1.158193348769210118e+01,4.620258692085195662e+01
1.161141047956702899e+01,4.617063973055270765e+01
1.164052490498862191e+01,4.613873783484179825e+01
1.166929076175180136e+01,4.610688007259660282e+01
1.169772276406162881e+01,4.607506444726583084e+01
1.172583637490715525e+01,4.604328808684346086e+01
1.175364784176333899e+01,4.601154720256872110e+01
1.178117423596766500e+01,4.597983704639006675e+01
1.180843349615070537e+01,4.594815186725529799e+01
1.183544447613515871e+01,4.591648486632179527e+01
1.186222699775520262e+01,4.588482815121791702e+01
1.188880190908784762e+01,4.585317268953342307e+01
1.191519114862952122e+01,4.582150826177282710e+01
1.194141781599427432e+01,4.578982341407346723e+01
1.196750624975400612e+01,4.575810541107205864e+01
1.199348211308502421e+01,4.572634018940206602e+01
1.201937248792778945e+01,4.569451231242152289e+01
1.204520597840618734e+01,4.566260492691166206e+01
1.207101282428650002e+01,4.563059972265342168e+01
1.209682502528177750e+01,4.559847689598662868e+01
1.212267647701977324e+01,4.556621511868983987e+01
1.214860311948761940e+01,4.553379151379354539e+01
1.217464309873645689e+01,4.550118164026029888e+01
1.220083694256632967e+01,4.546835948884044853e+01
1.222722775080489832e+01,4.543529749184635591e+01
1.225386140062938622e+01,4.540196655008873705e+01
1.228078676714331152e+01,4.536833608079297875e+01
1.230805595908753958e+01,4.533437409096433868e+01
1.233572456911407400e+01,4.530004728140436043e+01
1.236385193745167577e+01,4.526532118739609700e+01
1.239250142700896973e+01,4.523016036296915132e+01
1.242174070695297061e+01,4.519452861661645926e+01
1.245164204052164436e+01,4.515838930734343393e+01
1.248228257122623575e+01,4.512170571095423099e+01
1.251374459961694896e+01,4.508444146746762016e+01
1.254611584036666727e+01,4.504656112143663194e+01
1.257948964651798107e+01,4.500803076761719268e+01
1.261396518429505242e+01,4.496881881475732001e+01
1.264964753788104979e+01,4.492889688007815607e+01
1.268664771901508281e+01,4.488824082606454624e+01
1.272508255123683085e+01,4.484683194919195870e+01
1.276507439324723236e+01,4.480465832685445804e+01
1.280675066041611032e+01,4.476171632364104624e+01
1.285024309835305623e+01,4.471801225082640485e+01
1.289568675824994060e+01,4.467356416309175415e+01
1.294321862120107092e+01,4.462840376373224416e+01
1.299297581894484210e+01,4.458257837374573285e+01
1.304509340271426687e+01,4.453615290129722126e+01
1.309970162157870810e+01,4.448921172658341305e+01
1.315692268831813827e+01,4.444186039410569578e+01
1.321686703587374900e+01,4.439422698154114499e+01
1.327962910171360278e+01,4.434646299434378847e+01
1.334528272116141068e+01,4.429874362132327548e+01
1.341387626269766287e+01,4.425126718282844251e+01
1.348542769555724163e+01,4.420425361421616373e+01
1.355991983765877151e+01,4.415794185706447195e+01
1.363729608295999540e+01,4.411258608187554842e+01
1.371745694302213536e+01,4.406845073924205991e+01
1.380025774850533260e+01,4.402580452866054372e+01
1.388550783406135558e+01,4.398491347835329179e+01
1.397297146913546939e+01,4.394603343455248279e+01
1.406237069699226794e+01,4.390940235064010722e+01
1.415339011072180497e+01,4.387523283029228338e+01
1.424568344068507209e+01,4.384370540120657722e+01
1.433888167095209099e+01,4.381496296888850139e+01
1.443260226361569210e+01,4.378910682247699526e+01
1.452645896913501922e+01,4.376619444418390970e+01
1.462007165265438680e+01,4.374623922555235822e+01
1.471307557696247947e+01,4.372921203712226657e+01
1.480512964939229015e+01,4.371504445388744386e+01
1.489592325097112102e+01,4.370363332477489138e+01
1.498518140414307531e+01,4.369484630182994778e+01
1.507266818091212102e+01,4.368852791786608236e+01
1.515818838835533278e+01,4.368450581682436962e+01
1.524158767954116733e+01,4.368259679028157194e+01
1.532275131712675886e+01,4.368261234474503851e+01
1.540160186225857686e+01,4.368436360540273000e+01
1.547809607556959222e+01,4.368766544221605130e+01
1.555222130590484753e+01,4.369233977574693739e+01
1.562399161322080055e+01,4.369821807812385828e+01
1.569344383223196360e+01,4.370514312718179895e+01
1.576063373921377142e+01,4.371297009942556144e+01
1.582563244084668774e+01,4.372156710192349038e+01
1.588852306445290274e+01,4.373081524717071744e+01
1.594939779533624602e+01,4.374060837119557732e+01
1.600835527993072205e+01,4.375085248635526369e+01
1.606549839299923477e+01,4.376146504859493547e+01
1.612093235258227608e+01,4.377237410614855406e+01
1.617476315688026745e+01,4.378351738396705883e+01
1.622709631177802692e+01,4.379484134636589232e+01
1.627803581533451904e+01,4.380630026994194282e+01
1.632768336541857934e+01,4.381785534991253428e+01
1.637613775806286043e+01,4.382947385569332255e+01
1.642349444646771772e+01,4.384112834566124661e+01
1.646984523348302076e+01,4.385279594648433488e+01
1.651527807351327226e+01,4.386445769895563274e+01
1.655987696291080269e+01,4.387609796975549159e+01
1.660372190089941569e+01,4.388770392680562793e+01
1.664688890581935965e+01,4.389926507471193418e+01
1.668945007395917202e+01,4.391077284608360998e+01
1.673147367042469824e+01,4.392222024415101345e+01
1.677302424339396225e+01,4.393360153199063234e+01
1.681416275473435462e+01,4.394491196372950981e+01
1.685494672133911465e+01,4.395614755328700340e+01
1.689543036269857623e+01,4.396730487647355545e+01
1.693566475118602810e+01,4.397838090257390320e+01
1.697569796233380046e+01,4.398937285186984525e+01
1.701557522302689662e+01,4.400027807588973161e+01
1.705533905607098788e+01,4.401109395749629272e+01
1.709502942001897452e+01,4.402181782823301859e+01
1.713468384348193041e+01,4.403244690063814204e+01
1.717433755342140955e+01,4.404297821350137099e+01
1.721402359713318475e+01,4.405340858828094497e+01
1.725377295779782472e+01,4.406373459511733159e+01
1.729361466360055033e+01,4.407395252707652133e+01
1.733357589051835035e+01,4.408405838143018940e+01
1.737368205894312112e+01,4.409404784693541757e+01
1.741395692436003984e+01,4.410391629621307885e+01
1.745442266233522233e+01,4.411365878244433958e+01
1.749509994808905944e+01,4.412327003971018513e+01
1.753600803094392901e+01,4.413274448639091219e+01
1.757716480394048730e+01,4.414207623112297085e+01
1.761858686891557113e+01,4.415125908088037221e+01
1.766028959733020898e+01,4.416028655080876320e+01
1.770228718712814242e+01,4.416915187549294330e+01
1.774459271589471854e+01,4.417784802138405098e+01
1.778721819057466647e+01,4.418636770015264403e+01
1.783017459399421512e+01,4.419470338276720156e+01
1.787347192841997767e+01,4.420284731412787238e+01
1.791711925637354952e+01,4.421079152811017821e+01
1.796112473890746486e+01,4.421852786289517923e+01
1.800549567153501940e+01,4.422604797648180863e+01
1.805023851799388623e+01,4.423334336229275010e+01
1.809535894201118822e+01,4.424040536479951413e+01
1.814086183722594825e+01,4.424722519510399366e+01
1.818675135541408139e+01,4.425379394642399689e+01
1.823303093315017165e+01,4.426010260943908037e+01
1.827970331703092910e+01,4.426614208746038059e+01
1.832677058757559152e+01,4.427190321139429585e+01
1.837423418191014690e+01,4.427737675447566801e+01
1.842209491533402144e+01,4.428255344675026350e+01
1.847035300186047735e+01,4.428742398929060897e+01
1.851900807381481684e+01,4.429197906813217145e+01
1.856805920056819659e+01,4.429620936792011321e+01
1.861750490647858669e+01,4.430010558525862763e+01
1.866734318810496873e+01,4.430365844175734225e+01
1.871757153075562385e+01,4.430685869677045474e+01
1.876818692442651226e+01,4.430969715982612911e+01
1.881918587918144681e+01,4.431216470274426200e+01
1.887056444002142186e+01,4.431425227144196555e+01
1.892231820128685982e+01,4.431595089742705085e+01
1.897444232063285341e+01,4.431725170897969690e+01
1.902693153261439107e+01,4.431814594202396762e+01
1.907978016191536952e+01,4.431862495069031382e+01
1.913298213625248678e+01,4.431868021757094311e+01
1.918653099898260095e+01,4.431830336367035272e+01
1.924041992143962432e+01,4.431748615805273772e+01
1.929464171502490188e+01,4.431622052718908833e+01
1.934918884307299436e+01,4.431449856400596587e+01
1.940405343251280001e+01,4.431231253663857217e+01
1.945922728534232959e+01,4.430965489689045711e+01
1.951470188993376098e+01,4.430651828840225903e+01
1.957046843218383714e+01,4.430289555453187234e+01
1.962651780652350197e+01,4.429877974594834456e+01
1.968284062679905233e+01,4.429416412794179081e+01
1.973942723703620317e+01,4.428904218745148569e+01
1.979626772209721608e+01,4.428340763981433525e+01
1.985335191824012213e+01,4.427725443523569737e+01
1.991066942358837011e+01,4.427057676498474592e+01
1.996820960851805893e+01,4.426336906731595633e+01
2.002596162596934093e+01,4.425562603311894350e+01
2.008391442168765906e+01,4.424734261129825086e+01
2.014205674439980953e+01,4.423851401388472482e+01
2.020037715592923178e+01,4.422913572088030776e+01
2.025886404125425599e+01,4.421920348483780572e+01
2.031750561851244186e+01,4.420871333517713708e+01
2.037628994895370127e+01,4.419766158223953312e+01
2.043520494684436173e+01,4.418604482108123221e+01
2.049423838932381159e+01,4.417385993500802499e+01
2.055337792621511639e+01,4.416110409885207133e+01
2.061261108979037715e+01,4.414777478199228966e+01
2.067192530449142396e+01,4.413386975111966137e+01
2.073130789660601891e+01,4.411938707274875071e+01
2.079074610389938016e+01,4.410432511547675460e+01
2.085022708520070722e+01,4.408868255199133301e+01
2.090973792994390124e+01,4.407245836082842771e+01
2.096926566766158828e+01,4.405565182788139822e+01
2.102879727743125926e+01,4.403826254766272541e+01
2.108831969727218691e+01,4.402029042431954053e+01
2.114781983349134720e+01,4.400173567240412353e+01
2.120728456997680667e+01,4.398259881740083443e+01
2.126670077743648335e+01,4.396288069601066439e+01
2.132605532258016012e+01,4.394258245619457171e+01
2.138533507724261895e+01,4.392170555697718726e+01
2.144452692744544464e+01,4.390025176801198370e+01
2.150361778239500765e+01,4.387822316890925123e+01
2.156259458341400403e+01,4.385562214832847872e+01
2.162144431280399104e+01,4.383245140283620600e+01
2.168015400263590209e+01,4.380871393553098159e+01
2.173871074346587662e+01,4.378441305443674025e+01
2.179710169297336719e+01,4.375955237066612824e+01
2.185531408451852897e+01,4.373413579635514736e+01
2.191333523561590368e+01,4.370816754237071677e+01
2.197115255632117581e+01,4.368165211579258767e+01
2.202875355752804865e+01,4.365459431717125227e+01
2.208612585917182969e+01,4.362699923756325404e+01
2.214325719833678363e+01,4.359887225534567534e+01
2.220013543726383531e+01,4.357021903281119535e+01
2.225674857125553174e+01,4.354104551254550159e+01
2.231308473647491653e+01,4.351135791358864680e+01
2.236913221763520099e+01,4.348116272738184307e+01
2.242487945557691731e+01,4.345046671350159073e+01
2.248031505472935265e+01,4.341927689518266220e+01
2.253542779045307753e+01,4.338760055463152554e+01
2.259020661626037452e+01,4.335544522813207635e+01
2.264464067091043731e+01,4.332281870094509912e+01
2.269871928537613215e+01,4.328972900200334806e+01
2.275243198967934433e+01,4.325618439840363294e+01
2.280576851959176921e+01,4.322219338969775038e+01
2.285871882319818482e+01,4.318776470198364592e+01
2.291127306731926438e+01,4.315290728179855506e+01
2.296342164379098350e+01,4.311763028981551571e+01
2.301515517559780832e+01,4.308194309434477987e+01
2.306646452285690785e+01,4.304585526464154555e+01
2.311734078865065101e+01,4.300937656402142295e+01
2.316777532470480949e+01,4.297251694278484280e+01
2.321775973690981232e+01,4.293528653095174974e+01
2.326728589068271091e+01,4.289769563080763248e+01
2.331634591616740337e+01,4.285975470926197772e+01
2.336493221327086545e+01,4.282147439002010714e+01
2.341303745653316071e+01,4.278286544556918614e+01
2.346065459982925461e+01,4.274393878897908650e+01
2.350777688090058604e+01,4.270470546551871394e+01
2.355439782571458451e+01,4.266517664408808486e+01
2.360051125265043837e+01,4.262536360846654304e+01
2.364611127650957911e+01,4.258527774837687474e+01
2.369119231234931888e+01,4.254493055036547844e+01
2.373574907913854304e+01,4.250433358849784327e+01
2.377977660323417552e+01,4.246349851486898785e+01
2.382327022167759623e+01,4.242243704992775832e+01
2.386622558531013993e+01,4.238116097261382009e+01
2.390863866170722929e+01,4.233968211030587980e+01
2.395050573793065496e+01,4.229801232857931836e+01
2.399182342309893201e+01,4.225616352077085480e+01
2.403258865077579642e+01,4.221414759734791744e+01
2.407279868117720056e+01,4.217197647507937575e+01
2.411245110319742579e+01,4.212966206600448515e+01
2.415154383625517553e+01,4.208721626619576739e+01
2.419007513196091708e+01,4.204465094431157723e+01
2.422804357560701050e+01,4.200197792993315460e+01
2.426544808748246140e+01,4.195920900168054857e+01
2.430228792401479154e+01,4.191635587510097594e+01
2.433856267874153190e+01,4.187343019032275748e+01
2.437427228311471694e+01,4.183044349946690943e+01
2.440941700714196827e+01,4.178740725380779963e+01
2.444399745986847350e+01,4.174433279067341829e+01
2.447801458970466371e+01,4.170123132007486788e+01
2.451146968460507836e+01,4.165811391105364692e+01
2.454436437210465272e+01,4.161499147773416496e+01
2.457670061921936622e+01,4.157187476506799584e+01
2.460848073221914234e+01,4.152877433425492626e+01
2.463970735628166864e+01,4.148570054782452132e+01
2.467038347503714135e+01,4.144266355436081284e+01
2.470051241001459275e+01,4.139967327285086185e+01
2.473009782000233514e+01,4.135673937663646171e+01
2.475914370033580880e+01,4.131387127694672046e+01
2.478765438212818140e+01,4.127107810598698023e+01
2.481563453146035059e+01,4.122836869955821015e+01
2.484308914854912231e+01,4.118575157917818075e+01
2.487002356691432681e+01,4.114323493367422913e+01
2.489644345256789038e+01,4.110082660021458167e+01
2.492235480325056329e+01,4.105853404474290613e+01
2.494776394774478590e+01,4.101636434177805057e+01
2.497267754529523032e+01,4.097432415353836177e+01
2.499710258517237094e+01,4.093241970834656485e+01
2.502104638641802836e+01,4.089065677826873468e+01
2.504451659781639705e+01,4.084904065593693900e+01
2.506752119813897295e+01,4.080757613050248267e+01
2.509006849671702710e+01,4.076626746266249768e+01
2.511216713440163772e+01,4.072511835869955377e+01
2.513382608497772708e+01,4.068413194346980788e+01
2.515505465710650412e+01,4.064331073227167934e+01
2.517586249687875366e+01,4.060265660152315803e+01
2.519625959107128921e+01,4.056217075817176010e+01
2.521625627120901214e+01,4.052185370775802653e+01
2.523586321854722314e+01,4.048170522104899760e+01
2.525509147010167155e+01,4.044172429915564493e+01
2.527395242586890944e+01,4.040190913704458353e+01
2.529245785739555785e+01,4.036225708535231149e+01
2.531061991787398568e+01,4.032276461040849824e+01
2.532845115396193236e+01,4.028342725237372690e+01
2.534596451954684326e+01,4.024423958139827562e+01
2.536317339170105711e+01,4.020519515170960290e+01
2.538009158910237772e+01,4.016628645354123961e+01
2.539673339322630241e+01,4.012750486282173057e+01
2.541311357265093918e+01,4.008884058855227295e+01
2.542924741085495199e+01,4.005028261781554022e+01
2.544515073793133908e+01,4.001181865837628493e+01
2.546083996668772187e+01,3.997343507885942415e+01
2.547633213365530480e+01,3.993511684652226990e+01
2.549164494558630523e+01,3.989684746267879234e+01
2.550679683208096549e+01,3.985860889588496292e+01
2.552180700505302369e+01,3.982038151305822993e+01
2.553669552581427027e+01,3.978214400878457724e+01
2.555148338063594338e+01,3.974387333316523296e+01
2.556619256572545140e+01,3.970554461867629215e+01
2.558084618264071253e+01,3.966713110666290021e+01
2.559546854524978698e+01,3.962860407426986598e+01
2.561008529942745326e+01,3.958993276282819096e+01
2.562472355676030134e+01,3.955108430898014404e+01
2.563941204360290627e+01,3.951202368013972688e+01
2.565418126688344103e+01,3.947271361626162189e+01
2.566906369808987520e+01,3.943311458033763728e+01
2.568409397686655993e+01,3.939318472056680775e+01
2.569930913560207131e+01,3.935287984776443437e+01
2.571474884627489033e+01,3.931215343229792580e+01
2.573045569062075089e+01,3.927095662567333534e+01
2.574647545436764418e+01,3.922923831285794449e+01
2.576285744581547732e+01,3.918694520251503377e+01
2.577965483837576244e+01,3.914402196355332819e+01
2.579692503578182539e+01,3.910041141774762252e+01
2.581473005747211147e+01,3.905605479965613824e+01
2.583313694006907113e+01,3.901089209661316204e+01
2.585221814884826941e+01,3.896486248316020351e+01
2.587205199053256521e+01,3.891790486581733433e+01
2.589272301557189948e+01,3.886995855546996381e+01
2.591432239420242212e+01,3.882096408569287149e+01
2.593694824595961634e+01,3.877086419583100962e+01
2.596070589692520869e+01,3.871960499731640937e+01
2.598570803285120689e+01,3.866713734015897330e+01
2.601207470955158030e+01,3.861341839336279946e+01
2.603993317483794812e+01,3.855841344767448930e+01
2.606941744922970372e+01,3.850209794100284455e+01
2.610066760634618177e+01,3.844445969548729636e+01
2.613382868921328850e+01,3.838550134003357073e+01
2.616904919691228315e+01,3.832524287284881126e+01
2.620647907858408843e+01,3.826372429509303430e+01
2.624626718053407259e+01,3.820100821972609850e+01
2.628855810890937761e+01,3.813718233020180293e+01
2.633348849683942561e+01,3.807236153398692835e+01
2.638118270220936878e+01,3.800668962917065841e+01
2.643174801053588396e+01,3.794034028293057759e+01
2.648526947533983389e+01,3.787351711342209626e+01
2.654180459249904089e+01,3.780645267714513835e+01
2.660137806947279770e+01,3.773940619684109521e+01
2.666397700686040650e+01,3.767265992358768045e+01
2.672954684865430863e+01,3.760651411107659214e+01
2.679798846857430661e+01,3.754128068601500701e+01
2.686915673437390240e+01,3.747727581737669311e+01
2.694286082512757119e+01,3.741481170563112357e+01
2.701886646918730506e+01,3.735418801498517638e+01
2.709690013068301084e+01,3.729568344068508168e+01
2.717665501483968171e+01,3.723954792613660914e+01
2.725779860655323006e+01,3.718599601374973673e+01
2.733998132366127720e+01,3.713520173002876845e+01
2.742284577464662831e+01,3.708729527921860125e+01
2.750603607230953429e+01,3.704236166755320880e+01
2.758920667375663882e+01,3.700044122241533273e+01
2.767203028735529458e+01,3.696153182784620128e+01
2.775420449614200535e+01,3.692559258619891693e+01
2.783545687725605333e+01,3.689254854515291271e+01
2.791554853024484473e+01,3.686229610228556197e+01
2.799427604793709179e+01,3.683470871185701156e+01
2.807147206094263225e+01,3.680964256169160365e+01
2.814700455500848264e+01,3.678694195109039100e+01
2.822077519872477325e+01,3.676644417262298248e+01
2.829271693055540737e+01,3.674798377210131406e+01
2.836279104433729259e+01,3.673139612522950159e+01
2.843098398764481161e+01,3.671652032229022211e+01
2.849730405394694444e+01,3.670320139213765742e+01
2.856177811255820487e+01,3.669129192396704298e+01
2.862444848400059172e+01,3.668065316128690512e+01
2.868537003523661610e+01,3.667115564933467198e+01
2.874460754082124225e+01,3.666267951712567452e+01
2.880223333295235477e+01,3.665511447054865357e+01
2.885832524561453738e+01,3.664835956524500915e+01
2.891296484503850195e+01,3.664232281887823461e+01
2.896623592984720830e+01,3.663692071287525209e+01
2.901822327876369556e+01,3.663207762452800864e+01
2.906901162087150681e+01,3.662772522192530289e+01
2.911868480247448332e+01,3.662380184677851958e+01
2.916732512503293506e+01,3.662025190389219631e+01
2.921501282999717120e+01,3.661702527079414438e+01
2.926182570825956120e+01,3.661407673680132291e+01
2.930783881413688619e+01,3.661136547744288805e+01
2.935312426608199488e+01,3.660885456756746947e+01
2.939775111857758461e+01,3.660651053450308723e+01
2.944178529179931303e+01,3.660430295119849831e+01
2.948528954760021747e+01,3.660220406825252581e+01
2.952832350213873980e+01,3.660018848304270023e+01
2.957094366704074062e+01,3.659823284372260588e+01
2.961320351235565340e+01,3.659631558560678855e+01
2.965515354575029860e+01,3.659441669735350899e+01
2.969684140339558454e+01,3.659251751434999989e+01
2.973831194885964635e+01,3.659060053677062996e+01
2.977960737704342620e+01,3.658864926989311783e+01
2.982076732079846337e+01,3.658664808440239824e+01
2.986182895836844864e+01,3.658458209457361932e+01
2.990282712021043920e+01,3.658243705239448218e+01
2.994379439409147636e+01,3.658019925585688270e+01
2.998476122763412732e+01,3.657785546981195068e+01
3.002575602770927787e+01,3.657539285794010198e+01
3.006680525625603195e+01,3.657279892453501446e+01
3.010793352225331532e+01,3.657006146493711896e+01
3.014916366968316197e+01,3.656716852357766356e+01
3.019051686141575530e+01,3.656410835870892129e+01
3.023201265901667512e+01,3.656086941299981419e+01
3.027366909853050814e+01,3.655744028926930866e+01
3.031550276233542718e+01,3.655380973071385853e+01
3.035752884719286016e+01,3.654996660506012063e+01
3.039976122863763308e+01,3.654589989214064616e+01
3.044221252186775217e+01,3.654159867444977294e+01
3.048489413930182224e+01,3.653705213028936782e+01
3.052781634497651098e+01,3.653224952916088597e+01
3.057098830595716166e+01,3.652718022910110562e+01
3.061441814093353386e+01,3.652183367569556793e+01
3.065811296616883652e+01,3.651619940253570462e+01
3.070207893896543183e+01,3.651026703291370268e+01
3.074632129880476938e+01,3.650402628257457138e+01
3.079084440631219621e+01,3.649746696336622875e+01
3.083565178019059161e+01,3.649057898764812080e+01
3.088074613225916210e+01,3.648335237333552783e+01
3.092612940072629968e+01,3.647577724947200295e+01
3.097180278181846447e+01,3.646784386223500007e+01
3.101776675987921550e+01,3.645954258129165737e+01
3.106402113604576698e+01,3.645086390643169239e+01
3.111056505560377161e+01,3.644179847441308340e+01
3.115739703411402317e+01,3.643233706596434018e+01
3.120451498239897248e+01,3.642247061289373278e+01
3.125191623047068035e+01,3.641219020526192196e+01
3.129959755047642034e+01,3.640148709858001297e+01
3.134755517873262320e+01,3.639035272099917506e+01
3.139578483691289890e+01,3.637877868046270180e+01
3.144428175245129609e+01,3.636675677179425037e+01
3.149304067821729447e+01,3.635427898369994182e+01
3.154205591151493948e+01,3.634133750566402909e+01
3.159132131245491593e+01,3.632792473472092354e+01
3.164083032174416843e+01,3.631403328208801895e+01
3.169057597793491610e+01,3.629965597964603319e+01
3.174055093417132056e+01,3.628478588625490175e+01
3.179074747446917115e+01,3.626941629389510524e+01
3.184115752956147816e+01,3.625354073362515805e+01
3.189177269233990941e+01,3.623715298134765561e+01
3.194258423291989146e+01,3.622024706337676037e+01
3.199358311335502947e+01,3.620281726180119364e+01
3.204476000202405572e+01,3.618485811963775234e+01
3.209610528771210625e+01,3.616636444577041942e+01
3.214760909340599682e+01,3.614733131967155799e+01
3.219926128982153557e+01,3.612775409590167897e+01
3.225105150867955217e+01,3.610762840838492593e+01
3.230296915574569283e+01,3.608695017445788977e+01
3.235500342364779414e+01,3.606571559868966403e+01
3.240714330448340519e+01,3.604392117647153526e+01
3.245937760222881963e+01,3.602156369737480190e+01
3.251169494495997725e+01,3.599864024827573417e+01
3.256408379689450072e+01,3.597514821624675108e+01
3.261653247026335833e+01,3.595108529121311847e+01
3.266902913701959932e+01,3.592644946837498310e+01
3.272156184039093318e+01,3.590123905039413188e+01
3.277411850628218559e+01,3.587545264934584566e+01
3.282668695453283192e+01,3.584908918843546388e+01
3.287925491003431233e+01,3.582214790348035649e+01
3.293181001371119976e+01,3.579462834415727457e+01
3.298433983336975217e+01,3.576653037501585430e+01
3.303683187441660607e+01,3.573785417625875027e+01
3.308927359045051730e+01,3.570860024428912283e+01
3.314165239372878347e+01,3.567876939202628250e+01
3.319395566551029475e+01,3.564836274899049329e+01
3.324617076627623646e+01,3.561738176115788690e+01
3.329828504582965110e+01,3.558582819058656099e+01
3.335028585327405182e+01,3.555370411481505499e+01
3.340216054687171265e+01,3.552101192603453939e+01
3.345389650378138668e+01,3.548775433003596191e+01
3.350548112967530301e+01,3.545393434493360019e+01
3.355690186823485988e+01,3.541955529966653415e+01
3.360814621052433893e+01,3.538462083227956612e+01
3.365920170424166713e+01,3.534913488798520120e+01
3.371005596284506112e+01,3.531310171700845757e+01
3.376069667455443124e+01,3.527652587221614766e+01
3.381111161122578324e+01,3.523941220653258455e+01
3.386128863709733849e+01,3.520176587014337599e+01
3.391121571740543317e+01,3.516359230748956577e+01
3.396088092686841264e+01,3.512489725405381336e+01
3.401027245803662424e+01,3.508568673294075069e+01
3.405937862950631256e+01,3.504596705125374712e+01
3.410818789399542084e+01,3.500574479627002944e+01
3.415668884627899615e+01,3.496502683141650891e+01
3.420487023098193902e+01,3.492382029204845395e+01
3.425272095022679508e+01,3.488213258103334624e+01
3.430023007113405953e+01,3.483997136414232898e+01
3.434738683317272745e+01,3.479734456525134334e+01
3.439418065535846836e+01,3.475426036135471008e+01
3.444060114329701605e+01,3.471072717739334479e+01
3.448663809607018749e+01,3.466675368090015041e+01
3.453228151296197268e+01,3.462234877646502440e+01
3.457752160002217323e+01,3.457752160002217323e+01
3.462234877646503151e+01,3.453228151296195847e+01
3.466675368090015041e+01,3.448663809607018749e+01
3.471072717739334479e+01,3.444060114329701605e+01
3.475426036135470298e+01,3.439418065535846836e+01
3.479734456525134334e+01,3.434738683317272745e+01
3.483997136414232898e+01,3.430023007113405953e+01
3.488213258103334624e+01,3.425272095022679508e+01
3.492382029204845395e+01,3.420487023098193902e+01
3.496502683141650891e+01,3.415668884627898905e+01
3.500574479627003655e+01,3.410818789399542084e+01
3.504596705125374712e+01,3.405937862950631256e+01
3.508568673294074358e+01,3.401027245803663135e+01
3.512489725405381336e+01,3.396088092686841975e+01
3.516359230748956577e+01,3.391121571740543317e+01
3.520176587014336178e+01,3.386128863709734560e+01
3.523941220653258455e+01,3.381111161122578324e+01
3.527652587221614766e+01,3.376069667455443124e+01
3.531310171700845046e+01,3.371005596284506822e+01
3.534913488798520120e+01,3.365920170424165292e+01
3.538462083227955901e+01,3.360814621052434603e+01
3.541955529966654126e+01,3.355690186823486698e+01
3.545393434493360019e+01,3.350548112967530301e+01
3.548775433003596191e+01,3.345389650378139379e+01
3.552101192603453228e+01,3.340216054687171265e+01
3.555370411481505499e+01,3.335028585327405892e+01
3.558582819058656099e+01,3.329828504582965110e+01
3.561738176115789400e+01,3.324617076627623646e+01
3.564836274899049329e+01,3.319395566551030186e+01
3.567876939202628250e+01,3.314165239372879768e+01
3.570860024428912283e+01,3.308927359045052441e+01
3.573785417625875027e+01,3.303683187441661318e+01
3.576653037501585430e+01,3.298433983336975217e+01
3.579462834415726746e+01,3.293181001371121397e+01
3.582214790348035649e+01,3.287925491003431233e+01
3.584908918843546388e+01,3.282668695453283192e+01
3.587545264934584566e+01,3.277411850628218559e+01
3.590123905039413188e+01,3.272156184039092608e+01
3.592644946837497599e+01,3.266902913701959932e+01
3.595108529121311847e+01,3.261653247026335833e+01
3.597514821624675108e+01,3.256408379689450072e+01
3.599864024827573417e+01,3.251169494495997725e+01
3.602156369737480190e+01,3.245937760222881963e+01
3.604392117647152816e+01,3.240714330448341229e+01
3.606571559868966403e+01,3.235500342364779414e+01
3.608695017445788977e+01,3.230296915574569283e+01
3.610762840838492593e+01,3.225105150867955928e+01
3.612775409590167897e+01,3.219926128982153557e+01
3.614733131967155799e+01,3.214760909340599682e+01
3.616636444577041942e+01,3.209610528771210625e+01
3.618485811963775234e+01,3.204476000202405572e+01
3.620281726180118653e+01,3.199358311335503657e+01
3.622024706337674615e+01,3.194258423291989502e+01
3.623715298134766982e+01,3.189177269233990231e+01
3.625354073362515095e+01,3.184115752956148171e+01
3.626941629389510524e+01,3.179074747446917115e+01
3.628478588625490175e+01,3.174055093417132056e+01
3.629965597964603319e+01,3.169057597793492675e+01
3.631403328208801895e+01,3.164083032174416132e+01
3.632792473472091643e+01,3.159132131245491948e+01
3.634133750566402909e+01,3.154205591151494659e+01
3.635427898369994892e+01,3.149304067821729092e+01
3.636675677179425747e+01,3.144428175245130319e+01
3.637877868046269469e+01,3.139578483691289890e+01
3.639035272099917506e+01,3.134755517873262676e+01
3.640148709858000586e+01,3.129959755047642389e+01
3.641219020526192196e+01,3.125191623047067679e+01
3.642247061289373278e+01,3.120451498239897603e+01
3.643233706596434729e+01,3.115739703411402672e+01
3.644179847441307629e+01,3.111056505560377161e+01
3.645086390643169239e+01,3.106402113604576698e+01
3.645954258129166448e+01,3.101776675987921550e+01
3.646784386223500718e+01,3.097180278181846802e+01
3.647577724947201006e+01,3.092612940072629257e+01
3.648335237333552783e+01,3.088074613225915854e+01
3.649057898764811370e+01,3.083565178019060227e+01
3.649746696336623586e+01,3.079084440631219621e+01
3.650402628257456428e+01,3.074632129880476938e+01
3.651026703291369557e+01,3.070207893896542828e+01
3.651619940253570462e+01,3.065811296616883652e+01
3.652183367569557504e+01,3.061441814093353742e+01
3.652718022910110562e+01,3.057098830595716166e+01
3.653224952916087886e+01,3.052781634497651098e+01
3.653705213028938203e+01,3.048489413930182934e+01
3.654159867444977294e+01,3.044221252186774151e+01
3.654589989214064616e+01,3.039976122863763663e+01
3.654996660506011352e+01,3.035752884719286016e+01
3.655380973071385853e+01,3.031550276233542718e+01
3.655744028926931577e+01,3.027366909853050814e+01
3.656086941299982129e+01,3.023201265901667512e+01
3.656410835870892129e+01,3.019051686141575530e+01
3.656716852357766356e+01,3.014916366968316552e+01
3.657006146493712606e+01,3.010793352225331887e+01
3.657279892453502157e+01,3.006680525625603195e+01
3.657539285794010198e+01,3.002575602770927787e+01
3.657785546981195068e+01,2.998476122763413088e+01
3.658019925585688270e+01,2.994379439409148347e+01
3.658243705239447507e+01,2.990282712021044631e+01
3.658458209457361932e+01,2.986182895836844864e+01
3.658664808440240535e+01,2.982076732079845982e+01
3.658864926989311783e+01,2.977960737704342620e+01
3.659060053677061575e+01,2.973831194885964635e+01
3.659251751434999278e+01,2.969684140339558454e+01
3.659441669735350189e+01,2.965515354575029860e+01
3.659631558560678855e+01,2.961320351235564985e+01
3.659823284372260588e+01,2.957094366704074062e+01
3.660018848304270023e+01,2.952832350213874335e+01
3.660220406825252581e+01,2.948528954760021747e+01
3.660430295119849120e+01,2.944178529179931303e+01
3.660651053450308012e+01,2.939775111857758461e+01
3.660885456756746947e+01,2.935312426608200198e+01
3.661136547744288805e+01,2.930783881413688619e+01
3.661407673680133001e+01,2.926182570825956120e+01
3.661702527079414438e+01,2.921501282999717120e+01
3.662025190389219631e+01,2.916732512503293506e+01
3.662380184677851958e+01,2.911868480247447977e+01
3.662772522192529578e+01,2.906901162087151036e+01
3.663207762452800864e+01,2.901822327876369556e+01
3.663692071287526630e+01,2.896623592984721185e+01
3.664232281887822751e+01,2.891296484503850905e+01
3.664835956524500205e+01,2.885832524561454093e+01
3.665511447054865357e+01,2.880223333295235832e+01
3.666267951712568163e+01,2.874460754082124225e+01
3.667115564933467908e+01,2.868537003523661610e+01
3.668065316128689801e+01,2.862444848400059527e+01
3.669129192396703587e+01,2.856177811255819421e+01
3.670320139213765742e+01,2.849730405394694088e+01
3.671652032229022211e+01,2.843098398764480805e+01
3.673139612522950159e+01,2.836279104433729970e+01
3.674798377210131406e+01,2.829271693055541093e+01
3.676644417262298958e+01,2.822077519872476969e+01
3.678694195109038390e+01,2.814700455500848975e+01
3.680964256169160365e+01,2.807147206094263581e+01
3.683470871185701156e+01,2.799427604793709534e+01
3.686229610228556197e+01,2.791554853024484828e+01
3.689254854515291271e+01,2.783545687725604978e+01
3.692559258619891693e+01,2.775420449614200891e+01
3.696153182784620128e+01,2.767203028735530168e+01
3.700044122241533273e+01,2.758920667375663172e+01
3.704236166755320880e+01,2.750603607230953784e+01
3.708729527921860125e+01,2.742284577464663187e+01
3.713520173002875424e+01,2.733998132366127720e+01
3.718599601374972963e+01,2.725779860655323716e+01
3.723954792613661624e+01,2.717665501483967105e+01
3.729568344068507457e+01,2.709690013068301795e+01
3.735418801498516927e+01,2.701886646918730150e+01
3.741481170563112357e+01,2.694286082512757829e+01
3.747727581737668601e+01,2.686915673437391305e+01
3.754128068601500701e+01,2.679798846857430661e+01
3.760651411107659214e+01,2.672954684865431574e+01
3.767265992358767335e+01,2.666397700686041006e+01
3.773940619684108810e+01,2.660137806947280126e+01
3.780645267714513835e+01,2.654180459249904445e+01
3.787351711342209626e+01,2.648526947533983389e+01
3.794034028293057759e+01,2.643174801053588752e+01
3.800668962917065841e+01,2.638118270220937589e+01
3.807236153398692835e+01,2.633348849683942561e+01
3.813718233020180293e+01,2.628855810890938116e+01
3.820100821972609850e+01,2.624626718053407615e+01
3.826372429509302719e+01,2.620647907858409553e+01
3.832524287284881126e+01,2.616904919691228315e+01
3.838550134003357073e+01,2.613382868921329205e+01
3.844445969548729636e+01,2.610066760634618177e+01
3.850209794100285166e+01,2.606941744922970372e+01
3.855841344767448220e+01,2.603993317483795522e+01
3.861341839336279236e+01,2.601207470955158030e+01
3.866713734015898041e+01,2.598570803285120334e+01
3.871960499731640226e+01,2.596070589692521224e+01
3.877086419583100962e+01,2.593694824595960924e+01
3.882096408569286439e+01,2.591432239420242567e+01
3.886995855546996381e+01,2.589272301557190659e+01
3.891790486581734143e+01,2.587205199053256877e+01
3.896486248316020351e+01,2.585221814884828007e+01
3.901089209661316204e+01,2.583313694006906758e+01
3.905605479965614535e+01,2.581473005747210436e+01
3.910041141774762252e+01,2.579692503578182894e+01
3.914402196355332819e+01,2.577965483837575178e+01
3.918694520251502666e+01,2.576285744581547732e+01
3.922923831285794449e+01,2.574647545436764418e+01
3.927095662567334955e+01,2.573045569062074733e+01
3.931215343229792580e+01,2.571474884627489388e+01
3.935287984776443437e+01,2.569930913560206420e+01
3.939318472056680775e+01,2.568409397686655637e+01
3.943311458033763728e+01,2.566906369808988231e+01
3.947271361626162900e+01,2.565418126688344458e+01
3.951202368013971977e+01,2.563941204360290271e+01
3.955108430898015115e+01,2.562472355676030489e+01
3.958993276282819096e+01,2.561008529942745326e+01
3.962860407426985887e+01,2.559546854524978698e+01
3.966713110666290731e+01,2.558084618264071253e+01
3.970554461867628504e+01,2.556619256572545140e+01
3.974387333316523296e+01,2.555148338063593982e+01
3.978214400878458434e+01,2.553669552581427382e+01
3.982038151305822993e+01,2.552180700505303435e+01
3.985860889588496292e+01,2.550679683208096904e+01
3.989684746267879234e+01,2.549164494558630523e+01
3.993511684652226990e+01,2.547633213365530125e+01
3.997343507885943126e+01,2.546083996668772187e+01
4.001181865837629203e+01,2.544515073793134263e+01
4.005028261781553311e+01,2.542924741085494844e+01
4.008884058855228005e+01,2.541311357265094273e+01
4.012750486282174478e+01,2.539673339322629175e+01
4.016628645354123961e+01,2.538009158910237772e+01
4.020519515170960290e+01,2.536317339170105356e+01
4.024423958139826851e+01,2.534596451954685037e+01
4.028342725237373401e+01,2.532845115396193592e+01
4.032276461040849114e+01,2.531061991787398568e+01
4.036225708535231860e+01,2.529245785739556140e+01
4.040190913704459064e+01,2.527395242586890589e+01
4.044172429915564493e+01,2.525509147010167865e+01
4.048170522104899760e+01,2.523586321854722669e+01
4.052185370775801943e+01,2.521625627120901214e+01
4.056217075817176010e+01,2.519625959107128921e+01
4.060265660152315803e+01,2.517586249687875721e+01
4.064331073227167224e+01,2.515505465710650412e+01
4.068413194346980077e+01,2.513382608497773063e+01
4.072511835869954666e+01,2.511216713440164128e+01
4.076626746266248347e+01,2.509006849671703776e+01
4.080757613050248267e+01,2.506752119813897295e+01
4.084904065593693190e+01,2.504451659781639705e+01
4.089065677826873468e+01,2.502104638641803547e+01
4.093241970834656485e+01,2.499710258517237449e+01
4.097432415353835466e+01,2.497267754529522676e+01
4.101636434177805057e+01,2.494776394774478234e+01
4.105853404474290613e+01,2.492235480325056329e+01
4.110082660021458167e+01,2.489644345256788327e+01
4.114323493367422913e+01,2.487002356691432681e+01
4.118575157917817364e+01,2.484308914854912587e+01
4.122836869955821015e+01,2.481563453146035059e+01
4.127107810598697313e+01,2.478765438212818140e+01
4.131387127694672046e+01,2.475914370033581235e+01
4.135673937663646882e+01,2.473009782000233514e+01
4.139967327285085474e+01,2.470051241001459630e+01
4.144266355436080573e+01,2.467038347503714490e+01
4.148570054782452132e+01,2.463970735628166864e+01
4.152877433425492626e+01,2.460848073221913523e+01
4.157187476506799584e+01,2.457670061921936622e+01
4.161499147773416496e+01,2.454436437210464561e+01
4.165811391105365402e+01,2.451146968460507836e+01
4.170123132007487499e+01,2.447801458970466726e+01
4.174433279067341118e+01,2.444399745986848060e+01
4.178740725380779963e+01,2.440941700714196827e+01
4.183044349946690943e+01,2.437427228311472049e+01
4.187343019032275748e+01,2.433856267874153545e+01
4.191635587510097594e+01,2.430228792401478799e+01
4.195920900168054857e+01,2.426544808748246140e+01
4.200197792993316170e+01,2.422804357560700694e+01
4.204465094431157723e+01,2.419007513196092063e+01
4.208721626619576739e+01,2.415154383625517198e+01
4.212966206600448515e+01,2.411245110319742579e+01
4.217197647507937575e+01,2.407279868117720056e+01
4.221414759734792455e+01,2.403258865077579287e+01
4.225616352077085480e+01,2.399182342309893556e+01
4.229801232857930415e+01,2.395050573793066206e+01
4.233968211030587980e+01,2.390863866170722574e+01
4.238116097261381299e+01,2.386622558531013993e+01
4.242243704992775832e+01,2.382327022167759623e+01
4.246349851486899496e+01,2.377977660323417908e+01
4.250433358849783616e+01,2.373574907913854304e+01
4.254493055036547133e+01,2.369119231234932244e+01
4.258527774837688895e+01,2.364611127650957201e+01
4.262536360846654304e+01,2.360051125265043837e+01
4.266517664408808486e+01,2.355439782571458096e+01
4.270470546551869973e+01,2.350777688090059314e+01
4.274393878897907939e+01,2.346065459982925816e+01
4.278286544556917903e+01,2.341303745653316071e+01
4.282147439002010714e+01,2.336493221327086900e+01
4.285975470926197772e+01,2.331634591616740337e+01
4.289769563080763248e+01,2.326728589068271091e+01
4.293528653095174974e+01,2.321775973690981587e+01
4.297251694278484280e+01,2.316777532470480594e+01
4.300937656402142295e+01,2.311734078865065101e+01
4.304585526464153844e+01,2.306646452285690785e+01
4.308194309434477987e+01,2.301515517559780122e+01
4.311763028981551571e+01,2.296342164379098350e+01
4.315290728179854796e+01,2.291127306731926794e+01
4.318776470198363882e+01,2.285871882319818837e+01
4.322219338969775748e+01,2.280576851959176565e+01
4.325618439840364005e+01,2.275243198967934788e+01
4.328972900200334095e+01,2.269871928537613925e+01
4.332281870094509912e+01,2.264464067091043376e+01
4.335544522813207635e+01,2.259020661626037807e+01
4.338760055463152554e+01,2.253542779045307753e+01
4.341927689518266220e+01,2.248031505472934910e+01
4.345046671350159784e+01,2.242487945557692086e+01
4.348116272738183596e+01,2.236913221763520809e+01
4.351135791358864680e+01,2.231308473647492363e+01
4.354104551254550159e+01,2.225674857125553174e+01
4.357021903281118114e+01,2.220013543726383887e+01
4.359887225534566824e+01,2.214325719833678718e+01
4.362699923756325404e+01,2.208612585917182614e+01
4.365459431717124517e+01,2.202875355752804865e+01
4.368165211579258056e+01,2.197115255632118291e+01
4.370816754237071677e+01,2.191333523561589658e+01
4.373413579635514736e+01,2.185531408451852897e+01
4.375955237066612824e+01,2.179710169297337075e+01
4.378441305443674736e+01,2.173871074346587307e+01
4.380871393553098159e+01,2.168015400263590209e+01
4.383245140283620600e+01,2.162144431280399104e+01
4.385562214832847872e+01,2.156259458341401114e+01
4.387822316890925833e+01,2.150361778239500410e+01
4.390025176801198370e+01,2.144452692744545175e+01
4.392170555697718726e+01,2.138533507724262606e+01
4.394258245619457171e+01,2.132605532258015302e+01
4.396288069601066439e+01,2.126670077743648690e+01
4.398259881740083443e+01,2.120728456997681022e+01
4.400173567240412353e+01,2.114781983349134720e+01
4.402029042431954053e+01,2.108831969727218691e+01
4.403826254766272541e+01,2.102879727743126637e+01
4.405565182788139822e+01,2.096926566766158118e+01
4.407245836082842771e+01,2.090973792994389768e+01
4.408868255199133301e+01,2.085022708520071077e+01
4.410432511547674750e+01,2.079074610389938726e+01
4.411938707274875071e+01,2.073130789660601536e+01
4.413386975111966137e+01,2.067192530449142751e+01
4.414777478199228966e+01,2.061261108979038426e+01
4.416110409885207133e+01,2.055337792621511284e+01
4.417385993500802499e+01,2.049423838932381159e+01
4.418604482108123221e+01,2.043520494684435818e+01
4.419766158223954022e+01,2.037628994895369772e+01
4.420871333517713708e+01,2.031750561851244186e+01
4.421920348483780572e+01,2.025886404125425599e+01
4.422913572088030065e+01,2.020037715592922822e+01
4.423851401388472482e+01,2.014205674439980953e+01
4.424734261129825796e+01,2.008391442168766616e+01
4.425562603311895060e+01,2.002596162596935159e+01
4.426336906731594922e+01,1.996820960851805893e+01
4.427057676498474592e+01,1.991066942358837011e+01
4.427725443523570448e+01,1.985335191824012924e+01
4.428340763981433525e+01,1.979626772209721608e+01
4.428904218745148569e+01,1.973942723703620672e+01
4.429416412794179081e+01,1.968284062679905588e+01
4.429877974594834456e+01,1.962651780652350197e+01
4.430289555453187234e+01,1.957046843218383714e+01
4.430651828840225903e+01,1.951470188993376098e+01
4.430965489689045711e+01,1.945922728534234025e+01
4.431231253663857217e+01,1.940405343251279646e+01
4.431449856400597298e+01,1.934918884307299436e+01
4.431622052718909544e+01,1.929464171502490544e+01
4.431748615805273772e+01,1.924041992143961721e+01
4.431830336367035272e+01,1.918653099898260095e+01
4.431868021757094311e+01,1.913298213625249033e+01
4.431862495069030672e+01,1.907978016191536597e+01
4.431814594202396762e+01,1.902693153261439463e+01
4.431725170897969690e+01,1.897444232063285696e+01
4.431595089742705085e+01,1.892231820128685271e+01
4.431425227144196555e+01,1.887056444002142186e+01
4.431216470274426200e+01,1.881918587918145036e+01
4.430969715982613621e+01,1.876818692442651582e+01
4.430685869677045474e+01,1.871757153075562030e+01
4.430365844175734225e+01,1.866734318810497584e+01
4.430010558525862763e+01,1.861750490647858669e+01
4.429620936792011321e+01,1.856805920056819303e+01
4.429197906813216434e+01,1.851900807381481684e+01
4.428742398929060187e+01,1.847035300186048445e+01
4.428255344675026350e+01,1.842209491533402144e+01
4.427737675447566801e+01,1.837423418191014335e+01
4.427190321139429585e+01,1.832677058757559507e+01
4.426614208746038059e+01,1.827970331703092555e+01
4.426010260943908747e+01,1.823303093315017165e+01
4.425379394642399689e+01,1.818675135541408494e+01
4.424722519510399366e+01,1.814086183722595536e+01
4.424040536479952124e+01,1.809535894201118822e+01
4.423334336229275010e+01,1.805023851799388979e+01
4.422604797648180153e+01,1.800549567153501940e+01
4.421852786289517212e+01,1.796112473890746131e+01
4.421079152811017110e+01,1.791711925637354952e+01
4.420284731412787238e+01,1.787347192841997767e+01
4.419470338276720156e+01,1.783017459399421156e+01
4.418636770015264403e+01,1.778721819057466647e+01
4.417784802138405098e+01,1.774459271589472564e+01
4.416915187549293620e+01,1.770228718712814953e+01
4.416028655080876320e+01,1.766028959733020898e+01
4.415125908088037221e+01,1.761858686891556758e+01
4.414207623112297085e+01,1.757716480394049086e+01
4.413274448639091929e+01,1.753600803094392901e+01
4.412327003971018513e+01,1.749509994808906299e+01
4.411365878244433247e+01,1.745442266233522943e+01
4.410391629621307885e+01,1.741395692436003984e+01
4.409404784693541757e+01,1.737368205894312467e+01
4.408405838143018229e+01,1.733357589051835390e+01
4.407395252707652133e+01,1.729361466360054678e+01
4.406373459511733159e+01,1.725377295779782472e+01
4.405340858828094497e+01,1.721402359713318120e+01
4.404297821350137809e+01,1.717433755342140955e+01
4.403244690063814204e+01,1.713468384348193041e+01
4.402181782823302569e+01,1.709502942001897807e+01
4.401109395749629982e+01,1.705533905607099143e+01
4.400027807588973161e+01,1.701557522302689307e+01
4.398937285186984525e+01,1.697569796233380046e+01
4.397838090257390320e+01,1.693566475118603165e+01
4.396730487647354835e+01,1.689543036269857623e+01
4.395614755328700340e+01,1.685494672133911465e+01
4.394491196372950981e+01,1.681416275473435817e+01
4.393360153199062523e+01,1.677302424339395870e+01
4.392222024415102055e+01,1.673147367042469824e+01
4.391077284608360998e+01,1.668945007395916846e+01
4.389926507471193418e+01,1.664688890581936320e+01
4.388770392680562082e+01,1.660372190089941569e+01
4.387609796975548448e+01,1.655987696291080269e+01
4.386445769895563274e+01,1.651527807351327937e+01
4.385279594648432777e+01,1.646984523348302076e+01
4.384112834566125372e+01,1.642349444646771772e+01
4.382947385569332255e+01,1.637613775806286398e+01
4.381785534991253428e+01,1.632768336541857934e+01
4.380630026994194282e+01,1.627803581533451904e+01
4.379484134636589232e+01,1.622709631177802692e+01
4.378351738396705883e+01,1.617476315688027100e+01
4.377237410614855406e+01,1.612093235258227608e+01
4.376146504859493547e+01,1.606549839299923477e+01
4.375085248635526369e+01,1.600835527993072560e+01
4.374060837119557732e+01,1.594939779533624424e+01
4.373081524717071034e+01,1.588852306445290452e+01
4.372156710192349749e+01,1.582563244084669662e+01
4.371297009942556144e+01,1.576063373921376609e+01
4.370514312718179895e+01,1.569344383223196537e+01
4.369821807812385828e+01,1.562399161322080765e+01
4.369233977574693029e+01,1.555222130590484575e+01
4.368766544221605841e+01,1.547809607556959222e+01
4.368436360540273000e+01,1.540160186225858396e+01
4.368261234474503851e+01,1.532275131712677307e+01
4.368259679028157905e+01,1.524158767954116200e+01
4.368450581682436962e+01,1.515818838835533811e+01
4.368852791786608236e+01,1.507266818091213523e+01
4.369484630182994778e+01,1.498518140414306643e+01
4.370363332477489138e+01,1.489592325097112102e+01
4.371504445388743676e+01,1.480512964939230258e+01
4.372921203712226657e+01,1.471307557696247414e+01
4.374623922555235822e+01,1.462007165265438502e+01
4.376619444418390970e+01,1.452645896913502455e+01
4.378910682247699526e+01,1.443260226361568144e+01
4.381496296888850139e+01,1.433888167095208921e+01
4.384370540120657722e+01,1.424568344068508097e+01
4.387523283029228338e+01,1.415339011072181563e+01
4.390940235064010722e+01,1.406237069699226261e+01
4.394603343455248279e+01,1.397297146913547294e+01
4.398491347835329179e+01,1.388550783406136446e+01
4.402580452866054372e+01,1.380025774850532549e+01
4.406845073924205991e+01,1.371745694302213536e+01
4.411258608187554842e+01,1.363729608296000073e+01
4.415794185706447195e+01,1.355991983765876974e+01
4.420425361421616373e+01,1.348542769555723631e+01
4.425126718282843541e+01,1.341387626269766287e+01
4.429874362132326837e+01,1.334528272116141778e+01
4.434646299434378847e+01,1.327962910171359923e+01
4.439422698154114499e+01,1.321686703587375078e+01
4.444186039410569578e+01,1.315692268831814715e+01
4.448921172658341305e+01,1.309970162157871165e+01
4.453615290129722126e+01,1.304509340271426154e+01
4.458257837374573285e+01,1.299297581894484566e+01
4.462840376373225126e+01,1.294321862120107092e+01
4.467356416309175415e+01,1.289568675824994415e+01
4.471801225082639775e+01,1.285024309835305445e+01
4.476171632364103914e+01,1.280675066041610854e+01
4.480465832685445093e+01,1.276507439324723236e+01
4.484683194919195870e+01,1.272508255123683441e+01
4.488824082606454624e+01,1.268664771901508637e+01
4.492889688007816318e+01,1.264964753788104979e+01
4.496881881475732001e+01,1.261396518429505953e+01
4.500803076761718557e+01,1.257948964651798462e+01
4.504656112143663194e+01,1.254611584036666372e+01
4.508444146746762016e+01,1.251374459961694896e+01
4.512170571095423099e+01,1.248228257122624107e+01
4.515838930734344103e+01,1.245164204052164614e+01
4.519452861661645215e+01,1.242174070695296528e+01
4.523016036296915132e+01,1.239250142700896795e+01
4.526532118739609700e+01,1.236385193745167221e+01
4.530004728140436043e+01,1.233572456911407222e+01
4.533437409096434578e+01,1.230805595908754313e+01
4.536833608079297875e+01,1.228078676714332218e+01
4.540196655008873705e+01,1.225386140062938800e+01
4.543529749184635591e+01,1.222722775080489654e+01
4.546835948884045564e+01,1.220083694256633144e+01
4.550118164026029177e+01,1.217464309873645689e+01
4.553379151379354539e+01,1.214860311948762117e+01
4.556621511868983987e+01,1.212267647701977324e+01
4.559847689598662868e+01,1.209682502528177039e+01
4.563059972265342878e+01,1.207101282428649647e+01
4.566260492691165496e+01,1.204520597840618734e+01
4.569451231242152289e+01,1.201937248792779656e+01
4.572634018940206602e+01,1.199348211308502421e+01
4.575810541107205864e+01,1.196750624975401145e+01
4.578982341407346013e+01,1.194141781599427432e+01
4.582150826177283420e+01,1.191519114862951945e+01
4.585317268953342307e+01,1.188880190908784940e+01
4.588482815121791702e+01,1.186222699775520617e+01
4.591648486632179527e+01,1.183544447613516049e+01
4.594815186725529088e+01,1.180843349615070181e+01
4.597983704639005964e+01,1.178117423596766677e+01
4.601154720256872821e+01,1.175364784176333721e+01
4.604328808684346086e+01,1.172583637490715347e+01
4.607506444726583084e+01,1.169772276406163236e+01
4.610688007259660282e+01,1.166929076175180668e+01
4.613873783484179825e+01,1.164052490498862547e+01
4.617063973055270765e+01,1.161141047956702899e+01
4.620258692085194951e+01,1.158193348769210473e+01
4.623457977016837361e+01,1.155208061861708480e+01
4.626661788367922412e+01,1.152183922200499566e+01
4.629870014347093132e+01,1.149119728375134919e+01
4.633082474343962787e+01,1.146014340402915899e+01
4.636298922295978286e+01,1.142866677733898939e+01
4.639519049935547201e+01,1.139675717436651503e+01
4.642742489921231908e+01,1.136440492546824643e+01
4.645968818857123495e+01,1.133160090562235389e+01
4.649197560204672186e+01,1.129833652069634908e+01
4.652428187091331324e+01,1.126460369489730518e+01
4.655660125020413886e+01,1.123039485928224224e+01
4.658892754486517873e+01,1.119570294121775333e+01
4.662125413500810822e+01,1.116052135468800088e+01
4.665357400030337232e+01,1.112484399135949609e+01
4.668587974355443038e+01,1.108866521231945512e+01
4.671816361349196001e+01,1.105197984041196158e+01
4.675041752682567875e+01,1.101478315310336065e+01
4.678263308958963762e+01,1.097707087581430052e+01
4.681480161781524885e+01,1.093883917566156327e+01
4.684691415756433486e+01,1.090008465555818518e+01
4.687896150435301479e+01,1.086080434862476096e+01
4.691093422199541152e+01,1.082099571286933148e+01
4.694282266089453515e+01,1.078065662609692943e+01
4.697461697580605033e+01,1.073978538101355262e+01
4.700630714309891545e+01,1.069838068049247504e+01
4.703788297753585823e+01,1.065644163297359803e+01
4.706933414859437192e+01,1.061396774796947184e+01
4.710065019634824068e+01,1.057095893165382883e+01
4.713182054692805423e+01,1.052741548251068160e+01
4.716283452757768657e+01,1.048333808702426850e+01
4.719368138132265500e+01,1.043872781539179329e+01
4.722435028126540857e+01,1.039358611724250991e+01
4.725483034452079778e+01,1.034791481734864149e+01
4.728511064580501255e+01,1.030171611131455300e+01
4.731518023068895218e+01,1.025499256123228164e+01
4.734502812852765175e+01,1.020774709129244684e+01
4.737464336507505891e+01,1.015998298334091388e+01
4.740401497479369652e+01,1.011170387237240575e+01
4.743313201286748892e+01,1.006291374195315846e+01
4.746198356692543285e+01,1.001361691956581979e+01
4.749055876848322555e+01,9.963818071870321091e+00
4.751884680410926620e+01,9.913522199875231422e+00
4.754683692632074354e+01,9.862734634014927337e+00
4.757451846421535180e+01,9.811461029128413003e+00
4.760188083384317537e+01,9.759707359336033505e+00
4.762891354832336077e+01,9.707479912811372458e+00
4.765560622770917121e+01,9.654785286445443759e+00
4.768194860860522510e+01,9.601630380401378062e+00
4.770793055353975376e+01,9.548022392557681925e+00
4.773354206009484813e+01,9.493968812839035820e+00
4.775877326979716031e+01,9.439477417433678852e+00
4.778361447677087881e+01,9.384556262896655454e+00
4.780805613615538618e+01,9.329213680138987996e+00
4.783208887228856554e+01,9.273458268302702479e+00
4.785570348665788032e+01,9.217298888521948896e+00
4.787889096561960400e+01,9.160744657571090244e+00
4.790164248788776291e+01,9.103804941400436945e+00
4.792394943179326816e+01,9.046489348560790233e+00
4.794580338231399708e+01,8.988807723518011272e+00
4.796719613787612957e+01,8.930770139859268042e+00
4.798811971692712319e+01,8.872386893392592455e+00
4.800856636428073898e+01,8.813668495141460113e+00
4.802852855723377701e+01,8.754625664236696636e+00
4.804799901145483432e+01,8.695269320707744498e+00
4.806697068664497863e+01,8.635610578175505481e+00
4.808543679196984755e+01,8.575660736449473021e+00
4.810339079126325146e+01,8.515431274031596942e+00
4.812082640800178979e+01,8.454933840529470501e+00
4.813773763005011119e+01,8.394180248981893300e+00
4.815411871417639844e+01,8.333182468099506579e+00
4.816996419033765164e+01,8.271952614423666361e+00
4.818526886573415879e+01,8.210502944406384174e+00
4.820002782863281254e+01,8.148845846414808136e+00
4.821423645195846319e+01,8.086993832663292636e+00
4.822789039665300237e+01,8.024959531076259367e+00
4.824098561480142422e+01,7.962755677085443295e+00
4.825351835252423882e+01,7.900395105364784065e+00
4.826548515263587547e+01,7.837890741506297054e+00
4.827688285706817339e+01,7.775255593640648222e+00
4.828770860905854789e+01,7.712502744005818478e+00
4.829795985510223488e+01,7.649645340467291277e+00
4.830763434666792477e+01,7.586696587993564833e+00
4.831673014167630953e+01,7.523669740090345393e+00
4.832524560574084660e+01,7.460578090197179435e+00
4.833317941317032762e+01,7.397434963049896339e+00
4.834053054773265501e+01,7.334253706012664686e+00
4.834729830317907329e+01,7.271047680383134093e+00
4.835348228352876276e+01,7.207830252674095384e+00
4.835908240311285766e+01,7.144614785875428531e+00
4.836409888637757604e+01,7.081414630699673474e+00
4.836853226744601386e+01,7.018243116814635307e+00
4.837238338943798510e+01,6.955113544066626297e+00
4.837565340354750987e+01,6.892039173697591004e+00
4.837834376787745327e+01,6.829033219559353718e+00
4.838045624603086736e+01,6.766108839328403235e+00
4.838199290545851028e+01,6.703279125724262322e+00
4.838295611556213061e+01,6.640557097734567371e+00
4.838334854555301234e+01,6.577955691849788344e+00
4.838317316206524765e+01,6.515487753310604369e+00
4.838243322652331102e+01,6.453166027370651925e+00
4.838113229226333800e+01,6.391003150577240888e+00
4.837927420140765378e+01,6.329011642072723376e+00
4.837686308149180547e+01,6.267203894918859319e+00
4.837390334184365059e+01,6.205592167446295271e+00
4.837039966971380522e+01,6.144188574631456845e+00
4.836635702615664911e+01,6.083005079502599166e+00
4.836178064166127655e+01,6.022053484576844085e+00
4.835667601153135564e+01,5.961345423329533766e+00
4.835104889101326364e+01,5.900892351697414995e+00
4.834490529017130456e+01,5.840705539616613429e+00
4.833825146850893617e+01,5.780796062596056828e+00
4.833109392933500459e+01,5.721174793327111097e+00
4.832343941387350128e+01,5.661852393329554367e+00
4.831529489511544995e+01,5.602839304633652873e+00
4.830666757141155898e+01,5.544145741498199165e+00
4.829756485980360736e+01,5.485781682163536566e+00
4.828799438909300790e+01,5.427756860638338843e+00
4.827796399264430249e+01,5.370080758518743558e+00
4.826748170092136547e+01,5.312762596837598217e+00
4.825655573375400564e+01,5.255811327941420252e+00
4.824519449233206814e+01,5.199235627391814774e+00
4.823340655092427198e+01,5.143043885887962574e+00
4.822120064831860020e+01,5.087244201205816552e+00
4.820858567898063285e+01,5.031844370149040735e+00
4.819557068392621346e+01,4.976851880506286463e+00
4.818216484130436328e+01,4.922273903008380636e+00
4.816837745668579629e+01,4.868117283278148300e+00
4.815421795305258001e+01,4.814388533765012745e+00
4.813969586048353477e+01,4.761093825655285272e+00
4.812482080552978658e+01,4.708238980748008728e+00
4.810960250027471830e+01,4.655829463285413361e+00
4.809405073107146222e+01,4.603870371725443000e+00
4.807817534695146833e+01,4.552366430442830847e+00
4.806198624769626804e+01,4.501321981343484602e+00
4.804549337156483091e+01,4.450740975375739872e+00
4.802870668266792364e+01,4.400626963920132084e+00
4.801163615798044049e+01,4.350983090037503942e+00
4.799429177398207713e+01,4.301812079553593016e+00
4.797668349291638634e+01,4.253116231955796245e+00
4.795882124865713081e+01,4.204897411075590341e+00
4.794071493217097668e+01,4.157157035527719202e+00
4.792237437656432064e+01,4.109896068874281383e+00
4.790380934170195104e+01,4.063115009479062678e+00
4.788502949838440514e+01,4.016813880014013627e+00
4.786604441207052218e+01,3.970992216576496592e+00
4.784686352613127980e+01,3.925649057371853434e+00
4.782749614462035481e+01,3.880782930911635287e+00
4.780795141454677832e+01,3.836391843673501612e+00
4.778823830763494129e+01,3.792473267163559481e+00
4.776836560155667399e+01,3.749024124316481910e+00
4.774834186062099661e+01,3.706040775163027767e+00
4.772817541590667645e+01,3.663519001687943089e+00
4.770787434482412692e+01,3.621453991794093774e+00
4.768744645009351046e+01,3.579840322281331755e+00
4.766689923812777607e+01,3.538671940739865018e+00
4.764623989681086869e+01,3.497942146249129802e+00
4.762547527266399072e+01,3.457643568762933661e+00
4.760461184739595808e+01,3.417768147051298833e+00
4.758365571383779269e+01,3.378307105057449355e+00
4.756261255126637622e+01,3.339250926515813234e+00
4.754148760012884622e+01,3.300589327663447925e+00
4.752028563618664947e+01,3.262311227862298768e+00
4.749901094410763136e+01,3.224404717933875730e+00
4.747766729054633572e+01,3.186857025991025605e+00
4.745625789676604001e+01,3.149654480533069734e+00
4.743478541087305445e+01,3.112782470551120895e+00
4.741325187975373012e+01,3.076225402370003081e+00
4.739165872082831754e+01,3.039966652931314073e+00
4.737000669376487139e+01,3.003988519199694451e+00
4.734829587232942316e+01,2.968272163350773596e+00
4.732652561659000412e+01,2.932797553375698030e+00
4.730469454573877641e+01,2.897543398712953078e+00
4.728280051185319621e+01,2.862487080494784397e+00
4.726084057498373880e+01,2.827604575973416523e+00
4.723881098003295875e+01,2.792870376672180299e+00
4.721670713598299329e+01,2.758257399789981967e+00
4.719452359813503506e+01,2.723736892376514174e+00
4.717225405414999528e+01,2.689278327791108758e+00
4.714989131482474249e+01,2.654849293964364865e+00
4.712742731070782298e+01,2.620415373000633430e+00
4.710485309585430258e+01,2.585940011696749252e+00
4.708215886024524366e+01,2.551384382612195356e+00
4.705933395265649466e+01,2.516707235415640120e+00
4.703636691605819919e+01,2.481864738360644473e+00
4.701324553796295902e+01,2.446810309918752147e+00
4.698995691852100265e+01,2.411494440834016650e+00
4.696648755958614885e+01,2.375864507174083151e+00
4.694282347844895042e+01,2.339864575356183529e+00
4.691895035044970541e+01,2.303435200643691338e+00
4.689485368524299247e+01,2.266513221264419897e+00
4.687051904207431363e+01,2.229031551123889177e+00
4.684593229003814940e+01,2.190918975107742916e+00
4.682107991988841178e+01,2.152099952222984669e+00
4.679594941453709112e+01,2.112494433356239654e+00
4.677052968585439174e+01,2.072017702267838768e+00
4.674481158571187933e+01,2.030580250631105699e+00
4.671878849930024558e+01,1.988087700499138855e+00
4.669245702849283930e+01,1.944440790555882481e+00
4.666581777227213479e+01,1.899535445883883567e+00
4.663887620980978710e+01,1.853262954724983480e+00
4.661164368947865455e+01,1.805510279738929302e+00
4.658413852362899377e+01,1.756160535430126846e+00
4.655638718410670407e+01,1.705093667470849894e+00
4.652842558694511155e+01,1.652187373239573542e+00
4.650030044615542835e+01,1.597318305506958858e+00
4.647207066587326096e+01,1.540363602160244927e+00
4.644380872721011144e+01,1.481202783294071734e+00
4.641560201114698003e+01,1.419720051867589206e+00
4.638755398214325254e+01,1.355807024251649118e+00
4.635978513971078030e+01,1.289365901134848169e+00
4.633243362846135227e+01,1.220313066301038862e+00
4.630565538315985918e+01,1.148583069960706693e+00
4.627962367683817035e+01,1.074132914504475789e+00
4.625452794032508308e+01,9.969465146860173599e-01
4.623057173416315635e+01,9.170391537049000785e-01
4.620796978210564987e+01,8.344617055661514016e-01
4.618694402154221024e+01,7.493043484084431771e-01
4.616771869075618184e+01,6.616994607818516005e-01
4.615051455358859300e+01,5.718233815416169374e-01
4.613554245316198177e+01,4.798967321169459455e-01
4.612299647851786233e+01,3.861830532713877995e-01
4.611304710913496052e+01,2.909855989188124270e-01
4.610583475877289317e+01,1.946422532625292079e-01
4.610146415944789311e+01,9.751868424858395334e-02
4.610000000000000142e+01,1.626724930398997991e-15
4.610146415944789311e+01,-9.751868424856530160e-02
4.610583475877289317e+01,-1.946422532625510238e-01
4.611304710913496052e+01,-2.909855989187941083e-01
4.612299647851785522e+01,-3.861830532713847464e-01
4.613554245316198177e+01,-4.798967321169521627e-01
4.615051455358858590e+01,-5.718233815416140509e-01
4.616771869075618184e+01,-6.616994607818345031e-01
4.618694402154221734e+01,-7.493043484084480621e-01
4.620796978210564987e+01,-8.344617055661355254e-01
4.623057173416314924e+01,-9.170391537048975250e-01
4.625452794032509019e+01,-9.969465146860225779e-01
4.627962367683816325e+01,-1.074132914504473124e+00
4.630565538315985918e+01,-1.148583069960692260e+00
4.633243362846134517e+01,-1.220313066301036642e+00
4.635978513971079451e+01,-1.289365901134850612e+00
4.638755398214325254e+01,-1.355807024251647341e+00
4.641560201114697293e+01,-1.419720051867577659e+00
4.644380872721011144e+01,-1.481202783294076397e+00
4.647207066587326096e+01,-1.540363602160243151e+00
4.650030044615542124e+01,-1.597318305506957303e+00
4.652842558694511155e+01,-1.652187373239578205e+00
4.655638718410671117e+01,-1.705093667470840124e+00
4.658413852362899377e+01,-1.756160535430117520e+00
4.661164368947864745e+01,-1.805510279738927970e+00
4.663887620980979420e+01,-1.853262954724987033e+00
4.666581777227214189e+01,-1.899535445883875129e+00
4.669245702849283930e+01,-1.944440790555874266e+00
4.671878849930024558e+01,-1.988087700499142851e+00
4.674481158571187933e+01,-2.030580250631099481e+00
4.677052968585438464e+01,-2.072017702267831663e+00
4.679594941453709822e+01,-2.112494433356239654e+00
4.682107991988841178e+01,-2.152099952222978008e+00
4.684593229003814940e+01,-2.190918975107737143e+00
4.687051904207432074e+01,-2.229031551123889621e+00
4.689485368524298536e+01,-2.266513221264417677e+00
4.691895035044969831e+01,-2.303435200643690006e+00
4.694282347844894332e+01,-2.339864575356180865e+00
4.696648755958615595e+01,-2.375864507174083151e+00
4.698995691852099554e+01,-2.411494440834013986e+00
4.701324553796296613e+01,-2.446810309918744153e+00
4.703636691605818498e+01,-2.481864738360654243e+00
4.705933395265648755e+01,-2.516707235415634791e+00
4.708215886024523655e+01,-2.551384382612192248e+00
4.710485309585430258e+01,-2.585940011696753693e+00
4.712742731070782298e+01,-2.620415373000627657e+00
4.714989131482474249e+01,-2.654849293964360868e+00
4.717225405414999528e+01,-2.689278327791112311e+00
4.719452359813502795e+01,-2.723736892376513730e+00
4.721670713598298619e+01,-2.758257399789977526e+00
4.723881098003295875e+01,-2.792870376672176302e+00
4.726084057498373880e+01,-2.827604575973421408e+00
4.728280051185318911e+01,-2.862487080494783509e+00
4.730469454573876931e+01,-2.897543398712949081e+00
4.732652561659001123e+01,-2.932797553375698918e+00
4.734829587232941606e+01,-2.968272163350769599e+00
4.737000669376487849e+01,-3.003988519199688234e+00
4.739165872082833175e+01,-3.039966652931315849e+00
4.741325187975373012e+01,-3.076225402369998640e+00
4.743478541087305445e+01,-3.112782470551118674e+00
4.745625789676604001e+01,-3.149654480533065293e+00
4.747766729054633572e+01,-3.186857025991027381e+00
4.749901094410763136e+01,-3.224404717933871289e+00
4.752028563618664236e+01,-3.262311227862296992e+00
4.754148760012885333e+01,-3.300589327663449257e+00
4.756261255126636911e+01,-3.339250926515808349e+00
4.758365571383778558e+01,-3.378307105057444915e+00
4.760461184739596519e+01,-3.417768147051302385e+00
4.762547527266399072e+01,-3.457643568762927000e+00
4.764623989681086869e+01,-3.497942146249124917e+00
4.766689923812777607e+01,-3.538671940739869459e+00
4.768744645009350336e+01,-3.579840322281328646e+00
4.770787434482412692e+01,-3.621453991794089333e+00
4.772817541590667645e+01,-3.663519001687939092e+00
4.774834186062099661e+01,-3.706040775163031320e+00
4.776836560155667399e+01,-3.749024124316475692e+00
4.778823830763493419e+01,-3.792473267163554596e+00
4.780795141454677122e+01,-3.836391843673504276e+00
4.782749614462034771e+01,-3.880782930911630846e+00
4.784686352613127980e+01,-3.925649057371846773e+00
4.786604441207052929e+01,-3.970992216576499700e+00
4.788502949838439093e+01,-4.016813880014008298e+00
4.790380934170195104e+01,-4.063115009479058237e+00
4.792237437656431354e+01,-4.109896068874286712e+00
4.794071493217097668e+01,-4.157157035527714761e+00
4.795882124865712370e+01,-4.204897411075585900e+00
4.797668349291638634e+01,-4.253116231955790028e+00
4.799429177398207713e+01,-4.301812079553597457e+00
4.801163615798044049e+01,-4.350983090037499501e+00
4.802870668266792364e+01,-4.400626963920126755e+00
4.804549337156483801e+01,-4.450740975375745201e+00
4.806198624769626804e+01,-4.501321981343477496e+00
4.807817534695146833e+01,-4.552366430442826406e+00
4.809405073107146222e+01,-4.603870371725447441e+00
4.810960250027471119e+01,-4.655829463285408920e+00
4.812482080552977948e+01,-4.708238980748003399e+00
4.813969586048352767e+01,-4.761093825655288825e+00
4.815421795305258712e+01,-4.814388533765017186e+00
4.816837745668578918e+01,-4.868117283278143859e+00
4.818216484130436328e+01,-4.922273903008374418e+00
4.819557068392622057e+01,-4.976851880506289127e+00
4.820858567898062574e+01,-5.031844370149034518e+00
4.822120064831860020e+01,-5.087244201205812111e+00
4.823340655092427198e+01,-5.143043885887967015e+00
4.824519449233206814e+01,-5.199235627391807668e+00
4.825655573375400564e+01,-5.255811327941414035e+00
4.826748170092135837e+01,-5.312762596837603546e+00
4.827796399264429539e+01,-5.370080758518736452e+00
4.828799438909300079e+01,-5.427756860638332626e+00
4.829756485980360026e+01,-5.485781682163530348e+00
4.830666757141155898e+01,-5.544145741498204494e+00
4.831529489511544284e+01,-5.602839304633646655e+00
4.832343941387349417e+01,-5.661852393329548150e+00
4.833109392933500459e+01,-5.721174793327117314e+00
4.833825146850892907e+01,-5.780796062596048834e+00
4.834490529017130456e+01,-5.840705539616607211e+00
4.835104889101326364e+01,-5.900892351697419436e+00
4.835667601153135564e+01,-5.961345423329526660e+00
4.836178064166127655e+01,-6.022053484576836091e+00
4.836635702615665622e+01,-6.083005079502604495e+00
4.837039966971379812e+01,-6.144188574631448851e+00
4.837390334184364349e+01,-6.205592167446288165e+00
4.837686308149179837e+01,-6.267203894918852214e+00
4.837927420140765378e+01,-6.329011642072729593e+00
4.838113229226333800e+01,-6.391003150577233782e+00
4.838243322652331102e+01,-6.453166027370643931e+00
4.838317316206525476e+01,-6.515487753310607921e+00
4.838334854555301945e+01,-6.577955691849783904e+00
4.838295611556213061e+01,-6.640557097734558489e+00
4.838199290545849607e+01,-6.703279125724267651e+00
4.838045624603086736e+01,-6.766108839328397018e+00
4.837834376787745327e+01,-6.829033219559345724e+00
4.837565340354750987e+01,-6.892039173697596333e+00
4.837238338943798510e+01,-6.955113544066631626e+00
4.836853226744600676e+01,-7.018243116814628202e+00
4.836409888637757604e+01,-7.081414630699666368e+00
4.835908240311285766e+01,-7.144614785875434748e+00
4.835348228352876276e+01,-7.207830252674090055e+00
4.834729830317907329e+01,-7.271047680383125211e+00
4.834053054773265501e+01,-7.334253706012673568e+00
4.833317941317032762e+01,-7.397434963049890122e+00
4.832524560574084660e+01,-7.460578090197174106e+00
4.831673014167630953e+01,-7.523669740090350722e+00
4.830763434666793188e+01,-7.586696587993560392e+00
4.829795985510223488e+01,-7.649645340467285060e+00
4.828770860905854789e+01,-7.712502744005812261e+00
4.827688285706817339e+01,-7.775255593640653551e+00
4.826548515263587547e+01,-7.837890741506290837e+00
4.825351835252423882e+01,-7.900395105364777848e+00
4.824098561480141711e+01,-7.962755677085446848e+00
4.822789039665300947e+01,-8.024959531076252262e+00
4.821423645195846319e+01,-8.086993832663287307e+00
4.820002782863281254e+01,-8.148845846414817018e+00
4.818526886573416590e+01,-8.210502944406377068e+00
4.816996419033765164e+01,-8.271952614423659256e+00
4.815411871417639844e+01,-8.333182468099510132e+00
4.813773763005011119e+01,-8.394180248981884418e+00
4.812082640800178268e+01,-8.454933840529463396e+00
4.810339079126325146e+01,-8.515431274031591613e+00
4.808543679196984755e+01,-8.575660736449478350e+00
4.806697068664497863e+01,-8.635610578175498375e+00
4.804799901145484142e+01,-8.695269320707737393e+00
4.802852855723376280e+01,-8.754625664236703741e+00
4.800856636428074609e+01,-8.813668495141453008e+00
4.798811971692712319e+01,-8.872386893392585350e+00
4.796719613787612957e+01,-8.930770139859275147e+00
4.794580338231401129e+01,-8.988807723518004167e+00
4.792394943179326816e+01,-9.046489348560781352e+00
4.790164248788775581e+01,-9.103804941400442274e+00
4.787889096561960400e+01,-9.160744657571081362e+00
4.785570348665788032e+01,-9.217298888521940015e+00
4.783208887228857265e+01,-9.273458268302693597e+00
4.780805613615537197e+01,-9.329213680138995102e+00
4.778361447677088591e+01,-9.384556262896648349e+00
4.775877326979716031e+01,-9.439477417433675299e+00
4.773354206009484813e+01,-9.493968812839042926e+00
4.770793055353974665e+01,-9.548022392557674820e+00
4.768194860860522510e+01,-9.601630380401372733e+00
4.765560622770917831e+01,-9.654785286445450865e+00
4.762891354832336077e+01,-9.707479912811368905e+00
4.760188083384317537e+01,-9.759707359336028176e+00
4.757451846421535890e+01,-9.811461029128404121e+00
4.754683692632074354e+01,-9.862734634014934443e+00
4.751884680410925910e+01,-9.913522199875226093e+00
4.749055876848322555e+01,-9.963818071870313986e+00
4.746198356692543285e+01,-1.001361691956582156e+01
4.743313201286748892e+01,-1.006291374195315491e+01
4.740401497479370363e+01,-1.011170387237239865e+01
4.737464336507505891e+01,-1.015998298334091743e+01
4.734502812852764464e+01,-1.020774709129244151e+01
4.731518023068895218e+01,-1.025499256123227809e+01
4.728511064580500545e+01,-1.030171611131455478e+01
4.725483034452081199e+01,-1.034791481734863794e+01
4.722435028126540146e+01,-1.039358611724250459e+01
4.719368138132265500e+01,-1.043872781539178440e+01
4.716283452757767236e+01,-1.048333808702427206e+01
4.713182054692804712e+01,-1.052741548251067805e+01
4.710065019634824068e+01,-1.057095893165382527e+01
4.706933414859436482e+01,-1.061396774796947895e+01
4.703788297753586534e+01,-1.065644163297359270e+01
4.700630714309890834e+01,-1.069838068049247148e+01
4.697461697580603612e+01,-1.073978538101355795e+01
4.694282266089453515e+01,-1.078065662609692410e+01
4.691093422199541862e+01,-1.082099571286932616e+01
4.687896150435301479e+01,-1.086080434862476096e+01
4.684691415756434196e+01,-1.090008465555817985e+01
4.681480161781525595e+01,-1.093883917566155617e+01
4.678263308958963052e+01,-1.097707087581429697e+01
4.675041752682567164e+01,-1.101478315310336598e+01
4.671816361349196001e+01,-1.105197984041195980e+01
4.668587974355443038e+01,-1.108866521231945157e+01
4.665357400030335810e+01,-1.112484399135949964e+01
4.662125413500811533e+01,-1.116052135468799733e+01
4.658892754486519294e+01,-1.119570294121774801e+01
4.655660125020413886e+01,-1.123039485928224757e+01
4.652428187091332035e+01,-1.126460369489730340e+01
4.649197560204673607e+01,-1.129833652069634553e+01
4.645968818857123495e+01,-1.133160090562234501e+01
4.642742489921231197e+01,-1.136440492546824821e+01
4.639519049935546491e+01,-1.139675717436651148e+01
4.636298922295978286e+01,-1.142866677733899117e+01
4.633082474343962787e+01,-1.146014340402916432e+01
4.629870014347093132e+01,-1.149119728375134386e+01
4.626661788367922412e+01,-1.152183922200499211e+01
4.623457977016838072e+01,-1.155208061861708835e+01
4.620258692085195662e+01,-1.158193348769210473e+01
4.617063973055270765e+01,-1.161141047956702543e+01
4.613873783484179825e+01,-1.164052490498862191e+01
4.610688007259660282e+01,-1.166929076175180313e+01
4.607506444726583084e+01,-1.169772276406162526e+01
4.604328808684346086e+01,-1.172583637490714992e+01
4.601154720256872821e+01,-1.175364784176334076e+01
4.597983704639006675e+01,-1.178117423596766677e+01
4.594815186725529799e+01,-1.180843349615070181e+01
4.591648486632178816e+01,-1.183544447613515871e+01
4.588482815121791702e+01,-1.186222699775520439e+01
4.585317268953343017e+01,-1.188880190908785117e+01
4.582150826177281999e+01,-1.191519114862951945e+01
4.578982341407346723e+01,-1.194141781599427432e+01
4.575810541107205864e+01,-1.196750624975400967e+01
4.572634018940206602e+01,-1.199348211308502954e+01
4.569451231242151579e+01,-1.201937248792778590e+01
4.566260492691166917e+01,-1.204520597840618557e+01
4.563059972265342878e+01,-1.207101282428650002e+01
4.559847689598662157e+01,-1.209682502528178105e+01
4.556621511868984697e+01,-1.212267647701976614e+01
4.553379151379355250e+01,-1.214860311948761762e+01
4.550118164026029177e+01,-1.217464309873646044e+01
4.546835948884044853e+01,-1.220083694256632434e+01
4.543529749184635591e+01,-1.222722775080489299e+01
4.540196655008872995e+01,-1.225386140062938800e+01
4.536833608079298585e+01,-1.228078676714331507e+01
4.533437409096433868e+01,-1.230805595908753425e+01
4.530004728140436043e+01,-1.233572456911407400e+01
4.526532118739609700e+01,-1.236385193745167932e+01
4.523016036296916553e+01,-1.239250142700896795e+01
4.519452861661645215e+01,-1.242174070695296351e+01
4.515838930734343393e+01,-1.245164204052164614e+01
4.512170571095423099e+01,-1.248228257122623930e+01
4.508444146746761305e+01,-1.251374459961693475e+01
4.504656112143662483e+01,-1.254611584036667793e+01
4.500803076761718557e+01,-1.257948964651797930e+01
4.496881881475732712e+01,-1.261396518429505598e+01
4.492889688007814897e+01,-1.264964753788105511e+01
4.488824082606453914e+01,-1.268664771901508281e+01
4.484683194919196580e+01,-1.272508255123682730e+01
4.480465832685446514e+01,-1.276507439324723414e+01
4.476171632364104624e+01,-1.280675066041611387e+01
4.471801225082640485e+01,-1.285024309835305445e+01
4.467356416309175415e+01,-1.289568675824993349e+01
4.462840376373224416e+01,-1.294321862120107802e+01
4.458257837374573995e+01,-1.299297581894484566e+01
4.453615290129722837e+01,-1.304509340271426332e+01
4.448921172658340595e+01,-1.309970162157870810e+01
4.444186039410569578e+01,-1.315692268831814715e+01
4.439422698154114499e+01,-1.321686703587374012e+01
4.434646299434378136e+01,-1.327962910171360100e+01
4.429874362132327548e+01,-1.334528272116141245e+01
4.425126718282844962e+01,-1.341387626269766464e+01
4.420425361421616373e+01,-1.348542769555722920e+01
4.415794185706447195e+01,-1.355991983765876618e+01
4.411258608187555552e+01,-1.363729608295999185e+01
4.406845073924205991e+01,-1.371745694302213359e+01
4.402580452866053662e+01,-1.380025774850533615e+01
4.398491347835329179e+01,-1.388550783406134848e+01
4.394603343455248989e+01,-1.397297146913546406e+01
4.390940235064010722e+01,-1.406237069699226794e+01
4.387523283029228338e+01,-1.415339011072180675e+01
4.384370540120658433e+01,-1.424568344068506143e+01
4.381496296888849429e+01,-1.433888167095207855e+01
4.378910682247699526e+01,-1.443260226361568677e+01
4.376619444418391680e+01,-1.452645896913501389e+01
4.374623922555235822e+01,-1.462007165265438324e+01
4.372921203712225946e+01,-1.471307557696248480e+01
4.371504445388744386e+01,-1.480512964939228482e+01
4.370363332477489138e+01,-1.489592325097111214e+01
4.369484630182995488e+01,-1.498518140414307531e+01
4.368852791786608236e+01,-1.507266818091212457e+01
4.368450581682437672e+01,-1.515818838835532389e+01
4.368259679028157194e+01,-1.524158767954117444e+01
4.368261234474504562e+01,-1.532275131712675709e+01
4.368436360540272290e+01,-1.540160186225857331e+01
4.368766544221606551e+01,-1.547809607556957801e+01
4.369233977574693739e+01,-1.555222130590485463e+01
4.369821807812386538e+01,-1.562399161322079344e+01
4.370514312718179895e+01,-1.569344383223195649e+01
4.371297009942555434e+01,-1.576063373921377497e+01
4.372156710192348328e+01,-1.582563244084668952e+01
4.373081524717071744e+01,-1.588852306445289742e+01
4.374060837119557732e+01,-1.594939779533625313e+01
4.375085248635527080e+01,-1.600835527993072205e+01
4.376146504859492836e+01,-1.606549839299923477e+01
4.377237410614855406e+01,-1.612093235258227963e+01
4.378351738396705173e+01,-1.617476315688026745e+01
4.379484134636589943e+01,-1.622709631177801981e+01
4.380630026994194282e+01,-1.627803581533451194e+01
4.381785534991253428e+01,-1.632768336541858289e+01
4.382947385569330834e+01,-1.637613775806286753e+01
4.384112834566124661e+01,-1.642349444646771062e+01
4.385279594648434198e+01,-1.646984523348302432e+01
4.386445769895562563e+01,-1.651527807351327226e+01
4.387609796975549159e+01,-1.655987696291079914e+01
4.388770392680562793e+01,-1.660372190089941569e+01
4.389926507471193418e+01,-1.664688890581935965e+01
4.391077284608360287e+01,-1.668945007395916846e+01
4.392222024415101345e+01,-1.673147367042469469e+01
4.393360153199063234e+01,-1.677302424339396225e+01
4.394491196372950270e+01,-1.681416275473435107e+01
4.395614755328699630e+01,-1.685494672133911465e+01
4.396730487647355545e+01,-1.689543036269857978e+01
4.397838090257391030e+01,-1.693566475118602810e+01
4.398937285186983814e+01,-1.697569796233379691e+01
4.400027807588972451e+01,-1.701557522302690018e+01
4.401109395749630693e+01,-1.705533905607098433e+01
4.402181782823301859e+01,-1.709502942001897452e+01
4.403244690063814204e+01,-1.713468384348193041e+01
4.404297821350136388e+01,-1.717433755342140955e+01
4.405340858828094497e+01,-1.721402359713317765e+01
4.406373459511733159e+01,-1.725377295779782116e+01
4.407395252707652133e+01,-1.729361466360055388e+01
4.408405838143019650e+01,-1.733357589051835035e+01
4.409404784693541757e+01,-1.737368205894312112e+01
4.410391629621308596e+01,-1.741395692436004339e+01
4.411365878244433958e+01,-1.745442266233522588e+01
4.412327003971019224e+01,-1.749509994808905589e+01
4.413274448639091929e+01,-1.753600803094392901e+01
4.414207623112297796e+01,-1.757716480394048730e+01
4.415125908088037221e+01,-1.761858686891556403e+01
4.416028655080876320e+01,-1.766028959733021253e+01
4.416915187549293620e+01,-1.770228718712814242e+01
4.417784802138405098e+01,-1.774459271589471854e+01
4.418636770015265114e+01,-1.778721819057466291e+01
4.419470338276720156e+01,-1.783017459399421867e+01
4.420284731412787238e+01,-1.787347192841997767e+01
4.421079152811017110e+01,-1.791711925637354597e+01
4.421852786289517923e+01,-1.796112473890746841e+01
4.422604797648180153e+01,-1.800549567153501584e+01
4.423334336229275010e+01,-1.805023851799388623e+01
4.424040536479951413e+01,-1.809535894201118467e+01
4.424722519510399366e+01,-1.814086183722595180e+01
4.425379394642399689e+01,-1.818675135541408139e+01
4.426010260943908747e+01,-1.823303093315017165e+01
4.426614208746037349e+01,-1.827970331703092910e+01
4.427190321139428164e+01,-1.832677058757558797e+01
4.427737675447567511e+01,-1.837423418191013980e+01
4.428255344675026350e+01,-1.842209491533402499e+01
4.428742398929060187e+01,-1.847035300186047380e+01
4.429197906813217145e+01,-1.851900807381480973e+01
4.429620936792011321e+01,-1.856805920056819303e+01
4.430010558525862763e+01,-1.861750490647858669e+01
4.430365844175733514e+01,-1.866734318810496873e+01
4.430685869677045474e+01,-1.871757153075562741e+01
4.430969715982613621e+01,-1.876818692442651226e+01
4.431216470274426200e+01,-1.881918587918144325e+01
4.431425227144197976e+01,-1.887056444002141831e+01
4.431595089742705085e+01,-1.892231820128685982e+01
4.431725170897968979e+01,-1.897444232063284630e+01
4.431814594202396762e+01,-1.902693153261438752e+01
4.431862495069029961e+01,-1.907978016191537307e+01
4.431868021757094311e+01,-1.913298213625248678e+01
4.431830336367035272e+01,-1.918653099898259384e+01
4.431748615805273772e+01,-1.924041992143962432e+01
4.431622052718908833e+01,-1.929464171502490188e+01
4.431449856400597298e+01,-1.934918884307299081e+01
4.431231253663857217e+01,-1.940405343251280357e+01
4.430965489689045711e+01,-1.945922728534232959e+01
4.430651828840225903e+01,-1.951470188993375388e+01
4.430289555453187234e+01,-1.957046843218383003e+01
4.429877974594834456e+01,-1.962651780652350553e+01
4.429416412794179081e+01,-1.968284062679904878e+01
4.428904218745149279e+01,-1.973942723703619606e+01
4.428340763981433525e+01,-1.979626772209721963e+01
4.427725443523569737e+01,-1.985335191824012213e+01
4.427057676498474592e+01,-1.991066942358836656e+01
4.426336906731594922e+01,-1.996820960851804472e+01
4.425562603311895060e+01,-2.002596162596934093e+01
4.424734261129826507e+01,-2.008391442168766972e+01
4.423851401388473192e+01,-2.014205674439980243e+01
4.422913572088029355e+01,-2.020037715592923178e+01
4.421920348483779861e+01,-2.025886404125426665e+01
4.420871333517713708e+01,-2.031750561851243120e+01
4.419766158223954022e+01,-2.037628994895370482e+01
4.418604482108123221e+01,-2.043520494684436883e+01
4.417385993500802499e+01,-2.049423838932380448e+01
4.416110409885207133e+01,-2.055337792621511994e+01
4.414777478199229677e+01,-2.061261108979036294e+01
4.413386975111966137e+01,-2.067192530449142041e+01
4.411938707274875071e+01,-2.073130789660601891e+01
4.410432511547676171e+01,-2.079074610389936595e+01
4.408868255199133301e+01,-2.085022708520070367e+01
4.407245836082842771e+01,-2.090973792994390479e+01
4.405565182788139822e+01,-2.096926566766157052e+01
4.403826254766272541e+01,-2.102879727743126281e+01
4.402029042431954053e+01,-2.108831969727219402e+01
4.400173567240412353e+01,-2.114781983349133299e+01
4.398259881740083443e+01,-2.120728456997680667e+01
4.396288069601065729e+01,-2.126670077743649045e+01
4.394258245619457171e+01,-2.132605532258014946e+01
4.392170555697718726e+01,-2.138533507724261540e+01
4.390025176801197659e+01,-2.144452692744545885e+01
4.387822316890925833e+01,-2.150361778239499699e+01
4.385562214832847872e+01,-2.156259458341400403e+01
4.383245140283620600e+01,-2.162144431280400170e+01
4.380871393553098159e+01,-2.168015400263589498e+01
4.378441305443674025e+01,-2.173871074346588017e+01
4.375955237066612824e+01,-2.179710169297337785e+01
4.373413579635515447e+01,-2.185531408451852542e+01
4.370816754237071677e+01,-2.191333523561590013e+01
4.368165211579259477e+01,-2.197115255632116870e+01
4.365459431717125227e+01,-2.202875355752803799e+01
4.362699923756325404e+01,-2.208612585917183324e+01
4.359887225534567534e+01,-2.214325719833677297e+01
4.357021903281118824e+01,-2.220013543726383531e+01
4.354104551254550159e+01,-2.225674857125553885e+01
4.351135791358864680e+01,-2.231308473647490942e+01
4.348116272738184307e+01,-2.236913221763519743e+01
4.345046671350159073e+01,-2.242487945557692797e+01
4.341927689518266220e+01,-2.248031505472934555e+01
4.338760055463153265e+01,-2.253542779045307043e+01
4.335544522813207635e+01,-2.259020661626038518e+01
4.332281870094510623e+01,-2.264464067091043020e+01
4.328972900200334806e+01,-2.269871928537613215e+01
4.325618439840363294e+01,-2.275243198967935143e+01
4.322219338969775748e+01,-2.280576851959175855e+01
4.318776470198365303e+01,-2.285871882319818837e+01
4.315290728179855506e+01,-2.291127306731927504e+01
4.311763028981552281e+01,-2.296342164379097639e+01
4.308194309434477987e+01,-2.301515517559780477e+01
4.304585526464153844e+01,-2.306646452285691140e+01
4.300937656402143006e+01,-2.311734078865064390e+01
4.297251694278483569e+01,-2.316777532470481660e+01
4.293528653095174974e+01,-2.321775973690982298e+01
4.289769563080763248e+01,-2.326728589068270736e+01
4.285975470926197062e+01,-2.331634591616741048e+01
4.282147439002011424e+01,-2.336493221327085479e+01
4.278286544556918614e+01,-2.341303745653316071e+01
4.274393878897907939e+01,-2.346065459982925816e+01
4.270470546551872104e+01,-2.350777688090057538e+01
4.266517664408808486e+01,-2.355439782571457741e+01
4.262536360846653594e+01,-2.360051125265044192e+01
4.258527774837688185e+01,-2.364611127650956846e+01
4.254493055036548554e+01,-2.369119231234931533e+01
4.250433358849783616e+01,-2.373574907913854659e+01
4.246349851486899496e+01,-2.377977660323417197e+01
4.242243704992775832e+01,-2.382327022167758912e+01
4.238116097261381299e+01,-2.386622558531014349e+01
4.233968211030587980e+01,-2.390863866170722574e+01
4.229801232857931126e+01,-2.395050573793065496e+01
4.225616352077085480e+01,-2.399182342309893556e+01
4.221414759734793165e+01,-2.403258865077578932e+01
4.217197647507937575e+01,-2.407279868117720056e+01
4.212966206600448515e+01,-2.411245110319742935e+01
4.208721626619577449e+01,-2.415154383625516843e+01
4.204465094431157723e+01,-2.419007513196091708e+01
4.200197792993315460e+01,-2.422804357560701050e+01
4.195920900168056278e+01,-2.426544808748245785e+01
4.191635587510097594e+01,-2.430228792401479510e+01
4.187343019032276459e+01,-2.433856267874152479e+01
4.183044349946690943e+01,-2.437427228311471339e+01
4.178740725380779253e+01,-2.440941700714197182e+01
4.174433279067341829e+01,-2.444399745986846995e+01
4.170123132007486788e+01,-2.447801458970466371e+01
4.165811391105364692e+01,-2.451146968460508546e+01
4.161499147773417207e+01,-2.454436437210464206e+01
4.157187476506800294e+01,-2.457670061921936266e+01
4.152877433425491915e+01,-2.460848073221914234e+01
4.148570054782452132e+01,-2.463970735628166864e+01
4.144266355436081284e+01,-2.467038347503714135e+01
4.139967327285085474e+01,-2.470051241001459985e+01
4.135673937663646882e+01,-2.473009782000232804e+01
4.131387127694672046e+01,-2.475914370033581235e+01
4.127107810598697313e+01,-2.478765438212818495e+01
4.122836869955822436e+01,-2.481563453146034703e+01
4.118575157917818075e+01,-2.484308914854912587e+01
4.114323493367421491e+01,-2.487002356691433036e+01
4.110082660021458167e+01,-2.489644345256787972e+01
4.105853404474290613e+01,-2.492235480325056685e+01
4.101636434177804347e+01,-2.494776394774478945e+01
4.097432415353836177e+01,-2.497267754529522321e+01
4.093241970834656485e+01,-2.499710258517237449e+01
4.089065677826873468e+01,-2.502104638641801770e+01
4.084904065593694611e+01,-2.504451659781640060e+01
4.080757613050246846e+01,-2.506752119813896584e+01
4.076626746266250478e+01,-2.509006849671703065e+01
4.072511835869955377e+01,-2.511216713440164128e+01
4.068413194346980077e+01,-2.513382608497773774e+01
4.064331073227169355e+01,-2.515505465710649347e+01
4.060265660152315803e+01,-2.517586249687875721e+01
4.056217075817176010e+01,-2.519625959107128921e+01
4.052185370775802653e+01,-2.521625627120901214e+01
4.048170522104899760e+01,-2.523586321854721959e+01
4.044172429915564493e+01,-2.525509147010167865e+01
4.040190913704459774e+01,-2.527395242586890944e+01
4.036225708535231860e+01,-2.529245785739555075e+01
4.032276461040849114e+01,-2.531061991787399279e+01
4.028342725237374111e+01,-2.532845115396193236e+01
4.024423958139827562e+01,-2.534596451954684682e+01
4.020519515170959579e+01,-2.536317339170105711e+01
4.016628645354124671e+01,-2.538009158910237772e+01
4.012750486282173767e+01,-2.539673339322629886e+01
4.008884058855228005e+01,-2.541311357265094628e+01
4.005028261781554022e+01,-2.542924741085494844e+01
4.001181865837628493e+01,-2.544515073793134263e+01
3.997343507885942415e+01,-2.546083996668771832e+01
3.993511684652226990e+01,-2.547633213365529414e+01
3.989684746267879234e+01,-2.549164494558630878e+01
3.985860889588497713e+01,-2.550679683208096904e+01
3.982038151305822282e+01,-2.552180700505302724e+01
3.978214400878457724e+01,-2.553669552581427382e+01
3.974387333316524717e+01,-2.555148338063594338e+01
3.970554461867629215e+01,-2.556619256572544785e+01
3.966713110666290021e+01,-2.558084618264070897e+01
3.962860407426988019e+01,-2.559546854524978343e+01
3.958993276282819096e+01,-2.561008529942745326e+01
3.955108430898013694e+01,-2.562472355676029778e+01
3.951202368013972688e+01,-2.563941204360289561e+01
3.947271361626162189e+01,-2.565418126688345168e+01
3.943311458033763728e+01,-2.566906369808987520e+01
3.939318472056680775e+01,-2.568409397686655993e+01
3.935287984776443437e+01,-2.569930913560207131e+01
3.931215343229792580e+01,-2.571474884627489033e+01
3.927095662567334244e+01,-2.573045569062074023e+01
3.922923831285794449e+01,-2.574647545436764062e+01
3.918694520251502666e+01,-2.576285744581548443e+01
3.914402196355332819e+01,-2.577965483837575533e+01
3.910041141774762252e+01,-2.579692503578182183e+01
3.905605479965613114e+01,-2.581473005747211147e+01
3.901089209661316914e+01,-2.583313694006907468e+01
3.896486248316019640e+01,-2.585221814884826586e+01
3.891790486581734854e+01,-2.587205199053256521e+01
3.886995855546996381e+01,-2.589272301557191014e+01
3.882096408569287149e+01,-2.591432239420243278e+01
3.877086419583102384e+01,-2.593694824595960924e+01
3.871960499731640937e+01,-2.596070589692520869e+01
3.866713734015897330e+01,-2.598570803285120689e+01
3.861341839336280657e+01,-2.601207470955156609e+01
3.855841344767449641e+01,-2.603993317483794456e+01
3.850209794100283744e+01,-2.606941744922970372e+01
3.844445969548731057e+01,-2.610066760634618532e+01
3.838550134003356362e+01,-2.613382868921328850e+01
3.832524287284881126e+01,-2.616904919691229026e+01
3.826372429509304851e+01,-2.620647907858408487e+01
3.820100821972610561e+01,-2.624626718053407615e+01
3.813718233020179582e+01,-2.628855810890938827e+01
3.807236153398693546e+01,-2.633348849683942916e+01
3.800668962917065130e+01,-2.638118270220937589e+01
3.794034028293057759e+01,-2.643174801053589107e+01
3.787351711342211047e+01,-2.648526947533982678e+01
3.780645267714513835e+01,-2.654180459249904089e+01
3.773940619684108810e+01,-2.660137806947280126e+01
3.767265992358768756e+01,-2.666397700686039229e+01
3.760651411107659214e+01,-2.672954684865431929e+01
3.754128068601501411e+01,-2.679798846857429595e+01
3.747727581737670022e+01,-2.686915673437390595e+01
3.741481170563112357e+01,-2.694286082512757119e+01
3.735418801498519059e+01,-2.701886646918728019e+01
3.729568344068508168e+01,-2.709690013068300019e+01
3.723954792613660203e+01,-2.717665501483968526e+01
3.718599601374974384e+01,-2.725779860655320874e+01
3.713520173002876135e+01,-2.733998132366127365e+01
3.708729527921860125e+01,-2.742284577464663897e+01
3.704236166755321591e+01,-2.750603607230952719e+01
3.700044122241533273e+01,-2.758920667375662816e+01
3.696153182784620839e+01,-2.767203028735531234e+01
3.692559258619893114e+01,-2.775420449614198759e+01
3.689254854515289850e+01,-2.783545687725605333e+01
3.686229610228555487e+01,-2.791554853024486249e+01
3.683470871185701156e+01,-2.799427604793708468e+01
3.680964256169160365e+01,-2.807147206094263936e+01
3.678694195109038390e+01,-2.814700455500849330e+01
3.676644417262298248e+01,-2.822077519872475904e+01
3.674798377210132116e+01,-2.829271693055541093e+01
3.673139612522950159e+01,-2.836279104433730680e+01
3.671652032229020790e+01,-2.843098398764480095e+01
3.670320139213765742e+01,-2.849730405394694444e+01
3.669129192396702877e+01,-2.856177811255821197e+01
3.668065316128690512e+01,-2.862444848400058817e+01
3.667115564933467198e+01,-2.868537003523661610e+01
3.666267951712569584e+01,-2.874460754082122449e+01
3.665511447054866068e+01,-2.880223333295235477e+01
3.664835956524500205e+01,-2.885832524561454093e+01
3.664232281887823461e+01,-2.891296484503849840e+01
3.663692071287526630e+01,-2.896623592984720474e+01
3.663207762452801575e+01,-2.901822327876369911e+01
3.662772522192529578e+01,-2.906901162087149615e+01
3.662380184677853379e+01,-2.911868480247447266e+01
3.662025190389218920e+01,-2.916732512503294217e+01
3.661702527079413727e+01,-2.921501282999716054e+01
3.661407673680132291e+01,-2.926182570825956120e+01
3.661136547744288094e+01,-2.930783881413689684e+01
3.660885456756746947e+01,-2.935312426608199132e+01
3.660651053450308723e+01,-2.939775111857758105e+01
3.660430295119849831e+01,-2.944178529179932013e+01
3.660220406825252581e+01,-2.948528954760021392e+01
3.660018848304270023e+01,-2.952832350213874335e+01
3.659823284372261298e+01,-2.957094366704074417e+01
3.659631558560678855e+01,-2.961320351235564274e+01
3.659441669735350189e+01,-2.965515354575029860e+01
3.659251751435000699e+01,-2.969684140339559164e+01
3.659060053677062285e+01,-2.973831194885964280e+01
3.658864926989311073e+01,-2.977960737704342620e+01
3.658664808440240535e+01,-2.982076732079845272e+01
3.658458209457361221e+01,-2.986182895836844509e+01
3.658243705239447507e+01,-2.990282712021044631e+01
3.658019925585688981e+01,-2.994379439409147281e+01
3.657785546981195068e+01,-2.998476122763412022e+01
3.657539285794010908e+01,-3.002575602770928143e+01
3.657279892453502157e+01,-3.006680525625602129e+01
3.657006146493711896e+01,-3.010793352225331532e+01
3.656716852357767777e+01,-3.014916366968316552e+01
3.656410835870892839e+01,-3.019051686141575175e+01
3.656086941299981419e+01,-3.023201265901667512e+01
3.655744028926930866e+01,-3.027366909853051524e+01
3.655380973071385853e+01,-3.031550276233542007e+01
3.654996660506012063e+01,-3.035752884719286016e+01
3.654589989214064616e+01,-3.039976122863763663e+01
3.654159867444978005e+01,-3.044221252186774151e+01
3.653705213028938203e+01,-3.048489413930182934e+01
3.653224952916089308e+01,-3.052781634497651808e+01
3.652718022910109852e+01,-3.057098830595715100e+01
3.652183367569557504e+01,-3.061441814093354097e+01
3.651619940253569041e+01,-3.065811296616883297e+01
3.651026703291369557e+01,-3.070207893896542828e+01
3.650402628257457138e+01,-3.074632129880477294e+01
3.649746696336623586e+01,-3.079084440631219621e+01
3.649057898764812080e+01,-3.083565178019059516e+01
3.648335237333553493e+01,-3.088074613225916210e+01
3.647577724947201006e+01,-3.092612940072628902e+01
3.646784386223500007e+01,-3.097180278181845736e+01
3.645954258129166448e+01,-3.101776675987921550e+01
3.645086390643169239e+01,-3.106402113604575632e+01
3.644179847441308340e+01,-3.111056505560377161e+01
3.643233706596434018e+01,-3.115739703411403028e+01
3.642247061289373278e+01,-3.120451498239896537e+01
3.641219020526192196e+01,-3.125191623047068035e+01
3.640148709857999876e+01,-3.129959755047643100e+01
3.639035272099918217e+01,-3.134755517873261610e+01
3.637877868046269469e+01,-3.139578483691289534e+01
3.636675677179425747e+01,-3.144428175245129964e+01
3.635427898369995603e+01,-3.149304067821728026e+01
3.634133750566403620e+01,-3.154205591151493948e+01
3.632792473472091643e+01,-3.159132131245492303e+01
3.631403328208801895e+01,-3.164083032174416132e+01
3.629965597964603319e+01,-3.169057597793492320e+01
3.628478588625490175e+01,-3.174055093417132412e+01
3.626941629389511235e+01,-3.179074747446916760e+01
3.625354073362515095e+01,-3.184115752956147816e+01
3.623715298134765561e+01,-3.189177269233991652e+01
3.622024706337674615e+01,-3.194258423291989502e+01
3.620281726180119364e+01,-3.199358311335503302e+01
3.618485811963775944e+01,-3.204476000202404151e+01
3.616636444577042653e+01,-3.209610528771210625e+01
3.614733131967155799e+01,-3.214760909340600392e+01
3.612775409590168607e+01,-3.219926128982153557e+01
3.610762840838491883e+01,-3.225105150867955217e+01
3.608695017445788267e+01,-3.230296915574569994e+01
3.606571559868966403e+01,-3.235500342364778703e+01
3.604392117647153526e+01,-3.240714330448341229e+01
3.602156369737480190e+01,-3.245937760222883384e+01
3.599864024827574127e+01,-3.251169494495997725e+01
3.597514821624675108e+01,-3.256408379689450072e+01
3.595108529121312557e+01,-3.261653247026336544e+01
3.592644946837497599e+01,-3.266902913701958511e+01
3.590123905039413188e+01,-3.272156184039093318e+01
3.587545264934584566e+01,-3.277411850628219980e+01
3.584908918843547099e+01,-3.282668695453282481e+01
3.582214790348035649e+01,-3.287925491003430523e+01
3.579462834415726036e+01,-3.293181001371121397e+01
3.576653037501585430e+01,-3.298433983336974507e+01
3.573785417625875027e+01,-3.303683187441660607e+01
3.570860024428912283e+01,-3.308927359045052441e+01
3.567876939202628250e+01,-3.314165239372879057e+01
3.564836274899049329e+01,-3.319395566551029475e+01
3.561738176115789400e+01,-3.324617076627622936e+01
3.558582819058656099e+01,-3.329828504582964399e+01
3.555370411481505499e+01,-3.335028585327405892e+01
3.552101192603453228e+01,-3.340216054687169844e+01
3.548775433003596191e+01,-3.345389650378138668e+01
3.545393434493360019e+01,-3.350548112967531011e+01
3.541955529966654126e+01,-3.355690186823485277e+01
3.538462083227956612e+01,-3.360814621052433182e+01
3.534913488798520120e+01,-3.365920170424166713e+01
3.531310171700846468e+01,-3.371005596284505401e+01
3.527652587221614766e+01,-3.376069667455443124e+01
3.523941220653257034e+01,-3.381111161122579034e+01
3.520176587014337599e+01,-3.386128863709733139e+01
3.516359230748956577e+01,-3.391121571740543317e+01
3.512489725405380625e+01,-3.396088092686842685e+01
3.508568673294075069e+01,-3.401027245803662424e+01
3.504596705125374712e+01,-3.405937862950631256e+01
3.500574479627002944e+01,-3.410818789399542794e+01
3.496502683141651602e+01,-3.415668884627898194e+01
3.492382029204844685e+01,-3.420487023098193902e+01
3.488213258103335335e+01,-3.425272095022680929e+01
3.483997136414232898e+01,-3.430023007113405953e+01
3.479734456525134334e+01,-3.434738683317272745e+01
3.475426036135470298e+01,-3.439418065535847546e+01
3.471072717739335189e+01,-3.444060114329700184e+01
3.466675368090014331e+01,-3.448663809607018038e+01
3.462234877646503861e+01,-3.453228151296195136e+01
3.457752160002217323e+01,-3.457752160002216613e+01
3.453228151296196557e+01,-3.462234877646502440e+01
3.448663809607019459e+01,-3.466675368090012910e+01
3.444060114329702316e+01,-3.471072717739333768e+01
3.439418065535846125e+01,-3.475426036135471008e+01
3.434738683317273455e+01,-3.479734456525132913e+01
3.430023007113405953e+01,-3.483997136414232187e+01
3.425272095022679508e+01,-3.488213258103335335e+01
3.420487023098195323e+01,-3.492382029204843974e+01
3.415668884627899615e+01,-3.496502683141650891e+01
3.410818789399541373e+01,-3.500574479627004365e+01
3.405937862950632677e+01,-3.504596705125374001e+01
3.401027245803663845e+01,-3.508568673294075069e+01
3.396088092686841264e+01,-3.512489725405382046e+01
3.391121571740544027e+01,-3.516359230748955866e+01
3.386128863709733849e+01,-3.520176587014337599e+01
3.381111161122577613e+01,-3.523941220653258455e+01
3.376069667455443835e+01,-3.527652587221614766e+01
3.371005596284506822e+01,-3.531310171700845046e+01
3.365920170424164581e+01,-3.534913488798520120e+01
3.360814621052433893e+01,-3.538462083227956612e+01
3.355690186823485988e+01,-3.541955529966653415e+01
3.350548112967531722e+01,-3.545393434493358598e+01
3.345389650378139379e+01,-3.548775433003595481e+01
3.340216054687171265e+01,-3.552101192603453228e+01
3.335028585327406603e+01,-3.555370411481503368e+01
3.329828504582965820e+01,-3.558582819058654678e+01
3.324617076627623646e+01,-3.561738176115789400e+01
3.319395566551030896e+01,-3.564836274899049329e+01
3.314165239372879057e+01,-3.567876939202628250e+01
3.308927359045051020e+01,-3.570860024428912993e+01
3.303683187441660607e+01,-3.573785417625875027e+01
3.298433983336975217e+01,-3.576653037501585430e+01
3.293181001371119976e+01,-3.579462834415726746e+01
3.287925491003431944e+01,-3.582214790348034938e+01
3.282668695453283902e+01,-3.584908918843546388e+01
3.277411850628217849e+01,-3.587545264934584566e+01
3.272156184039094029e+01,-3.590123905039413188e+01
3.266902913701959932e+01,-3.592644946837497599e+01
3.261653247026335123e+01,-3.595108529121312557e+01
3.256408379689450783e+01,-3.597514821624674397e+01
3.251169494495997725e+01,-3.599864024827573417e+01
3.245937760222881963e+01,-3.602156369737480190e+01
3.240714330448341229e+01,-3.604392117647152816e+01
3.235500342364779414e+01,-3.606571559868966403e+01
3.230296915574570704e+01,-3.608695017445787556e+01
3.225105150867955928e+01,-3.610762840838492593e+01
3.219926128982154268e+01,-3.612775409590167897e+01
3.214760909340601103e+01,-3.614733131967155799e+01
3.209610528771211335e+01,-3.616636444577041942e+01
3.204476000202404862e+01,-3.618485811963775234e+01
3.199358311335504013e+01,-3.620281726180119364e+01
3.194258423291989857e+01,-3.622024706337675326e+01
3.189177269233990231e+01,-3.623715298134766272e+01
3.184115752956148881e+01,-3.625354073362515095e+01
3.179074747446917470e+01,-3.626941629389510524e+01
3.174055093417130990e+01,-3.628478588625489465e+01
3.169057597793492675e+01,-3.629965597964603319e+01
3.164083032174416843e+01,-3.631403328208801895e+01
3.159132131245491593e+01,-3.632792473472092354e+01
3.154205591151495014e+01,-3.634133750566402909e+01
3.149304067821729092e+01,-3.635427898369995603e+01
3.144428175245129253e+01,-3.636675677179426458e+01
3.139578483691290245e+01,-3.637877868046270180e+01
3.134755517873262676e+01,-3.639035272099917506e+01
3.129959755047642389e+01,-3.640148709858000586e+01
3.125191623047068390e+01,-3.641219020526192196e+01
3.120451498239897603e+01,-3.642247061289373278e+01
3.115739703411402317e+01,-3.643233706596434729e+01
3.111056505560377872e+01,-3.644179847441306919e+01
3.106402113604576698e+01,-3.645086390643169239e+01
3.101776675987921550e+01,-3.645954258129165737e+01
3.097180278181847157e+01,-3.646784386223500718e+01
3.092612940072629257e+01,-3.647577724947201006e+01
3.088074613225916920e+01,-3.648335237333552783e+01
3.083565178019060227e+01,-3.649057898764811370e+01
3.079084440631218911e+01,-3.649746696336624296e+01
3.074632129880478004e+01,-3.650402628257456428e+01
3.070207893896543538e+01,-3.651026703291370268e+01
3.065811296616883297e+01,-3.651619940253570462e+01
3.061441814093354097e+01,-3.652183367569556793e+01
3.057098830595715810e+01,-3.652718022910111273e+01
3.052781634497650387e+01,-3.653224952916087886e+01
3.048489413930182934e+01,-3.653705213028937493e+01
3.044221252186774862e+01,-3.654159867444977294e+01
3.039976122863762598e+01,-3.654589989214065326e+01
3.035752884719286371e+01,-3.654996660506011352e+01
3.031550276233542718e+01,-3.655380973071385853e+01
3.027366909853050458e+01,-3.655744028926930866e+01
3.023201265901667867e+01,-3.656086941299981419e+01
3.019051686141575530e+01,-3.656410835870892129e+01
3.014916366968315486e+01,-3.656716852357765646e+01
3.010793352225331887e+01,-3.657006146493713317e+01
3.006680525625603195e+01,-3.657279892453500736e+01
3.002575602770928853e+01,-3.657539285794009487e+01
2.998476122763413088e+01,-3.657785546981195779e+01
2.994379439409147636e+01,-3.658019925585688270e+01
2.990282712021045342e+01,-3.658243705239447507e+01
2.986182895836844864e+01,-3.658458209457361221e+01
2.982076732079845982e+01,-3.658664808440239824e+01
2.977960737704343330e+01,-3.658864926989311073e+01
2.973831194885964635e+01,-3.659060053677062285e+01
2.969684140339558454e+01,-3.659251751434999989e+01
2.965515354575030571e+01,-3.659441669735350899e+01
2.961320351235565340e+01,-3.659631558560678144e+01
2.957094366704073352e+01,-3.659823284372261298e+01
2.952832350213875401e+01,-3.660018848304270733e+01
2.948528954760021747e+01,-3.660220406825253292e+01
2.944178529179930948e+01,-3.660430295119849120e+01
2.939775111857759171e+01,-3.660651053450308012e+01
2.935312426608199488e+01,-3.660885456756746237e+01
2.930783881413688619e+01,-3.661136547744288094e+01
2.926182570825957185e+01,-3.661407673680132291e+01
2.921501282999716764e+01,-3.661702527079413727e+01
2.916732512503292440e+01,-3.662025190389218920e+01
2.911868480247448332e+01,-3.662380184677851958e+01
2.906901162087151036e+01,-3.662772522192531000e+01
2.901822327876370622e+01,-3.663207762452801575e+01
2.896623592984721185e+01,-3.663692071287525920e+01
2.891296484503850905e+01,-3.664232281887824172e+01
2.885832524561455514e+01,-3.664835956524500205e+01
2.880223333295236543e+01,-3.665511447054865357e+01
2.874460754082123870e+01,-3.666267951712568873e+01
2.868537003523662676e+01,-3.667115564933467198e+01
2.862444848400060238e+01,-3.668065316128690512e+01
2.856177811255819776e+01,-3.669129192396703587e+01
2.849730405394695509e+01,-3.670320139213764321e+01
2.843098398764480805e+01,-3.671652032229022922e+01
2.836279104433728193e+01,-3.673139612522949449e+01
2.829271693055542158e+01,-3.674798377210130695e+01
2.822077519872477325e+01,-3.676644417262298248e+01
2.814700455500848619e+01,-3.678694195109038390e+01
2.807147206094265002e+01,-3.680964256169159654e+01
2.799427604793709534e+01,-3.683470871185700446e+01
2.791554853024483762e+01,-3.686229610228557618e+01
2.783545687725605688e+01,-3.689254854515290560e+01
2.775420449614200535e+01,-3.692559258619891693e+01
2.767203028735529102e+01,-3.696153182784619418e+01
2.758920667375664237e+01,-3.700044122241533984e+01
2.750603607230953429e+01,-3.704236166755320170e+01
2.742284577464661410e+01,-3.708729527921861546e+01
2.733998132366127720e+01,-3.713520173002875424e+01
2.725779860655323006e+01,-3.718599601374972963e+01
2.717665501483968526e+01,-3.723954792613659492e+01
2.709690013068301795e+01,-3.729568344068506747e+01
2.701886646918729795e+01,-3.735418801498516927e+01
2.694286082512758895e+01,-3.741481170563110936e+01
2.686915673437391661e+01,-3.747727581737667890e+01
2.679798846857430306e+01,-3.754128068601501411e+01
2.672954684865431574e+01,-3.760651411107658504e+01
2.666397700686041006e+01,-3.767265992358767335e+01
2.660137806947278705e+01,-3.773940619684110231e+01
2.654180459249904800e+01,-3.780645267714512414e+01
2.648526947533983744e+01,-3.787351711342210336e+01
2.643174801053586975e+01,-3.794034028293059180e+01
2.638118270220936878e+01,-3.800668962917064420e+01
2.633348849683942206e+01,-3.807236153398692835e+01
2.628855810890937050e+01,-3.813718233020181003e+01
2.624626718053408325e+01,-3.820100821972609850e+01
2.620647907858409198e+01,-3.826372429509303430e+01
2.616904919691228315e+01,-3.832524287284882547e+01
2.613382868921330271e+01,-3.838550134003355652e+01
2.610066760634616756e+01,-3.844445969548729636e+01
2.606941744922970017e+01,-3.850209794100286587e+01
2.603993317483795167e+01,-3.855841344767448220e+01
2.601207470955157675e+01,-3.861341839336279236e+01
2.598570803285121400e+01,-3.866713734015896620e+01
2.596070589692521580e+01,-3.871960499731640226e+01
2.593694824595960924e+01,-3.877086419583100962e+01
2.591432239420243633e+01,-3.882096408569285728e+01
2.589272301557190303e+01,-3.886995855546996381e+01
2.587205199053256877e+01,-3.891790486581734143e+01
2.585221814884828007e+01,-3.896486248316019640e+01
2.583313694006906758e+01,-3.901089209661315493e+01
2.581473005747212213e+01,-3.905605479965615245e+01
2.579692503578182894e+01,-3.910041141774761542e+01
2.577965483837575533e+01,-3.914402196355332109e+01
2.576285744581547021e+01,-3.918694520251503377e+01
2.574647545436764773e+01,-3.922923831285794449e+01
2.573045569062074733e+01,-3.927095662567333534e+01
2.571474884627489033e+01,-3.931215343229793291e+01
2.569930913560207486e+01,-3.935287984776443437e+01
2.568409397686656348e+01,-3.939318472056680775e+01
2.566906369808988231e+01,-3.943311458033764438e+01
2.565418126688343747e+01,-3.947271361626161479e+01
2.563941204360291337e+01,-3.951202368013972688e+01
2.562472355676029068e+01,-3.955108430898014404e+01
2.561008529942745326e+01,-3.958993276282818385e+01
2.559546854524978343e+01,-3.962860407426986598e+01
2.558084618264070542e+01,-3.966713110666290731e+01
2.556619256572545495e+01,-3.970554461867629215e+01
2.555148338063594338e+01,-3.974387333316523296e+01
2.553669552581427382e+01,-3.978214400878457013e+01
2.552180700505303079e+01,-3.982038151305822282e+01
2.550679683208097259e+01,-3.985860889588496292e+01
2.549164494558630523e+01,-3.989684746267877813e+01
2.547633213365530835e+01,-3.993511684652226990e+01
2.546083996668770766e+01,-3.997343507885943126e+01
2.544515073793133908e+01,-4.001181865837627782e+01
2.542924741085494844e+01,-4.005028261781553311e+01
2.541311357265093918e+01,-4.008884058855228005e+01
2.539673339322629886e+01,-4.012750486282173057e+01
2.538009158910237417e+01,-4.016628645354124671e+01
2.536317339170105356e+01,-4.020519515170960290e+01
2.534596451954685037e+01,-4.024423958139826851e+01
2.532845115396193592e+01,-4.028342725237372690e+01
2.531061991787398924e+01,-4.032276461040849824e+01
2.529245785739556496e+01,-4.036225708535231860e+01
2.527395242586890234e+01,-4.040190913704458353e+01
2.525509147010167865e+01,-4.044172429915564493e+01
2.523586321854722669e+01,-4.048170522104898339e+01
2.521625627120901214e+01,-4.052185370775801943e+01
2.519625959107128210e+01,-4.056217075817177431e+01
2.517586249687875366e+01,-4.060265660152315803e+01
2.515505465710650412e+01,-4.064331073227167934e+01
2.513382608497773774e+01,-4.068413194346979367e+01
2.511216713440164128e+01,-4.072511835869954666e+01
2.509006849671703065e+01,-4.076626746266249768e+01
2.506752119813898005e+01,-4.080757613050246135e+01
2.504451659781639350e+01,-4.084904065593693190e+01
2.502104638641802836e+01,-4.089065677826873468e+01
2.499710258517237804e+01,-4.093241970834656485e+01
2.497267754529523032e+01,-4.097432415353834756e+01
2.494776394774477879e+01,-4.101636434177805057e+01
2.492235480325057040e+01,-4.105853404474289903e+01
2.489644345256788682e+01,-4.110082660021458167e+01
2.487002356691432681e+01,-4.114323493367422913e+01
2.484308914854912587e+01,-4.118575157917816654e+01
2.481563453146035414e+01,-4.122836869955821015e+01
2.478765438212818140e+01,-4.127107810598698734e+01
2.475914370033580880e+01,-4.131387127694670625e+01
2.473009782000233514e+01,-4.135673937663646171e+01
2.470051241001458564e+01,-4.139967327285086185e+01
2.467038347503714135e+01,-4.144266355436080573e+01
2.463970735628166864e+01,-4.148570054782451422e+01
2.460848073221913523e+01,-4.152877433425492626e+01
2.457670061921936977e+01,-4.157187476506799584e+01
2.454436437210465272e+01,-4.161499147773415785e+01
2.451146968460509257e+01,-4.165811391105363271e+01
2.447801458970467081e+01,-4.170123132007486788e+01
2.444399745986847350e+01,-4.174433279067342539e+01
2.440941700714197538e+01,-4.178740725380779253e+01
2.437427228311472405e+01,-4.183044349946690943e+01
2.433856267874152834e+01,-4.187343019032276459e+01
2.430228792401479865e+01,-4.191635587510096883e+01
2.426544808748246496e+01,-4.195920900168054857e+01
2.422804357560700339e+01,-4.200197792993316881e+01
2.419007513196092418e+01,-4.204465094431156302e+01
2.415154383625517553e+01,-4.208721626619577449e+01
2.411245110319741514e+01,-4.212966206600449226e+01
2.407279868117720412e+01,-4.217197647507937575e+01
2.403258865077579642e+01,-4.221414759734791744e+01
2.399182342309892846e+01,-4.225616352077085480e+01
2.395050573793066562e+01,-4.229801232857931126e+01
2.390863866170722929e+01,-4.233968211030587270e+01
2.386622558531013283e+01,-4.238116097261382720e+01
2.382327022167759978e+01,-4.242243704992775832e+01
2.377977660323418263e+01,-4.246349851486898785e+01
2.373574907913853949e+01,-4.250433358849784327e+01
2.369119231234932599e+01,-4.254493055036547133e+01
2.364611127650957911e+01,-4.258527774837687474e+01
2.360051125265042771e+01,-4.262536360846655015e+01
2.355439782571458451e+01,-4.266517664408808486e+01
2.350777688090058604e+01,-4.270470546551871394e+01
2.346065459982926882e+01,-4.274393878897907939e+01
2.341303745653316426e+01,-4.278286544556918614e+01
2.336493221327086189e+01,-4.282147439002010714e+01
2.331634591616741758e+01,-4.285975470926196351e+01
2.326728589068271447e+01,-4.289769563080762538e+01
2.321775973690981232e+01,-4.293528653095175684e+01
2.316777532470482015e+01,-4.297251694278484280e+01
2.311734078865065456e+01,-4.300937656402141585e+01
2.306646452285690074e+01,-4.304585526464154555e+01
2.301515517559781543e+01,-4.308194309434477276e+01
2.296342164379098705e+01,-4.311763028981550860e+01
2.291127306731926083e+01,-4.315290728179855506e+01
2.285871882319818837e+01,-4.318776470198363882e+01
2.280576851959176921e+01,-4.322219338969775748e+01
2.275243198967934077e+01,-4.325618439840364005e+01
2.269871928537614281e+01,-4.328972900200333385e+01
2.264464067091043731e+01,-4.332281870094509202e+01
2.259020661626036741e+01,-4.335544522813208346e+01
2.253542779045308109e+01,-4.338760055463152554e+01
2.248031505472934910e+01,-4.341927689518266220e+01
2.242487945557691376e+01,-4.345046671350159073e+01
2.236913221763521165e+01,-4.348116272738183596e+01
2.231308473647491297e+01,-4.351135791358865390e+01
2.225674857125554595e+01,-4.354104551254549449e+01
2.220013543726384597e+01,-4.357021903281118114e+01
2.214325719833678008e+01,-4.359887225534567534e+01
2.208612585917183679e+01,-4.362699923756324694e+01
2.202875355752804865e+01,-4.365459431717125227e+01
2.197115255632117936e+01,-4.368165211579258767e+01
2.191333523561591434e+01,-4.370816754237070256e+01
2.185531408451853252e+01,-4.373413579635514736e+01
2.179710169297336009e+01,-4.375955237066612824e+01
2.173871074346589083e+01,-4.378441305443674025e+01
2.168015400263590564e+01,-4.380871393553098159e+01
2.162144431280398749e+01,-4.383245140283621311e+01
2.156259458341401469e+01,-4.385562214832847872e+01
2.150361778239500765e+01,-4.387822316890925123e+01
2.144452692744544464e+01,-4.390025176801198370e+01
2.138533507724263316e+01,-4.392170555697718726e+01
2.132605532258016012e+01,-4.394258245619457171e+01
2.126670077743647624e+01,-4.396288069601066439e+01
2.120728456997681377e+01,-4.398259881740082733e+01
2.114781983349134720e+01,-4.400173567240411643e+01
2.108831969727218336e+01,-4.402029042431954764e+01
2.102879727743126992e+01,-4.403826254766272541e+01
2.096926566766158828e+01,-4.405565182788139822e+01
2.090973792994391900e+01,-4.407245836082842061e+01
2.085022708520071433e+01,-4.408868255199132591e+01
2.079074610389937305e+01,-4.410432511547675460e+01
2.073130789660602957e+01,-4.411938707274874361e+01
2.067192530449143106e+01,-4.413386975111965427e+01
2.061261108979037004e+01,-4.414777478199228966e+01
2.055337792621512705e+01,-4.416110409885207133e+01
2.049423838932381514e+01,-4.417385993500802499e+01
2.043520494684435818e+01,-4.418604482108123221e+01
2.037628994895370838e+01,-4.419766158223952601e+01
2.031750561851244541e+01,-4.420871333517713708e+01
2.025886404125425244e+01,-4.421920348483780572e+01
2.020037715592923888e+01,-4.422913572088030065e+01
2.014205674439980953e+01,-4.423851401388472482e+01
2.008391442168765550e+01,-4.424734261129826507e+01
2.002596162596935159e+01,-4.425562603311895060e+01
1.996820960851805538e+01,-4.426336906731594922e+01
1.991066942358836300e+01,-4.427057676498474592e+01
1.985335191824013279e+01,-4.427725443523570448e+01
1.979626772209721608e+01,-4.428340763981433525e+01
1.973942723703619606e+01,-4.428904218745149279e+01
1.968284062679905588e+01,-4.429416412794179081e+01
1.962651780652350197e+01,-4.429877974594834456e+01
1.957046843218383003e+01,-4.430289555453187234e+01
1.951470188993376453e+01,-4.430651828840225903e+01
1.945922728534233315e+01,-4.430965489689045711e+01
1.940405343251281067e+01,-4.431231253663857927e+01
1.934918884307300146e+01,-4.431449856400596587e+01
1.929464171502489833e+01,-4.431622052718909544e+01
1.924041992143963142e+01,-4.431748615805274483e+01
1.918653099898260095e+01,-4.431830336367034562e+01
1.913298213625248323e+01,-4.431868021757094311e+01
1.907978016191537662e+01,-4.431862495069030672e+01
1.902693153261439463e+01,-4.431814594202396762e+01
1.897444232063284986e+01,-4.431725170897968979e+01
1.892231820128687048e+01,-4.431595089742705085e+01
1.887056444002142541e+01,-4.431425227144197265e+01
1.881918587918143970e+01,-4.431216470274426200e+01
1.876818692442651582e+01,-4.430969715982613621e+01
1.871757153075562385e+01,-4.430685869677045474e+01
1.866734318810496518e+01,-4.430365844175734225e+01
1.861750490647859380e+01,-4.430010558525863473e+01
1.856805920056819659e+01,-4.429620936792012031e+01
1.851900807381480973e+01,-4.429197906813217145e+01
1.847035300186048445e+01,-4.428742398929060187e+01
1.842209491533402144e+01,-4.428255344675026350e+01
1.837423418191013624e+01,-4.427737675447566801e+01
1.832677058757559507e+01,-4.427190321139429585e+01
1.827970331703092555e+01,-4.426614208746037349e+01
1.823303093315018231e+01,-4.426010260943908747e+01
1.818675135541408849e+01,-4.425379394642399689e+01
1.814086183722594825e+01,-4.424722519510400076e+01
1.809535894201119532e+01,-4.424040536479951413e+01
1.805023851799389334e+01,-4.423334336229275010e+01
1.800549567153501584e+01,-4.422604797648180153e+01
1.796112473890747196e+01,-4.421852786289517923e+01
1.791711925637355307e+01,-4.421079152811017110e+01
1.787347192841997412e+01,-4.420284731412787238e+01
1.783017459399422222e+01,-4.419470338276720867e+01
1.778721819057467002e+01,-4.418636770015264403e+01
1.774459271589471498e+01,-4.417784802138405809e+01
1.770228718712814953e+01,-4.416915187549293620e+01
1.766028959733021253e+01,-4.416028655080877030e+01
1.761858686891556047e+01,-4.415125908088037932e+01
1.757716480394049441e+01,-4.414207623112297796e+01
1.753600803094393257e+01,-4.413274448639091219e+01
1.749509994808905589e+01,-4.412327003971018513e+01
1.745442266233523299e+01,-4.411365878244433958e+01
1.741395692436004339e+01,-4.410391629621307885e+01
1.737368205894311757e+01,-4.409404784693541046e+01
1.733357589051835745e+01,-4.408405838143018229e+01
1.729361466360054678e+01,-4.407395252707652844e+01
1.725377295779783537e+01,-4.406373459511733159e+01
1.721402359713318475e+01,-4.405340858828094497e+01
1.717433755342140600e+01,-4.404297821350137099e+01
1.713468384348193752e+01,-4.403244690063814204e+01
1.709502942001897807e+01,-4.402181782823301859e+01
1.705533905607098788e+01,-4.401109395749629272e+01
1.701557522302690373e+01,-4.400027807588973161e+01
1.697569796233380046e+01,-4.398937285186983814e+01
1.693566475118602455e+01,-4.397838090257390320e+01
1.689543036269858689e+01,-4.396730487647354835e+01
1.685494672133911820e+01,-4.395614755328701051e+01
1.681416275473435107e+01,-4.394491196372950270e+01
1.677302424339396936e+01,-4.393360153199062523e+01
1.673147367042470179e+01,-4.392222024415102055e+01
1.668945007395916491e+01,-4.391077284608360998e+01
1.664688890581936676e+01,-4.389926507471193418e+01
1.660372190089941569e+01,-4.388770392680562793e+01
1.655987696291079914e+01,-4.387609796975549159e+01
1.651527807351328292e+01,-4.386445769895562563e+01
1.646984523348302432e+01,-4.385279594648433488e+01
1.642349444646771062e+01,-4.384112834566123951e+01
1.637613775806286398e+01,-4.382947385569333676e+01
1.632768336541857934e+01,-4.381785534991252717e+01
1.627803581533450838e+01,-4.380630026994194282e+01
1.622709631177803402e+01,-4.379484134636589232e+01
1.617476315688026745e+01,-4.378351738396705173e+01
1.612093235258229029e+01,-4.377237410614854696e+01
1.606549839299923477e+01,-4.376146504859494257e+01
1.600835527993071850e+01,-4.375085248635526369e+01
1.594939779533625845e+01,-4.374060837119557732e+01
1.588852306445290807e+01,-4.373081524717071744e+01
1.582563244084668952e+01,-4.372156710192349038e+01
1.576063373921378385e+01,-4.371297009942556855e+01
1.569344383223197426e+01,-4.370514312718179184e+01
1.562399161322078811e+01,-4.369821807812387249e+01
1.555222130590485818e+01,-4.369233977574693739e+01
1.547809607556959399e+01,-4.368766544221605841e+01
1.540160186225856975e+01,-4.368436360540273711e+01
1.532275131712677485e+01,-4.368261234474503141e+01
1.524158767954116911e+01,-4.368259679028156484e+01
1.515818838835531857e+01,-4.368450581682436962e+01
1.507266818091214056e+01,-4.368852791786608236e+01
1.498518140414307176e+01,-4.369484630182994778e+01
1.489592325097110859e+01,-4.370363332477489138e+01
1.480512964939230258e+01,-4.371504445388743676e+01
1.471307557696248303e+01,-4.372921203712226657e+01
1.462007165265437791e+01,-4.374623922555235822e+01
1.452645896913503165e+01,-4.376619444418390970e+01
1.443260226361568321e+01,-4.378910682247699526e+01
1.433888167095212118e+01,-4.381496296888848008e+01
1.424568344068508097e+01,-4.384370540120657722e+01
1.415339011072180320e+01,-4.387523283029228338e+01
1.406237069699228570e+01,-4.390940235064010011e+01
1.397297146913548183e+01,-4.394603343455248279e+01
1.388550783406136091e+01,-4.398491347835329890e+01
1.380025774850535747e+01,-4.402580452866053662e+01
1.371745694302213359e+01,-4.406845073924205280e+01
1.363729608295998830e+01,-4.411258608187556263e+01
1.355991983765878395e+01,-4.415794185706445774e+01
1.348542769555724341e+01,-4.420425361421615662e+01
1.341387626269765754e+01,-4.425126718282844251e+01
1.334528272116142489e+01,-4.429874362132326837e+01
1.327962910171361344e+01,-4.434646299434378136e+01
1.321686703587374012e+01,-4.439422698154114499e+01
1.315692268831814715e+01,-4.444186039410569578e+01
1.309970162157870988e+01,-4.448921172658341305e+01
1.304509340271426154e+01,-4.453615290129723547e+01
1.299297581894484921e+01,-4.458257837374572574e+01
1.294321862120108158e+01,-4.462840376373224416e+01
1.289568675824992461e+01,-4.467356416309174705e+01
1.285024309835305445e+01,-4.471801225082639775e+01
1.280675066041610677e+01,-4.476171632364103914e+01
1.276507439324722171e+01,-4.480465832685446514e+01
1.272508255123683441e+01,-4.484683194919195870e+01
1.268664771901508459e+01,-4.488824082606454624e+01
1.264964753788106222e+01,-4.492889688007814897e+01
1.261396518429506663e+01,-4.496881881475732001e+01
1.257948964651798107e+01,-4.500803076761719979e+01
1.254611584036666727e+01,-4.504656112143661062e+01
1.251374459961695251e+01,-4.508444146746762016e+01
1.248228257122622864e+01,-4.512170571095423099e+01
1.245164204052165147e+01,-4.515838930734342682e+01
1.242174070695297061e+01,-4.519452861661645215e+01
1.239250142700895907e+01,-4.523016036296915843e+01
1.236385193745167754e+01,-4.526532118739608990e+01
1.233572456911407400e+01,-4.530004728140435333e+01
1.230805595908753602e+01,-4.533437409096433868e+01
1.228078676714332040e+01,-4.536833608079297875e+01
1.225386140062938978e+01,-4.540196655008872995e+01
1.222722775080490187e+01,-4.543529749184636302e+01
1.220083694256633855e+01,-4.546835948884045564e+01
1.217464309873644979e+01,-4.550118164026028467e+01
1.214860311948762117e+01,-4.553379151379355250e+01
1.212267647701977324e+01,-4.556621511868983276e+01
1.209682502528177217e+01,-4.559847689598662157e+01
1.207101282428649114e+01,-4.563059972265342878e+01
1.204520597840618912e+01,-4.566260492691165496e+01
1.201937248792779123e+01,-4.569451231242152289e+01
1.199348211308503309e+01,-4.572634018940206602e+01
1.196750624975401323e+01,-4.575810541107205154e+01
1.194141781599427254e+01,-4.578982341407346723e+01
1.191519114862953188e+01,-4.582150826177283420e+01
1.188880190908784584e+01,-4.585317268953340886e+01
1.186222699775520439e+01,-4.588482815121792413e+01
1.183544447613516404e+01,-4.591648486632178816e+01
1.180843349615070537e+01,-4.594815186725529088e+01
1.178117423596765967e+01,-4.597983704639005964e+01
1.175364784176334432e+01,-4.601154720256871400e+01
1.172583637490715347e+01,-4.604328808684346086e+01
1.169772276406162703e+01,-4.607506444726583794e+01
1.166929076175180846e+01,-4.610688007259658860e+01
1.164052490498862369e+01,-4.613873783484179825e+01
1.161141047956702721e+01,-4.617063973055271475e+01
1.158193348769210473e+01,-4.620258692085194951e+01
1.155208061861709012e+01,-4.623457977016838072e+01
1.152183922200498678e+01,-4.626661788367921702e+01
1.149119728375135097e+01,-4.629870014347093132e+01
1.146014340402916076e+01,-4.633082474343962787e+01
1.142866677733898584e+01,-4.636298922295978286e+01
1.139675717436651503e+01,-4.639519049935545780e+01
1.136440492546824643e+01,-4.642742489921231197e+01
1.133160090562236277e+01,-4.645968818857122784e+01
1.129833652069635086e+01,-4.649197560204672897e+01
1.126460369489730340e+01,-4.652428187091332035e+01
1.123039485928224757e+01,-4.655660125020412465e+01
1.119570294121775689e+01,-4.658892754486518584e+01
1.116052135468799378e+01,-4.662125413500810822e+01
1.112484399135950319e+01,-4.665357400030335810e+01
1.108866521231945690e+01,-4.668587974355442327e+01
1.105197984041195802e+01,-4.671816361349196001e+01
1.101478315310337130e+01,-4.675041752682565743e+01
1.097707087581430230e+01,-4.678263308958963052e+01
1.093883917566155795e+01,-4.681480161781525595e+01
1.090008465555818695e+01,-4.684691415756433486e+01
1.086080434862476274e+01,-4.687896150435301479e+01
1.082099571286932793e+01,-4.691093422199541862e+01
1.078065662609693476e+01,-4.694282266089453515e+01
1.073978538101355262e+01,-4.697461697580603612e+01
1.069838068049246971e+01,-4.700630714309892255e+01
1.065644163297359981e+01,-4.703788297753585823e+01
1.061396774796947362e+01,-4.706933414859436482e+01
1.057095893165382172e+01,-4.710065019634824068e+01
1.052741548251068338e+01,-4.713182054692805423e+01
1.048333808702427206e+01,-4.716283452757768657e+01
1.043872781539178440e+01,-4.719368138132266211e+01
1.039358611724251169e+01,-4.722435028126540146e+01
1.034791481734863616e+01,-4.725483034452081199e+01
1.030171611131456899e+01,-4.728511064580500545e+01
1.025499256123228164e+01,-4.731518023068895218e+01
1.020774709129244151e+01,-4.734502812852765175e+01
1.015998298334092453e+01,-4.737464336507505891e+01
1.011170387237240753e+01,-4.740401497479370363e+01
1.006291374195315136e+01,-4.743313201286748892e+01
1.001361691956583222e+01,-4.746198356692542575e+01
9.963818071870324644e+00,-4.749055876848323265e+01
9.913522199875224317e+00,-4.751884680410925910e+01
9.862734634014943325e+00,-4.754683692632073644e+01
9.811461029128413003e+00,-4.757451846421534469e+01
9.759707359336026400e+00,-4.760188083384318247e+01
9.707479912811376010e+00,-4.762891354832335367e+01
9.654785286445449088e+00,-4.765560622770917831e+01
9.601630380401370957e+00,-4.768194860860522510e+01
9.548022392557681925e+00,-4.770793055353974665e+01
9.493968812839039373e+00,-4.773354206009484813e+01
9.439477417433671746e+00,-4.775877326979716742e+01
9.384556262896657230e+00,-4.778361447677087881e+01
9.329213680138993325e+00,-4.780805613615537908e+01
9.273458268302693597e+00,-4.783208887228857265e+01
9.217298888521948896e+00,-4.785570348665788742e+01
9.160744657571079586e+00,-4.787889096561960400e+01
9.103804941400449380e+00,-4.790164248788774870e+01
9.046489348560792010e+00,-4.792394943179326816e+01
8.988807723518000614e+00,-4.794580338231401129e+01
8.930770139859282253e+00,-4.796719613787612246e+01
8.872386893392597784e+00,-4.798811971692713030e+01
8.813668495141449455e+00,-4.800856636428073898e+01
8.754625664236714400e+00,-4.802852855723376280e+01
8.695269320707748051e+00,-4.804799901145483432e+01
8.635610578175496599e+00,-4.806697068664497863e+01
8.575660736449489008e+00,-4.808543679196984044e+01
8.515431274031602271e+00,-4.810339079126324435e+01
8.454933840529461619e+00,-4.812082640800178979e+01
8.394180248981896852e+00,-4.813773763005011119e+01
8.333182468099508355e+00,-4.815411871417639844e+01
8.271952614423655703e+00,-4.816996419033765164e+01
8.210502944406385950e+00,-4.818526886573415879e+01
8.148845846414811689e+00,-4.820002782863281254e+01
8.086993832663285531e+00,-4.821423645195846319e+01
8.024959531076264696e+00,-4.822789039665300237e+01
7.962755677085449513e+00,-4.824098561480141711e+01
7.900395105364773407e+00,-4.825351835252423882e+01
7.837890741506299719e+00,-4.826548515263587547e+01
7.775255593640651774e+00,-4.827688285706817339e+01
7.712502744005835353e+00,-4.828770860905854789e+01
7.649645340467295718e+00,-4.829795985510223488e+01
7.586696587993557728e+00,-4.830763434666793188e+01
7.523669740090360492e+00,-4.831673014167630953e+01
7.460578090197181211e+00,-4.832524560574084660e+01
7.397434963049887457e+00,-4.833317941317032762e+01
7.334253706012679785e+00,-4.834053054773264790e+01
7.271047680383135869e+00,-4.834729830317907329e+01
7.207830252674087390e+00,-4.835348228352876276e+01
7.144614785875445406e+00,-4.835908240311285766e+01
7.081414630699677915e+00,-4.836409888637757604e+01
7.018243116814625537e+00,-4.836853226744600676e+01
6.955113544066641396e+00,-4.837238338943798510e+01
6.892039173697594556e+00,-4.837565340354750987e+01
6.829033219559343060e+00,-4.837834376787745327e+01
6.766108839328409452e+00,-4.838045624603086736e+01
6.703279125724264986e+00,-4.838199290545851028e+01
6.640557097734556713e+00,-4.838295611556213061e+01
6.577955691849791897e+00,-4.838334854555301945e+01
6.515487753310606145e+00,-4.838317316206525476e+01
6.453166027370643043e+00,-4.838243322652331102e+01
6.391003150577243552e+00,-4.838113229226333800e+01
6.329011642072726929e+00,-4.837927420140765378e+01
6.267203894918853102e+00,-4.837686308149179837e+01
6.205592167446299712e+00,-4.837390334184365059e+01
6.144188574631447075e+00,-4.837039966971379812e+01
6.083005079502613377e+00,-4.836635702615666332e+01
6.022053484576847637e+00,-4.836178064166127655e+01
5.961345423329524884e+00,-4.835667601153135564e+01
5.900892351697430982e+00,-4.835104889101326364e+01
5.840705539616616981e+00,-4.834490529017129745e+01
5.780796062596045282e+00,-4.833825146850892907e+01
5.721174793327128860e+00,-4.833109392933501169e+01
5.661852393329556143e+00,-4.832343941387350128e+01
5.602839304633644879e+00,-4.831529489511544284e+01
5.544145741498214264e+00,-4.830666757141155898e+01
5.485781682163540118e+00,-4.829756485980360736e+01
5.427756860638330849e+00,-4.828799438909300079e+01
5.370080758518747999e+00,-4.827796399264429539e+01
5.312762596837600881e+00,-4.826748170092136547e+01
5.255811327941411371e+00,-4.825655573375401275e+01
5.199235627391817438e+00,-4.824519449233206814e+01
5.143043885887966127e+00,-4.823340655092427198e+01
5.087244201205808558e+00,-4.822120064831860020e+01
5.031844370149044288e+00,-4.820858567898062574e+01
4.976851880506290016e+00,-4.819557068392622057e+01
4.922273903008371754e+00,-4.818216484130436328e+01
4.868117283278150964e+00,-4.816837745668580339e+01
4.814388533765016298e+00,-4.815421795305258001e+01
4.761093825655297707e+00,-4.813969586048353477e+01
4.708238980748012281e+00,-4.812482080552978658e+01
4.655829463285406256e+00,-4.810960250027471119e+01
4.603870371725456323e+00,-4.809405073107146933e+01
4.552366430442834400e+00,-4.807817534695146833e+01
4.501321981343477496e+00,-4.806198624769626093e+01
4.450740975375753194e+00,-4.804549337156482380e+01
4.400626963920134749e+00,-4.802870668266792364e+01
4.350983090037498613e+00,-4.801163615798044049e+01
4.301812079553603674e+00,-4.799429177398209134e+01
4.253116231955798909e+00,-4.797668349291638634e+01
4.204897411075581459e+00,-4.795882124865713081e+01
4.157157035527722755e+00,-4.794071493217096958e+01
4.109896068874283159e+00,-4.792237437656432064e+01
4.063115009479054685e+00,-4.790380934170194394e+01
4.016813880014016291e+00,-4.788502949838439804e+01
3.970992216576498812e+00,-4.786604441207052218e+01
3.925649057371846773e+00,-4.784686352613127980e+01
3.880782930911637063e+00,-4.782749614462034771e+01
3.836391843673503388e+00,-4.780795141454677122e+01
3.792473267163553707e+00,-4.778823830763492708e+01
3.749024124316485462e+00,-4.776836560155667399e+01
3.706040775163028655e+00,-4.774834186062100372e+01
3.663519001687953747e+00,-4.772817541590669066e+01
3.621453991794096883e+00,-4.770787434482412692e+01
3.579840322281325093e+00,-4.768744645009351046e+01
3.538671940739877009e+00,-4.766689923812778318e+01
3.497942146249132023e+00,-4.764623989681086869e+01
3.457643568762927000e+00,-4.762547527266399072e+01
3.417768147051309047e+00,-4.760461184739597229e+01
3.378307105057451132e+00,-4.758365571383779269e+01
3.339250926515808793e+00,-4.756261255126636911e+01
3.300589327663460804e+00,-4.754148760012885333e+01
3.262311227862298768e+00,-4.752028563618665657e+01
3.224404717933871289e+00,-4.749901094410762425e+01
3.186857025991033154e+00,-4.747766729054634283e+01
3.149654480533071954e+00,-4.745625789676604001e+01
3.112782470551115122e+00,-4.743478541087305445e+01
3.076225402370003970e+00,-4.741325187975373012e+01
3.039966652931315849e+00,-4.739165872082832465e+01
3.003988519199689122e+00,-4.737000669376487139e+01
2.968272163350776260e+00,-4.734829587232942316e+01
2.932797553375700250e+00,-4.732652561659000412e+01
2.897543398712949525e+00,-4.730469454573876220e+01
2.862487080494783509e+00,-4.728280051185320332e+01
2.827604575973421852e+00,-4.726084057498373170e+01
2.792870376672171862e+00,-4.723881098003296586e+01
2.758257399789983300e+00,-4.721670713598298619e+01
2.723736892376508401e+00,-4.719452359813503506e+01
2.689278327791119416e+00,-4.717225405414999528e+01
2.654849293964367529e+00,-4.714989131482474249e+01
2.620415373000626325e+00,-4.712742731070782298e+01
2.585940011696759910e+00,-4.710485309585430969e+01
2.551384382612198465e+00,-4.708215886024524366e+01
2.516707235415637900e+00,-4.705933395265648755e+01
2.481864738360650691e+00,-4.703636691605819919e+01
2.446810309918757476e+00,-4.701324553796295902e+01
2.411494440834007769e+00,-4.698995691852100265e+01
2.375864507174087592e+00,-4.696648755958616306e+01
2.339864575356184417e+00,-4.694282347844894332e+01
2.303435200643683345e+00,-4.691895035044971252e+01
2.266513221264424338e+00,-4.689485368524299247e+01
2.229031551123894062e+00,-4.687051904207431363e+01
2.190918975107742028e+00,-4.684593229003813519e+01
2.152099952222986001e+00,-4.682107991988841889e+01
2.112494433356240986e+00,-4.679594941453709112e+01
2.072017702267837880e+00,-4.677052968585437753e+01
2.030580250631110584e+00,-4.674481158571187933e+01
1.988087700499135746e+00,-4.671878849930025268e+01
1.944440790555875376e+00,-4.669245702849283219e+01
1.899535445883890894e+00,-4.666581777227213479e+01
1.853262954724977707e+00,-4.663887620980979420e+01
1.805510279738943513e+00,-4.661164368947866166e+01
1.756160535430128178e+00,-4.658413852362899377e+01
1.705093667470844565e+00,-4.655638718410670407e+01
1.652187373239580870e+00,-4.652842558694511865e+01
1.597318305506960190e+00,-4.650030044615542835e+01
1.540363602160242928e+00,-4.647207066587325386e+01
1.481202783294101710e+00,-4.644380872721010434e+01
1.419720051867577215e+00,-4.641560201114698714e+01
1.355807024251635573e+00,-4.638755398214325254e+01
1.289365901134864822e+00,-4.635978513971079451e+01
1.220313066301051519e+00,-4.633243362846134517e+01
1.148583069960700032e+00,-4.630565538315985208e+01
1.074132914504476899e+00,-4.627962367683817035e+01
9.969465146860183591e-01,-4.625452794032509019e+01
9.170391537048931951e-01,-4.623057173416314924e+01
8.344617055661391891e-01,-4.620796978210565698e+01
7.493043484084443984e-01,-4.618694402154221734e+01
6.616994607818305063e-01,-4.616771869075618184e+01
5.718233815416324806e-01,-4.615051455358859300e+01
4.798967321169627098e-01,-4.613554245316198177e+01
3.861830532713644848e-01,-4.612299647851786233e+01
2.909855989188140368e-01,-4.611304710913496052e+01
1.946422532625461943e-01,-4.610583475877289317e+01
9.751868424857582096e-02,-4.610146415944789311e+01
3.253449860797995982e-15,-4.610000000000000142e+01
-9.751868424858881057e-02,-4.610146415944789311e+01
-1.946422532625091406e-01,-4.610583475877289317e+01
-2.909855989187772884e-01,-4.611304710913496052e+01
-3.861830532714074504e-01,-4.612299647851785522e+01
-4.798967321169270717e-01,-4.613554245316198177e+01
-5.718233815415973975e-01,-4.615051455358859300e+01
-6.616994607818429408e-01,-4.616771869075618184e+01
-7.493043484084391803e-01,-4.618694402154220313e+01
-8.344617055661340821e-01,-4.620796978210564987e+01
-9.170391537049047415e-01,-4.623057173416314924e+01
-9.969465146860139182e-01,-4.625452794032507597e+01
-1.074132914504471792e+00,-4.627962367683816325e+01
-1.148583069960710912e+00,-4.630565538315985918e+01
-1.220313066301024207e+00,-4.633243362846135227e+01
-1.289365901134838621e+00,-4.635978513971079451e+01
-1.355807024251639792e+00,-4.638755398214326675e+01
-1.419720051867573662e+00,-4.641560201114698003e+01
-1.481202783294078618e+00,-4.644380872721010434e+01
-1.540363602160245593e+00,-4.647207066587326807e+01
-1.597318305506956193e+00,-4.650030044615542124e+01
-1.652187373239577539e+00,-4.652842558694510444e+01
-1.705093667470853003e+00,-4.655638718410671117e+01
-1.756160535430108860e+00,-4.658413852362899377e+01
-1.805510279738939960e+00,-4.661164368947864745e+01
-1.853262954724973266e+00,-4.663887620980977999e+01
-1.899535445883874019e+00,-4.666581777227213479e+01
-1.944440790555875154e+00,-4.669245702849285351e+01
-1.988087700499131305e+00,-4.671878849930025268e+01
-2.030580250631106587e+00,-4.674481158571186512e+01
-2.072017702267837880e+00,-4.677052968585439174e+01
-2.112494433356227219e+00,-4.679594941453709112e+01
-2.152099952222981560e+00,-4.682107991988840467e+01
-2.190918975107750022e+00,-4.684593229003814230e+01
-2.229031551123882515e+00,-4.687051904207431363e+01
-2.266513221264412792e+00,-4.689485368524298536e+01
-2.303435200643691338e+00,-4.691895035044971252e+01
-2.339864575356179976e+00,-4.694282347844894332e+01
-2.375864507174082263e+00,-4.696648755958615595e+01
-2.411494440834014874e+00,-4.698995691852100975e+01
-2.446810309918752147e+00,-4.701324553796295902e+01
-2.481864738360645362e+00,-4.703636691605819919e+01
-2.516707235415645894e+00,-4.705933395265648755e+01
-2.551384382612188695e+00,-4.708215886024523655e+01
-2.585940011696750140e+00,-4.710485309585430258e+01
-2.620415373000636983e+00,-4.712742731070782298e+01
-2.654849293964359092e+00,-4.714989131482474249e+01
-2.689278327791110534e+00,-4.717225405414999528e+01
-2.723736892376501295e+00,-4.719452359813502085e+01
-2.758257399789975750e+00,-4.721670713598298619e+01
-2.792870376672179411e+00,-4.723881098003296586e+01
-2.827604575973413858e+00,-4.726084057498373170e+01
-2.862487080494775071e+00,-4.728280051185319621e+01
-2.897543398712958407e+00,-4.730469454573876220e+01
-2.932797553375690924e+00,-4.732652561659000412e+01
-2.968272163350762494e+00,-4.734829587232943027e+01
-3.003988519199697116e+00,-4.737000669376487139e+01
-3.039966652931307856e+00,-4.739165872082832465e+01
-3.076225402369991535e+00,-4.741325187975373723e+01
-3.112782470551122227e+00,-4.743478541087306155e+01
-3.149654480533063072e+00,-4.745625789676604001e+01
-3.186857025991030046e+00,-4.747766729054633572e+01
-3.224404717933875286e+00,-4.749901094410763136e+01
-3.262311227862291219e+00,-4.752028563618664947e+01
-3.300589327663451478e+00,-4.754148760012884622e+01
-3.339250926515812790e+00,-4.756261255126637622e+01
-3.378307105057438697e+00,-4.758365571383779269e+01
-3.417768147051300609e+00,-4.760461184739595808e+01
-3.457643568762932329e+00,-4.762547527266399072e+01
-3.497942146249126250e+00,-4.764623989681085448e+01
-3.538671940739867239e+00,-4.766689923812777607e+01
-3.579840322281329978e+00,-4.768744645009351757e+01
-3.621453991794090665e+00,-4.770787434482411982e+01
-3.663519001687943533e+00,-4.772817541590667645e+01
-3.706040775163018886e+00,-4.774834186062099661e+01
-3.749024124316475692e+00,-4.776836560155666689e+01
-3.792473267163559925e+00,-4.778823830763493419e+01
-3.836391843673490065e+00,-4.780795141454677832e+01
-3.880782930911627737e+00,-4.782749614462034060e+01
-3.925649057371852102e+00,-4.784686352613129401e+01
-3.970992216576485490e+00,-4.786604441207052218e+01
-4.016813880014005633e+00,-4.788502949838439804e+01
-4.063115009479067119e+00,-4.790380934170194394e+01
-4.109896068874276054e+00,-4.792237437656431354e+01
-4.157157035527712097e+00,-4.794071493217097668e+01
-4.204897411075592117e+00,-4.795882124865712370e+01
-4.253116231955788251e+00,-4.797668349291637924e+01
-4.301812079553593016e+00,-4.799429177398208424e+01
-4.350983090037507495e+00,-4.801163615798043338e+01
-4.400626963920124091e+00,-4.802870668266792364e+01
-4.450740975375741648e+00,-4.804549337156483801e+01
-4.501321981343488154e+00,-4.806198624769626804e+01
-4.552366430442821965e+00,-4.807817534695146833e+01
-4.603870371725442112e+00,-4.809405073107146222e+01
-4.655829463285414249e+00,-4.810960250027471830e+01
-4.708238980747999847e+00,-4.812482080552977948e+01
-4.761093825655287937e+00,-4.813969586048352767e+01
-4.814388533765005640e+00,-4.815421795305258712e+01
-4.868117283278140306e+00,-4.816837745668579629e+01
-4.922273903008384188e+00,-4.818216484130436328e+01
-4.976851880506274917e+00,-4.819557068392621346e+01
-5.031844370149028300e+00,-4.820858567898062574e+01
-5.087244201205820993e+00,-4.822120064831860020e+01
-5.143043885887952804e+00,-4.823340655092426488e+01
-5.199235627391805892e+00,-4.824519449233206103e+01
-5.255811327941422029e+00,-4.825655573375401275e+01
-5.312762596837591111e+00,-4.826748170092135837e+01
-5.370080758518735564e+00,-4.827796399264429539e+01
-5.427756860638340619e+00,-4.828799438909300790e+01
-5.485781682163525019e+00,-4.829756485980360026e+01
-5.544145741498203606e+00,-4.830666757141155898e+01
-5.602839304633657314e+00,-4.831529489511544995e+01
-5.661852393329541933e+00,-4.832343941387349417e+01
-5.721174793327112873e+00,-4.833109392933500459e+01
-5.780796062596055052e+00,-4.833825146850892907e+01
-5.840705539616603659e+00,-4.834490529017130456e+01
-5.900892351697416771e+00,-4.835104889101326364e+01
-5.961345423329534654e+00,-4.835667601153135564e+01
-6.022053484576836979e+00,-4.836178064166127655e+01
-6.083005079502602719e+00,-4.836635702615665622e+01
-6.144188574631431976e+00,-4.837039966971380522e+01
-6.205592167446283725e+00,-4.837390334184364349e+01
-6.267203894918860207e+00,-4.837686308149179837e+01
-6.329011642072712718e+00,-4.837927420140765378e+01
-6.391003150577231118e+00,-4.838113229226333800e+01
-6.453166027370652813e+00,-4.838243322652331102e+01
-6.515487753310594599e+00,-4.838317316206524765e+01
-6.577955691849781239e+00,-4.838334854555301945e+01
-6.640557097734570036e+00,-4.838295611556213771e+01
-6.703279125724247223e+00,-4.838199290545851028e+01
-6.766108839328391689e+00,-4.838045624603086736e+01
-6.829033219559357271e+00,-4.837834376787745327e+01
-6.892039173697579457e+00,-4.837565340354750276e+01
-6.955113544066627185e+00,-4.837238338943798510e+01
-7.018243116814635307e+00,-4.836853226744600676e+01
-7.081414630699664592e+00,-4.836409888637757604e+01
-7.144614785875431195e+00,-4.835908240311285766e+01
-7.207830252674098048e+00,-4.835348228352876276e+01
-7.271047680383126099e+00,-4.834729830317907329e+01
-7.334253706012670015e+00,-4.834053054773265501e+01
-7.397434963049900780e+00,-4.833317941317032762e+01
-7.460578090197167000e+00,-4.832524560574084660e+01
-7.523669740090344504e+00,-4.831673014167630953e+01
-7.586696587993564833e+00,-4.830763434666793188e+01
-7.649645340467281507e+00,-4.829795985510223488e+01
-7.712502744005821143e+00,-4.828770860905854789e+01
-7.775255593640640228e+00,-4.827688285706818050e+01
-7.837890741506289061e+00,-4.826548515263587547e+01
-7.900395105364786730e+00,-4.825351835252423172e+01
-7.962755677085432637e+00,-4.824098561480142422e+01
-8.024959531076245156e+00,-4.822789039665300947e+01
-8.086993832663297965e+00,-4.821423645195846319e+01
-8.148845846414799254e+00,-4.820002782863281965e+01
-8.210502944406371739e+00,-4.818526886573416590e+01
-8.271952614423666361e+00,-4.816996419033765164e+01
-8.333182468099495921e+00,-4.815411871417639844e+01
-8.394180248981882642e+00,-4.813773763005011119e+01
-8.454933840529474054e+00,-4.812082640800178268e+01
-8.515431274031584508e+00,-4.810339079126324435e+01
-8.575660736449478350e+00,-4.808543679196984044e+01
-8.635610578175509033e+00,-4.806697068664497152e+01
-8.695269320707735616e+00,-4.804799901145484853e+01
-8.754625664236698412e+00,-4.802852855723376990e+01
-8.813668495141461889e+00,-4.800856636428073898e+01
-8.872386893392581797e+00,-4.798811971692712319e+01
-8.930770139859269818e+00,-4.796719613787612957e+01
-8.988807723518011272e+00,-4.794580338231400418e+01
-9.046489348560781352e+00,-4.792394943179327527e+01
-9.103804941400438722e+00,-4.790164248788775581e+01
-9.160744657571067151e+00,-4.787889096561961111e+01
-9.217298888521934686e+00,-4.785570348665788742e+01
-9.273458268302700702e+00,-4.783208887228856554e+01
-9.329213680138979115e+00,-4.780805613615537908e+01
-9.384556262896644796e+00,-4.778361447677088591e+01
-9.439477417433680628e+00,-4.775877326979716031e+01
-9.493968812839030491e+00,-4.773354206009485523e+01
-9.548022392557673044e+00,-4.770793055353974665e+01
-9.601630380401385167e+00,-4.768194860860522510e+01
-9.654785286445436654e+00,-4.765560622770918542e+01
-9.707479912811361800e+00,-4.762891354832336077e+01
-9.759707359336037058e+00,-4.760188083384317537e+01
-9.811461029128400568e+00,-4.757451846421535890e+01
-9.862734634014930890e+00,-4.754683692632074354e+01
-9.913522199875231422e+00,-4.751884680410926620e+01
-9.963818071870313986e+00,-4.749055876848322555e+01
-1.001361691956581979e+01,-4.746198356692543285e+01
-1.006291374195316024e+01,-4.743313201286748182e+01
-1.011170387237239687e+01,-4.740401497479370363e+01
-1.015998298334091565e+01,-4.737464336507505891e+01
-1.020774709129244862e+01,-4.734502812852764464e+01
-1.025499256123227099e+01,-4.731518023068895218e+01
-1.030171611131455656e+01,-4.728511064580501255e+01
-1.034791481734864327e+01,-4.725483034452079778e+01
-1.039358611724249926e+01,-4.722435028126540146e+01
-1.043872781539179151e+01,-4.719368138132265500e+01
-1.048333808702426140e+01,-4.716283452757768657e+01
-1.052741548251067805e+01,-4.713182054692805423e+01
-1.057095893165383060e+01,-4.710065019634824068e+01
-1.061396774796946474e+01,-4.706933414859437903e+01
-1.065644163297359626e+01,-4.703788297753587244e+01
-1.069838068049247681e+01,-4.700630714309891545e+01
-1.073978538101354374e+01,-4.697461697580604323e+01
-1.078065662609692588e+01,-4.694282266089454936e+01
-1.082099571286933148e+01,-4.691093422199541152e+01
-1.086080434862475030e+01,-4.687896150435301479e+01
-1.090008465555817807e+01,-4.684691415756434907e+01
-1.093883917566156150e+01,-4.681480161781524174e+01
-1.097707087581428809e+01,-4.678263308958963762e+01
-1.101478315310336598e+01,-4.675041752682567875e+01
-1.105197984041196868e+01,-4.671816361349196001e+01
-1.108866521231945335e+01,-4.668587974355443748e+01
-1.112484399135949786e+01,-4.665357400030336521e+01
-1.116052135468800621e+01,-4.662125413500811533e+01
-1.119570294121774978e+01,-4.658892754486520005e+01
-1.123039485928224046e+01,-4.655660125020413886e+01
-1.126460369489731050e+01,-4.652428187091331324e+01
-1.129833652069634198e+01,-4.649197560204673607e+01
-1.133160090562235034e+01,-4.645968818857123495e+01
-1.136440492546824643e+01,-4.642742489921232618e+01
-1.139675717436650793e+01,-4.639519049935547201e+01
-1.142866677733898761e+01,-4.636298922295977576e+01
-1.146014340402915899e+01,-4.633082474343964208e+01
-1.149119728375134208e+01,-4.629870014347093132e+01
-1.152183922200500099e+01,-4.626661788367922412e+01
-1.155208061861708302e+01,-4.623457977016838782e+01
-1.158193348769209763e+01,-4.620258692085195662e+01
-1.161141047956703432e+01,-4.617063973055270765e+01
-1.164052490498861836e+01,-4.613873783484180535e+01
-1.166929076175179247e+01,-4.610688007259659571e+01
-1.169772276406163236e+01,-4.607506444726583794e+01
-1.172583637490714636e+01,-4.604328808684346797e+01
-1.175364784176334609e+01,-4.601154720256873532e+01
-1.178117423596766855e+01,-4.597983704639005964e+01
-1.180843349615070004e+01,-4.594815186725529799e+01
-1.183544447613516581e+01,-4.591648486632180237e+01
-1.186222699775520439e+01,-4.588482815121791702e+01
-1.188880190908783874e+01,-4.585317268953342307e+01
-1.191519114862952833e+01,-4.582150826177283420e+01
-1.194141781599427432e+01,-4.578982341407345302e+01
-1.196750624975399724e+01,-4.575810541107205154e+01
-1.199348211308502776e+01,-4.572634018940206602e+01
-1.201937248792778412e+01,-4.569451231242153710e+01
-1.204520597840617313e+01,-4.566260492691165496e+01
-1.207101282428650002e+01,-4.563059972265342168e+01
-1.209682502528176506e+01,-4.559847689598662868e+01
-1.212267647701977857e+01,-4.556621511868985408e+01
-1.214860311948762117e+01,-4.553379151379353829e+01
-1.217464309873644446e+01,-4.550118164026029888e+01
-1.220083694256632967e+01,-4.546835948884046275e+01
-1.222722775080489299e+01,-4.543529749184634881e+01
-1.225386140062937201e+01,-4.540196655008872995e+01
-1.228078676714331507e+01,-4.536833608079298585e+01
-1.230805595908752892e+01,-4.533437409096433157e+01
-1.233572456911408288e+01,-4.530004728140437464e+01
-1.236385193745167577e+01,-4.526532118739610411e+01
-1.239250142700896085e+01,-4.523016036296914422e+01
-1.242174070695296884e+01,-4.519452861661646637e+01
-1.245164204052163903e+01,-4.515838930734342682e+01
-1.248228257122625529e+01,-4.512170571095423810e+01
-1.251374459961694718e+01,-4.508444146746762726e+01
-1.254611584036665839e+01,-4.504656112143662483e+01
-1.257948964651798818e+01,-4.500803076761719268e+01
-1.261396518429505420e+01,-4.496881881475732712e+01
-1.264964753788104090e+01,-4.492889688007814897e+01
-1.268664771901508992e+01,-4.488824082606454624e+01
-1.272508255123683441e+01,-4.484683194919196580e+01
-1.276507439324725013e+01,-4.480465832685446514e+01
-1.280675066041610854e+01,-4.476171632364105335e+01
-1.285024309835304379e+01,-4.471801225082641196e+01
-1.289568675824994060e+01,-4.467356416309175415e+01
-1.294321862120106914e+01,-4.462840376373225837e+01
-1.299297581894483500e+01,-4.458257837374573285e+01
-1.304509340271427043e+01,-4.453615290129722126e+01
-1.309970162157871165e+01,-4.448921172658342016e+01
-1.315692268831813827e+01,-4.444186039410568867e+01
-1.321686703587376144e+01,-4.439422698154114499e+01
-1.327962910171358502e+01,-4.434646299434378847e+01
-1.334528272116139114e+01,-4.429874362132326837e+01
-1.341387626269768241e+01,-4.425126718282843541e+01
-1.348542769555722742e+01,-4.420425361421617083e+01
-1.355991983765876974e+01,-4.415794185706447905e+01
-1.363729608295999540e+01,-4.411258608187554842e+01
-1.371745694302213181e+01,-4.406845073924205280e+01
-1.380025774850533793e+01,-4.402580452866055083e+01
-1.388550783406136802e+01,-4.398491347835329179e+01
-1.397297146913544452e+01,-4.394603343455248989e+01
-1.406237069699228037e+01,-4.390940235064010722e+01
-1.415339011072182807e+01,-4.387523283029228338e+01
-1.424568344068505965e+01,-4.384370540120659143e+01
-1.433888167095208921e+01,-4.381496296888848718e+01
-1.443260226361567788e+01,-4.378910682247699526e+01
-1.452645896913501034e+01,-4.376619444418391680e+01
-1.462007165265439212e+01,-4.374623922555235822e+01
-1.471307557696244750e+01,-4.372921203712228078e+01
-1.480512964939229725e+01,-4.371504445388742965e+01
-1.489592325097113523e+01,-4.370363332477489848e+01
-1.498518140414305044e+01,-4.369484630182996199e+01
-1.507266818091211036e+01,-4.368852791786608236e+01
-1.515818838835533278e+01,-4.368450581682438383e+01
-1.524158767954115135e+01,-4.368259679028158615e+01
-1.532275131712675353e+01,-4.368261234474503851e+01
-1.540160186225858041e+01,-4.368436360540272290e+01
-1.547809607556958511e+01,-4.368766544221603709e+01
-1.555222130590485108e+01,-4.369233977574693739e+01
-1.562399161322080943e+01,-4.369821807812384407e+01
-1.569344383223195116e+01,-4.370514312718179184e+01
-1.576063373921376254e+01,-4.371297009942557565e+01
-1.582563244084670906e+01,-4.372156710192347617e+01
-1.588852306445289386e+01,-4.373081524717071744e+01
-1.594939779533624247e+01,-4.374060837119559153e+01
-1.600835527993072915e+01,-4.375085248635527080e+01
-1.606549839299922766e+01,-4.376146504859492836e+01
-1.612093235258227608e+01,-4.377237410614856827e+01
-1.617476315688024968e+01,-4.378351738396705173e+01
-1.622709631177801626e+01,-4.379484134636590653e+01
-1.627803581533452260e+01,-4.380630026994192860e+01
-1.632768336541856868e+01,-4.381785534991252717e+01
-1.637613775806284977e+01,-4.382947385569332255e+01
-1.642349444646771772e+01,-4.384112834566123951e+01
-1.646984523348301366e+01,-4.385279594648432067e+01
-1.651527807351326871e+01,-4.386445769895563984e+01
-1.655987696291080624e+01,-4.387609796975548448e+01
-1.660372190089940503e+01,-4.388770392680563504e+01
-1.664688890581935965e+01,-4.389926507471191997e+01
-1.668945007395917912e+01,-4.391077284608360998e+01
-1.673147367042469114e+01,-4.392222024415102055e+01
-1.677302424339396225e+01,-4.393360153199061813e+01
-1.681416275473435462e+01,-4.394491196372952402e+01
-1.685494672133910754e+01,-4.395614755328701051e+01
-1.689543036269857978e+01,-4.396730487647354124e+01
-1.693566475118602810e+01,-4.397838090257391030e+01
-1.697569796233378980e+01,-4.398937285186984525e+01
-1.701557522302689307e+01,-4.400027807588973161e+01
-1.705533905607098788e+01,-4.401109395749630693e+01
-1.709502942001896741e+01,-4.402181782823303280e+01
-1.713468384348193041e+01,-4.403244690063814204e+01
-1.717433755342141666e+01,-4.404297821350136388e+01
-1.721402359713317765e+01,-4.405340858828093076e+01
-1.725377295779782472e+01,-4.406373459511733159e+01
-1.729361466360053967e+01,-4.407395252707652844e+01
-1.733357589051835035e+01,-4.408405838143018229e+01
-1.737368205894312112e+01,-4.409404784693541757e+01
-1.741395692436002918e+01,-4.410391629621308596e+01
-1.745442266233522588e+01,-4.411365878244433247e+01
-1.749509994808906299e+01,-4.412327003971018513e+01
-1.753600803094392191e+01,-4.413274448639090508e+01
-1.757716480394048730e+01,-4.414207623112297796e+01
-1.761858686891556758e+01,-4.415125908088037932e+01
-1.766028959733020187e+01,-4.416028655080876320e+01
-1.770228718712814242e+01,-4.416915187549293620e+01
-1.774459271589472564e+01,-4.417784802138404388e+01
-1.778721819057466291e+01,-4.418636770015264403e+01
-1.783017459399421156e+01,-4.419470338276720867e+01
-1.787347192841997767e+01,-4.420284731412787238e+01
-1.791711925637354241e+01,-4.421079152811016399e+01
-1.796112473890746131e+01,-4.421852786289517923e+01
-1.800549567153502295e+01,-4.422604797648180153e+01
-1.805023851799388268e+01,-4.423334336229274300e+01
-1.809535894201118467e+01,-4.424040536479950703e+01
-1.814086183722595536e+01,-4.424722519510400076e+01
-1.818675135541408139e+01,-4.425379394642398978e+01
-1.823303093315017520e+01,-4.426010260943907326e+01
-1.827970331703091489e+01,-4.426614208746037349e+01
-1.832677058757558441e+01,-4.427190321139428875e+01
-1.837423418191015045e+01,-4.427737675447566801e+01
-1.842209491533401078e+01,-4.428255344675026350e+01
-1.847035300186047024e+01,-4.428742398929060897e+01
-1.851900807381481329e+01,-4.429197906813216434e+01
-1.856805920056818238e+01,-4.429620936792011321e+01
-1.861750490647858314e+01,-4.430010558525863473e+01
-1.866734318810497584e+01,-4.430365844175733514e+01
-1.871757153075561320e+01,-4.430685869677045474e+01
-1.876818692442650871e+01,-4.430969715982612911e+01
-1.881918587918145391e+01,-4.431216470274426911e+01
-1.887056444002141831e+01,-4.431425227144197976e+01
-1.892231820128685982e+01,-4.431595089742704374e+01
-1.897444232063285341e+01,-4.431725170897969690e+01
-1.902693153261438397e+01,-4.431814594202396762e+01
-1.907978016191536952e+01,-4.431862495069030672e+01
-1.913298213625249033e+01,-4.431868021757095022e+01
-1.918653099898259384e+01,-4.431830336367034562e+01
-1.924041992143962432e+01,-4.431748615805273772e+01
-1.929464171502491254e+01,-4.431622052718910254e+01
-1.934918884307298370e+01,-4.431449856400595877e+01
-1.940405343251280001e+01,-4.431231253663857217e+01
-1.945922728534231894e+01,-4.430965489689045711e+01
-1.951470188993375032e+01,-4.430651828840225903e+01
-1.957046843218384069e+01,-4.430289555453187234e+01
-1.962651780652349132e+01,-4.429877974594835166e+01
-1.968284062679904522e+01,-4.429416412794179791e+01
-1.973942723703621027e+01,-4.428904218745148569e+01
-1.979626772209719832e+01,-4.428340763981434236e+01
-1.985335191824011858e+01,-4.427725443523570448e+01
-1.991066942358837721e+01,-4.427057676498473882e+01
-1.996820960851804472e+01,-4.426336906731595633e+01
-2.002596162596933738e+01,-4.425562603311895060e+01
-2.008391442168766261e+01,-4.424734261129825086e+01
-2.014205674439979887e+01,-4.423851401388473192e+01
-2.020037715592922822e+01,-4.422913572088030776e+01
-2.025886404125426310e+01,-4.421920348483779861e+01
-2.031750561851243120e+01,-4.420871333517714419e+01
-2.037628994895370127e+01,-4.419766158223954022e+01
-2.043520494684436528e+01,-4.418604482108123221e+01
-2.049423838932379738e+01,-4.417385993500803210e+01
-2.055337792621511284e+01,-4.416110409885207844e+01
-2.061261108979038781e+01,-4.414777478199228966e+01
-2.067192530449141685e+01,-4.413386975111966137e+01
-2.073130789660601891e+01,-4.411938707274874361e+01
-2.079074610389938726e+01,-4.410432511547674750e+01
-2.085022708520070012e+01,-4.408868255199133301e+01
-2.090973792994390479e+01,-4.407245836082842771e+01
-2.096926566766157052e+01,-4.405565182788140532e+01
-2.102879727743125571e+01,-4.403826254766273962e+01
-2.108831969727219402e+01,-4.402029042431954053e+01
-2.114781983349132943e+01,-4.400173567240413064e+01
-2.120728456997680311e+01,-4.398259881740083443e+01
-2.126670077743648335e+01,-4.396288069601065729e+01
-2.132605532258014591e+01,-4.394258245619457171e+01
-2.138533507724261540e+01,-4.392170555697718726e+01
-2.144452692744545530e+01,-4.390025176801197659e+01
-2.150361778239499344e+01,-4.387822316890925833e+01
-2.156259458341400403e+01,-4.385562214832848582e+01
-2.162144431280399814e+01,-4.383245140283620600e+01
-2.168015400263589143e+01,-4.380871393553098159e+01
-2.173871074346587307e+01,-4.378441305443674736e+01
-2.179710169297336719e+01,-4.375955237066612824e+01
-2.185531408451852187e+01,-4.373413579635515447e+01
-2.191333523561590013e+01,-4.370816754237071677e+01
-2.197115255632118647e+01,-4.368165211579258056e+01
-2.202875355752803799e+01,-4.365459431717124517e+01
-2.208612585917182969e+01,-4.362699923756325404e+01
-2.214325719833679074e+01,-4.359887225534566824e+01
-2.220013543726382821e+01,-4.357021903281118824e+01
-2.225674857125553174e+01,-4.354104551254550870e+01
-2.231308473647490587e+01,-4.351135791358865390e+01
-2.236913221763519743e+01,-4.348116272738184307e+01
-2.242487945557692086e+01,-4.345046671350159073e+01
-2.248031505472934199e+01,-4.341927689518266931e+01
-2.253542779045307043e+01,-4.338760055463153265e+01
-2.259020661626038162e+01,-4.335544522813207635e+01
-2.264464067091042310e+01,-4.332281870094510623e+01
-2.269871928537612504e+01,-4.328972900200334806e+01
-2.275243198967934788e+01,-4.325618439840363294e+01
-2.280576851959175499e+01,-4.322219338969775748e+01
-2.285871882319818127e+01,-4.318776470198365303e+01
-2.291127306731927149e+01,-4.315290728179855506e+01
-2.296342164379097639e+01,-4.311763028981552281e+01
-2.301515517559780122e+01,-4.308194309434477987e+01
-2.306646452285690785e+01,-4.304585526464153133e+01
-2.311734078865064035e+01,-4.300937656402143006e+01
-2.316777532470481304e+01,-4.297251694278483569e+01
-2.321775973690981942e+01,-4.293528653095174263e+01
-2.326728589068270026e+01,-4.289769563080763959e+01
-2.331634591616740337e+01,-4.285975470926197772e+01
-2.336493221327086900e+01,-4.282147439002010003e+01
-2.341303745653315715e+01,-4.278286544556919324e+01
-2.346065459982925816e+01,-4.274393878897908650e+01
-2.350777688090059314e+01,-4.270470546551869973e+01
-2.355439782571457386e+01,-4.266517664408809196e+01
-2.360051125265043837e+01,-4.262536360846653594e+01
-2.364611127650956490e+01,-4.258527774837688895e+01
-2.369119231234931178e+01,-4.254493055036548554e+01
-2.373574907913854304e+01,-4.250433358849784327e+01
-2.377977660323417197e+01,-4.246349851486899496e+01
-2.382327022167759267e+01,-4.242243704992776543e+01
-2.386622558531013638e+01,-4.238116097261381299e+01
-2.390863866170722218e+01,-4.233968211030588691e+01
-2.395050573793065851e+01,-4.229801232857931836e+01
-2.399182342309893556e+01,-4.225616352077085480e+01
-2.403258865077578577e+01,-4.221414759734793165e+01
-2.407279868117719701e+01,-4.217197647507937575e+01
-2.411245110319742935e+01,-4.212966206600448515e+01
-2.415154383625517198e+01,-4.208721626619578160e+01
-2.419007513196092063e+01,-4.204465094431157723e+01
-2.422804357560700694e+01,-4.200197792993315460e+01
-2.426544808748245785e+01,-4.195920900168056278e+01
-2.430228792401479154e+01,-4.191635587510097594e+01
-2.433856267874153900e+01,-4.187343019032275748e+01
-2.437427228311471694e+01,-4.183044349946692364e+01
-2.440941700714196472e+01,-4.178740725380779253e+01
-2.444399745986848416e+01,-4.174433279067341118e+01
-2.447801458970466371e+01,-4.170123132007486788e+01
-2.451146968460507480e+01,-4.165811391105363981e+01
-2.454436437210463851e+01,-4.161499147773415785e+01
-2.457670061921936266e+01,-4.157187476506801005e+01
-2.460848073221914234e+01,-4.152877433425491915e+01
-2.463970735628166508e+01,-4.148570054782452132e+01
-2.467038347503713425e+01,-4.144266355436081284e+01
-2.470051241001459630e+01,-4.139967327285085474e+01
-2.473009782000232804e+01,-4.135673937663647592e+01
-2.475914370033580170e+01,-4.131387127694672046e+01
-2.478765438212818850e+01,-4.127107810598698023e+01
-2.481563453146034703e+01,-4.122836869955822436e+01
-2.484308914854911521e+01,-4.118575157917818075e+01
-2.487002356691433036e+01,-4.114323493367422202e+01
-2.489644345256788327e+01,-4.110082660021458878e+01
-2.492235480325055974e+01,-4.105853404474289903e+01
-2.494776394774478234e+01,-4.101636434177805057e+01
-2.497267754529522676e+01,-4.097432415353836177e+01
-2.499710258517237449e+01,-4.093241970834656485e+01
-2.502104638641803191e+01,-4.089065677826872047e+01
-2.504451659781639705e+01,-4.084904065593693900e+01
-2.506752119813897650e+01,-4.080757613050248978e+01
-2.509006849671703421e+01,-4.076626746266248347e+01
-2.511216713440163062e+01,-4.072511835869955377e+01
-2.513382608497773063e+01,-4.068413194346980788e+01
-2.515505465710649702e+01,-4.064331073227169355e+01
-2.517586249687875721e+01,-4.060265660152316514e+01
-2.519625959107128921e+01,-4.056217075817176010e+01
-2.521625627120900504e+01,-4.052185370775803364e+01
-2.523586321854722669e+01,-4.048170522104899760e+01
-2.525509147010167510e+01,-4.044172429915564493e+01
-2.527395242586890234e+01,-4.040190913704459064e+01
-2.529245785739556140e+01,-4.036225708535232570e+01
-2.531061991787397858e+01,-4.032276461040849114e+01
-2.532845115396192526e+01,-4.028342725237373401e+01
-2.534596451954684682e+01,-4.024423958139828272e+01
-2.536317339170104646e+01,-4.020519515170959579e+01
-2.538009158910237062e+01,-4.016628645354124671e+01
-2.539673339322630241e+01,-4.012750486282173767e+01
-2.541311357265094983e+01,-4.008884058855228716e+01
-2.542924741085495199e+01,-4.005028261781554022e+01
-2.544515073793133553e+01,-4.001181865837628493e+01
-2.546083996668772542e+01,-3.997343507885942415e+01
-2.547633213365530835e+01,-3.993511684652227700e+01
-2.549164494558630167e+01,-3.989684746267879945e+01
-2.550679683208097970e+01,-3.985860889588495581e+01
-2.552180700505303435e+01,-3.982038151305822282e+01
-2.553669552581425961e+01,-3.978214400878457013e+01
-2.555148338063595403e+01,-3.974387333316523296e+01
-2.556619256572545140e+01,-3.970554461867629925e+01
-2.558084618264069832e+01,-3.966713110666290021e+01
-2.559546854524979054e+01,-3.962860407426988019e+01
-2.561008529942744971e+01,-3.958993276282819807e+01
-2.562472355676031199e+01,-3.955108430898015115e+01
-2.563941204360290982e+01,-3.951202368013973398e+01
-2.565418126688344103e+01,-3.947271361626162189e+01
-2.566906369808989297e+01,-3.943311458033764438e+01
-2.568409397686655282e+01,-3.939318472056680775e+01
-2.569930913560205710e+01,-3.935287984776443437e+01
-2.571474884627490098e+01,-3.931215343229791870e+01
-2.573045569062074378e+01,-3.927095662567335665e+01
-2.574647545436765839e+01,-3.922923831285795160e+01
-2.576285744581547732e+01,-3.918694520251501956e+01
-2.577965483837575533e+01,-3.914402196355333530e+01
-2.579692503578183960e+01,-3.910041141774762963e+01
-2.581473005747211147e+01,-3.905605479965613824e+01
-2.583313694006905692e+01,-3.901089209661316204e+01
-2.585221814884828362e+01,-3.896486248316020351e+01
-2.587205199053256877e+01,-3.891790486581732722e+01
-2.589272301557188172e+01,-3.886995855546996381e+01
-2.591432239420241856e+01,-3.882096408569287860e+01
-2.593694824595959858e+01,-3.877086419583099541e+01
-2.596070589692519448e+01,-3.871960499731640226e+01
-2.598570803285120689e+01,-3.866713734015898041e+01
-2.601207470955156253e+01,-3.861341839336280657e+01
-2.603993317483796233e+01,-3.855841344767449641e+01
-2.606941744922970727e+01,-3.850209794100284455e+01
-2.610066760634616045e+01,-3.844445969548731057e+01
-2.613382868921328495e+01,-3.838550134003357073e+01
-2.616904919691226894e+01,-3.832524287284881126e+01
-2.620647907858407777e+01,-3.826372429509304141e+01
-2.624626718053407615e+01,-3.820100821972610561e+01
-2.628855810890936695e+01,-3.813718233020178872e+01
-2.633348849683943271e+01,-3.807236153398694256e+01
-2.638118270220936878e+01,-3.800668962917065841e+01
-2.643174801053588041e+01,-3.794034028293057048e+01
-2.648526947533982323e+01,-3.787351711342212468e+01
-2.654180459249902668e+01,-3.780645267714514546e+01
-2.660137806947281902e+01,-3.773940619684109521e+01
-2.666397700686039940e+01,-3.767265992358769466e+01
-2.672954684865430153e+01,-3.760651411107659214e+01
-2.679798846857431016e+01,-3.754128068601500701e+01
-2.686915673437390240e+01,-3.747727581737670022e+01
-2.694286082512757119e+01,-3.741481170563111647e+01
-2.701886646918730861e+01,-3.735418801498516927e+01
-2.709690013068298953e+01,-3.729568344068508878e+01
-2.717665501483968526e+01,-3.723954792613659492e+01
-2.725779860655320519e+01,-3.718599601374973673e+01
-2.733998132366126299e+01,-3.713520173002876845e+01
-2.742284577464662121e+01,-3.708729527921860125e+01
-2.750603607230952363e+01,-3.704236166755321591e+01
-2.758920667375662816e+01,-3.700044122241533984e+01
-2.767203028735530168e+01,-3.696153182784619418e+01
-2.775420449614199470e+01,-3.692559258619892404e+01
-2.783545687725604978e+01,-3.689254854515291271e+01
-2.791554853024485183e+01,-3.686229610228555487e+01
-2.799427604793706692e+01,-3.683470871185702578e+01
-2.807147206094262870e+01,-3.680964256169162496e+01
-2.814700455500848264e+01,-3.678694195109038390e+01
-2.822077519872475193e+01,-3.676644417262299669e+01
-2.829271693055540737e+01,-3.674798377210130695e+01
-2.836279104433729970e+01,-3.673139612522951580e+01
-2.843098398764480095e+01,-3.671652032229022922e+01
-2.849730405394694088e+01,-3.670320139213765032e+01
-2.856177811255821197e+01,-3.669129192396704298e+01
-2.862444848400058461e+01,-3.668065316128692643e+01
-2.868537003523661966e+01,-3.667115564933465777e+01
-2.874460754082125291e+01,-3.666267951712569584e+01
-2.880223333295234767e+01,-3.665511447054863936e+01
-2.885832524561453738e+01,-3.664835956524500915e+01
-2.891296484503851971e+01,-3.664232281887825593e+01
-2.896623592984720474e+01,-3.663692071287524499e+01
-2.901822327876369556e+01,-3.663207762452801575e+01
-2.906901162087149260e+01,-3.662772522192531710e+01
-2.911868480247447266e+01,-3.662380184677850536e+01
-2.916732512503294217e+01,-3.662025190389219631e+01
-2.921501282999716054e+01,-3.661702527079415859e+01
-2.926182570825955764e+01,-3.661407673680132291e+01
-2.930783881413688974e+01,-3.661136547744290226e+01
-2.935312426608198422e+01,-3.660885456756747658e+01
-2.939775111857758105e+01,-3.660651053450308012e+01
-2.944178529179932013e+01,-3.660430295119848410e+01
-2.948528954760021392e+01,-3.660220406825251160e+01
-2.952832350213874335e+01,-3.660018848304270023e+01
-2.957094366704074417e+01,-3.659823284372260588e+01
-2.961320351235564274e+01,-3.659631558560678144e+01
-2.965515354575029860e+01,-3.659441669735351610e+01
-2.969684140339559164e+01,-3.659251751434998567e+01
-2.973831194885964280e+01,-3.659060053677062285e+01
-2.977960737704342620e+01,-3.658864926989312494e+01
-2.982076732079846337e+01,-3.658664808440240535e+01
-2.986182895836844509e+01,-3.658458209457361221e+01
-2.990282712021043920e+01,-3.658243705239449639e+01
-2.994379439409148702e+01,-3.658019925585688981e+01
-2.998476122763412022e+01,-3.657785546981196489e+01
-3.002575602770927787e+01,-3.657539285794009487e+01
-3.006680525625601774e+01,-3.657279892453500736e+01
-3.010793352225330821e+01,-3.657006146493713317e+01
-3.014916366968316552e+01,-3.656716852357766356e+01
-3.019051686141574464e+01,-3.656410835870892129e+01
-3.023201265901667512e+01,-3.656086941299982840e+01
-3.027366909853051169e+01,-3.655744028926930156e+01
-3.031550276233541297e+01,-3.655380973071386563e+01
-3.035752884719284950e+01,-3.654996660506011352e+01
-3.039976122863763663e+01,-3.654589989214063905e+01
-3.044221252186773796e+01,-3.654159867444978005e+01
-3.048489413930181868e+01,-3.653705213028936782e+01
-3.052781634497651808e+01,-3.653224952916088597e+01
-3.057098830595715100e+01,-3.652718022910110562e+01
-3.061441814093353031e+01,-3.652183367569556793e+01
-3.065811296616883652e+01,-3.651619940253570462e+01
-3.070207893896542828e+01,-3.651026703291370268e+01
-3.074632129880477294e+01,-3.650402628257457138e+01
-3.079084440631219621e+01,-3.649746696336624296e+01
-3.083565178019059516e+01,-3.649057898764812080e+01
-3.088074613225916210e+01,-3.648335237333552783e+01
-3.092612940072629968e+01,-3.647577724947199584e+01
-3.097180278181845736e+01,-3.646784386223500007e+01
-3.101776675987921550e+01,-3.645954258129166448e+01
-3.106402113604575277e+01,-3.645086390643170660e+01
-3.111056505560376095e+01,-3.644179847441308340e+01
-3.115739703411402672e+01,-3.643233706596434729e+01
-3.120451498239896537e+01,-3.642247061289373988e+01
-3.125191623047068035e+01,-3.641219020526192196e+01
-3.129959755047642389e+01,-3.640148709858000586e+01
-3.134755517873260544e+01,-3.639035272099916796e+01
-3.139578483691289534e+01,-3.637877868046270180e+01
-3.144428175245129964e+01,-3.636675677179426458e+01
-3.149304067821728026e+01,-3.635427898369994182e+01
-3.154205591151493948e+01,-3.634133750566403620e+01
-3.159132131245492303e+01,-3.632792473472090933e+01
-3.164083032174415777e+01,-3.631403328208801895e+01
-3.169057597793491965e+01,-3.629965597964603319e+01
-3.174055093417132412e+01,-3.628478588625489465e+01
-3.179074747446916405e+01,-3.626941629389510524e+01
-3.184115752956147816e+01,-3.625354073362516516e+01
-3.189177269233991296e+01,-3.623715298134765561e+01
-3.194258423291989502e+01,-3.622024706337675326e+01
-3.199358311335502236e+01,-3.620281726180119364e+01
-3.204476000202405572e+01,-3.618485811963775234e+01
-3.209610528771209914e+01,-3.616636444577041942e+01
-3.214760909340599682e+01,-3.614733131967155089e+01
-3.219926128982154978e+01,-3.612775409590167186e+01
-3.225105150867955217e+01,-3.610762840838492593e+01
-3.230296915574569994e+01,-3.608695017445788267e+01
-3.235500342364777993e+01,-3.606571559868966403e+01
-3.240714330448340519e+01,-3.604392117647152816e+01
-3.245937760222882673e+01,-3.602156369737480190e+01
-3.251169494495997014e+01,-3.599864024827574127e+01
-3.256408379689450072e+01,-3.597514821624675108e+01
-3.261653247026335833e+01,-3.595108529121311847e+01
-3.266902913701957800e+01,-3.592644946837498310e+01
-3.272156184039091897e+01,-3.590123905039412477e+01
-3.277411850628219270e+01,-3.587545264934584566e+01
-3.282668695453282481e+01,-3.584908918843547099e+01
-3.287925491003430523e+01,-3.582214790348036360e+01
-3.293181001371120686e+01,-3.579462834415726746e+01
-3.298433983336974507e+01,-3.576653037501585430e+01
-3.303683187441660607e+01,-3.573785417625875027e+01
-3.308927359045052441e+01,-3.570860024428912993e+01
-3.314165239372878347e+01,-3.567876939202628961e+01
-3.319395566551029475e+01,-3.564836274899049329e+01
-3.324617076627625067e+01,-3.561738176115788690e+01
-3.329828504582964399e+01,-3.558582819058656810e+01
-3.335028585327405182e+01,-3.555370411481504789e+01
-3.340216054687171976e+01,-3.552101192603452517e+01
-3.345389650378138668e+01,-3.548775433003595481e+01
-3.350548112967530301e+01,-3.545393434493360019e+01
-3.355690186823485277e+01,-3.541955529966654126e+01
-3.360814621052433182e+01,-3.538462083227956612e+01
-3.365920170424166713e+01,-3.534913488798520831e+01
-3.371005596284504691e+01,-3.531310171700847178e+01
-3.376069667455442413e+01,-3.527652587221616187e+01
-3.381111161122578324e+01,-3.523941220653257034e+01
-3.386128863709733849e+01,-3.520176587014337599e+01
-3.391121571740542606e+01,-3.516359230748957998e+01
-3.396088092686841264e+01,-3.512489725405380625e+01
-3.401027245803661714e+01,-3.508568673294075069e+01
-3.405937862950631256e+01,-3.504596705125374712e+01
-3.410818789399542794e+01,-3.500574479627002944e+01
-3.415668884627898194e+01,-3.496502683141650891e+01
-3.420487023098193902e+01,-3.492382029204844685e+01
-3.425272095022680219e+01,-3.488213258103335335e+01
-3.430023007113405953e+01,-3.483997136414233609e+01
-3.434738683317272745e+01,-3.479734456525134334e+01
-3.439418065535846836e+01,-3.475426036135470298e+01
-3.444060114329700184e+01,-3.471072717739335189e+01
-3.448663809607018038e+01,-3.466675368090014331e+01
-3.453228151296197268e+01,-3.462234877646502440e+01
-3.457752160002216613e+01,-3.457752160002218034e+01
-3.462234877646502440e+01,-3.453228151296196557e+01
-3.466675368090015041e+01,-3.448663809607018038e+01
-3.471072717739333058e+01,-3.444060114329702316e+01
-3.475426036135471008e+01,-3.439418065535846836e+01
-3.479734456525132202e+01,-3.434738683317274166e+01
-3.483997136414232187e+01,-3.430023007113407374e+01
-3.488213258103334624e+01,-3.425272095022679508e+01
-3.492382029204843263e+01,-3.420487023098196033e+01
-3.496502683141650891e+01,-3.415668884627899615e+01
-3.500574479627002944e+01,-3.410818789399542084e+01
-3.504596705125374001e+01,-3.405937862950632677e+01
-3.508568673294075069e+01,-3.401027245803663135e+01
-3.512489725405382046e+01,-3.396088092686839843e+01
-3.516359230748955866e+01,-3.391121571740544738e+01
-3.520176587014336178e+01,-3.386128863709734560e+01
-3.523941220653257744e+01,-3.381111161122578324e+01
-3.527652587221614056e+01,-3.376069667455443835e+01
-3.531310171700845046e+01,-3.371005596284506822e+01
-3.534913488798520831e+01,-3.365920170424166002e+01
-3.538462083227956612e+01,-3.360814621052435314e+01
-3.541955529966653415e+01,-3.355690186823486698e+01
-3.545393434493360729e+01,-3.350548112967529590e+01
-3.548775433003595481e+01,-3.345389650378140090e+01
-3.552101192603453228e+01,-3.340216054687171265e+01
-3.555370411481504789e+01,-3.335028585327404471e+01
-3.558582819058655389e+01,-3.329828504582965110e+01
-3.561738176115788690e+01,-3.324617076627624357e+01
-3.564836274899049329e+01,-3.319395566551030896e+01
-3.567876939202628250e+01,-3.314165239372879057e+01
-3.570860024428912993e+01,-3.308927359045051020e+01
-3.573785417625875738e+01,-3.303683187441662739e+01
-3.576653037501585430e+01,-3.298433983336975928e+01
-3.579462834415727457e+01,-3.293181001371119976e+01
-3.582214790348034938e+01,-3.287925491003432654e+01
-3.584908918843546388e+01,-3.282668695453283902e+01
-3.587545264934584566e+01,-3.277411850628218559e+01
-3.590123905039413188e+01,-3.272156184039094029e+01
-3.592644946837496889e+01,-3.266902913701959932e+01
-3.595108529121312557e+01,-3.261653247026335123e+01
-3.597514821624673687e+01,-3.256408379689450783e+01
-3.599864024827574127e+01,-3.251169494495997725e+01
-3.602156369737480190e+01,-3.245937760222881963e+01
-3.604392117647152816e+01,-3.240714330448341940e+01
-3.606571559868966403e+01,-3.235500342364780124e+01
-3.608695017445788977e+01,-3.230296915574569283e+01
-3.610762840838492593e+01,-3.225105150867955928e+01
-3.612775409590167897e+01,-3.219926128982154268e+01
-3.614733131967155089e+01,-3.214760909340598971e+01
-3.616636444577041942e+01,-3.209610528771210625e+01
-3.618485811963775234e+01,-3.204476000202404862e+01
-3.620281726180119364e+01,-3.199358311335505078e+01
-3.622024706337674615e+01,-3.194258423291990212e+01
-3.623715298134765561e+01,-3.189177269233990231e+01
-3.625354073362515095e+01,-3.184115752956149592e+01
-3.626941629389510524e+01,-3.179074747446917826e+01
-3.628478588625490175e+01,-3.174055093417130990e+01
-3.629965597964603319e+01,-3.169057597793491965e+01
-3.631403328208802606e+01,-3.164083032174417198e+01
-3.632792473472091643e+01,-3.159132131245491593e+01
-3.634133750566402199e+01,-3.154205591151495724e+01
-3.635427898369994892e+01,-3.149304067821729092e+01
-3.636675677179425747e+01,-3.144428175245129253e+01
-3.637877868046270180e+01,-3.139578483691290245e+01
-3.639035272099917506e+01,-3.134755517873262676e+01
-3.640148709857999876e+01,-3.129959755047642389e+01
-3.641219020526192196e+01,-3.125191623047069456e+01
-3.642247061289372567e+01,-3.120451498239900090e+01
-3.643233706596434018e+01,-3.115739703411404093e+01
-3.644179847441307629e+01,-3.111056505560377516e+01
-3.645086390643168528e+01,-3.106402113604576698e+01
-3.645954258129166448e+01,-3.101776675987920484e+01
-3.646784386223500007e+01,-3.097180278181845026e+01
-3.647577724947201006e+01,-3.092612940072631389e+01
-3.648335237333552072e+01,-3.088074613225917631e+01
-3.649057898764812080e+01,-3.083565178019060582e+01
-3.649746696336624296e+01,-3.079084440631219977e+01
-3.650402628257457138e+01,-3.074632129880476228e+01
-3.651026703291369557e+01,-3.070207893896542117e+01
-3.651619940253569752e+01,-3.065811296616885073e+01
-3.652183367569557504e+01,-3.061441814093354097e+01
-3.652718022910109852e+01,-3.057098830595716876e+01
-3.653224952916089308e+01,-3.052781634497651453e+01
-3.653705213028936782e+01,-3.048489413930181513e+01
-3.654159867444978715e+01,-3.044221252186773441e+01
-3.654589989214066037e+01,-3.039976122863765085e+01
-3.654996660506011352e+01,-3.035752884719286371e+01
-3.655380973071385142e+01,-3.031550276233542718e+01
-3.655744028926931577e+01,-3.027366909853050458e+01
-3.656086941299983550e+01,-3.023201265901666801e+01
-3.656410835870891418e+01,-3.019051686141578017e+01
-3.656716852357766356e+01,-3.014916366968317618e+01
-3.657006146493711896e+01,-3.010793352225331532e+01
-3.657279892453502868e+01,-3.006680525625602840e+01
-3.657539285794009487e+01,-3.002575602770927432e+01
-3.657785546981196489e+01,-2.998476122763411666e+01
-3.658019925585687560e+01,-2.994379439409150123e+01
-3.658243705239448218e+01,-2.990282712021044986e+01
-3.658458209457363353e+01,-2.986182895836845574e+01
-3.658664808440239824e+01,-2.982076732079846337e+01
-3.658864926989310362e+01,-2.977960737704342264e+01
-3.659060053677062996e+01,-2.973831194885963569e+01
-3.659251751435000699e+01,-2.969684140339560230e+01
-3.659441669735350189e+01,-2.965515354575030926e+01
-3.659631558560678855e+01,-2.961320351235565340e+01
-3.659823284372259877e+01,-2.957094366704074062e+01
-3.660018848304270023e+01,-2.952832350213873625e+01
-3.660220406825251160e+01,-2.948528954760020682e+01
-3.660430295119849120e+01,-2.944178529179933079e+01
-3.660651053450305881e+01,-2.939775111857759526e+01
-3.660885456756746237e+01,-2.935312426608200198e+01
-3.661136547744290226e+01,-2.930783881413688619e+01
-3.661407673680133001e+01,-2.926182570825955054e+01
-3.661702527079415148e+01,-2.921501282999718541e+01
-3.662025190389219631e+01,-2.916732512503294927e+01
-3.662380184677853379e+01,-2.911868480247448332e+01
-3.662772522192528868e+01,-2.906901162087150681e+01
-3.663207762452802285e+01,-2.901822327876368846e+01
-3.663692071287524499e+01,-2.896623592984719409e+01
-3.664232281887822751e+01,-2.891296484503853037e+01
-3.664835956524500915e+01,-2.885832524561455514e+01
-3.665511447054864647e+01,-2.880223333295236898e+01
-3.666267951712566031e+01,-2.874460754082124225e+01
-3.667115564933466487e+01,-2.868537003523660900e+01
-3.668065316128693354e+01,-2.862444848400057751e+01
-3.669129192396702166e+01,-2.856177811255822974e+01
-3.670320139213767163e+01,-2.849730405394695865e+01
-3.671652032229022211e+01,-2.843098398764481161e+01
-3.673139612522950870e+01,-2.836279104433729259e+01
-3.674798377210130695e+01,-2.829271693055540027e+01
-3.676644417262299669e+01,-2.822077519872474483e+01
-3.678694195109036258e+01,-2.814700455500850396e+01
-3.680964256169160365e+01,-2.807147206094266068e+01
-3.683470871185701156e+01,-2.799427604793709889e+01
-3.686229610228556908e+01,-2.791554853024484828e+01
-3.689254854515289850e+01,-2.783545687725603912e+01
-3.692559258619889562e+01,-2.775420449614204799e+01
-3.696153182784617997e+01,-2.767203028735533366e+01
-3.700044122241531852e+01,-2.758920667375665658e+01
-3.704236166755321591e+01,-2.750603607230953074e+01
-3.708729527921861546e+01,-2.742284577464661055e+01
-3.713520173002877556e+01,-2.733998132366125233e+01
-3.718599601374970831e+01,-2.725779860655325848e+01
-3.723954792613660203e+01,-2.717665501483969237e+01
-3.729568344068506747e+01,-2.709690013068301795e+01
-3.735418801498516927e+01,-2.701886646918730150e+01
-3.741481170563113068e+01,-2.694286082512756764e+01
-3.747727581737669311e+01,-2.686915673437389884e+01
-3.754128068601497858e+01,-2.679798846857433503e+01
-3.760651411107657793e+01,-2.672954684865433705e+01
-3.767265992358765914e+01,-2.666397700686042072e+01
-3.773940619684110231e+01,-2.660137806947280836e+01
-3.780645267714515967e+01,-2.654180459249901602e+01
-3.787351711342213889e+01,-2.648526947533981257e+01
-3.794034028293057048e+01,-2.643174801053589107e+01
-3.800668962917063709e+01,-2.638118270220936168e+01
-3.807236153398692835e+01,-2.633348849683942561e+01
-3.813718233020181714e+01,-2.628855810890938827e+01
-3.820100821972611271e+01,-2.624626718053406904e+01
-3.826372429509299167e+01,-2.620647907858409553e+01
-3.832524287284880415e+01,-2.616904919691230091e+01
-3.838550134003354941e+01,-2.613382868921329560e+01
-3.844445969548729636e+01,-2.610066760634619598e+01
-3.850209794100285166e+01,-2.606941744922970372e+01
-3.855841344767449641e+01,-2.603993317483795877e+01
-3.861341839336277815e+01,-2.601207470955159451e+01
-3.866713734015896620e+01,-2.598570803285123532e+01
-3.871960499731639516e+01,-2.596070589692520514e+01
-3.877086419583100252e+01,-2.593694824595959147e+01
-3.882096408569287860e+01,-2.591432239420241501e+01
-3.886995855546997802e+01,-2.589272301557190659e+01
-3.891790486581732011e+01,-2.587205199053257942e+01
-3.896486248316018930e+01,-2.585221814884826941e+01
-3.901089209661315493e+01,-2.583313694006907824e+01
-3.905605479965614535e+01,-2.581473005747210436e+01
-3.910041141774763673e+01,-2.579692503578183249e+01
-3.914402196355334240e+01,-2.577965483837575178e+01
-3.918694520251501245e+01,-2.576285744581547377e+01
-3.922923831285793739e+01,-2.574647545436764773e+01
-3.927095662567334244e+01,-2.573045569062076510e+01
-3.931215343229791870e+01,-2.571474884627488322e+01
-3.935287984776443437e+01,-2.569930913560204999e+01
-3.939318472056681486e+01,-2.568409397686654572e+01
-3.943311458033763017e+01,-2.566906369808987876e+01
-3.947271361626162189e+01,-2.565418126688345524e+01
-3.951202368013971977e+01,-2.563941204360289561e+01
-3.955108430898015115e+01,-2.562472355676030489e+01
-3.958993276282819807e+01,-2.561008529942744261e+01
-3.962860407426985887e+01,-2.559546854524980475e+01
-3.966713110666289310e+01,-2.558084618264071608e+01
-3.970554461867628504e+01,-2.556619256572544430e+01
-3.974387333316524007e+01,-2.555148338063594693e+01
-3.978214400878458434e+01,-2.553669552581428093e+01
-3.982038151305823703e+01,-2.552180700505302724e+01
-3.985860889588494871e+01,-2.550679683208097259e+01
-3.989684746267878523e+01,-2.549164494558631588e+01
-3.993511684652226990e+01,-2.547633213365529770e+01
-3.997343507885943126e+01,-2.546083996668772187e+01
-4.001181865837629203e+01,-2.544515073793133553e+01
-4.005028261781554733e+01,-2.542924741085494844e+01
-4.008884058855226584e+01,-2.541311357265094983e+01
-4.012750486282173767e+01,-2.539673339322631662e+01
-4.016628645354124671e+01,-2.538009158910238483e+01
-4.020519515170960290e+01,-2.536317339170104290e+01
-4.024423958139828272e+01,-2.534596451954683971e+01
-4.028342725237374822e+01,-2.532845115396193592e+01
-4.032276461040848403e+01,-2.531061991787399990e+01
-4.036225708535231149e+01,-2.529245785739555430e+01
-4.040190913704458353e+01,-2.527395242586891300e+01
-4.044172429915563782e+01,-2.525509147010166799e+01
-4.048170522104899760e+01,-2.523586321854721959e+01
-4.052185370775800521e+01,-2.521625627120902635e+01
-4.056217075817175299e+01,-2.519625959107128566e+01
-4.060265660152315093e+01,-2.517586249687875366e+01
-4.064331073227168645e+01,-2.515505465710650768e+01
-4.068413194346980077e+01,-2.513382608497773063e+01
-4.072511835869956087e+01,-2.511216713440162707e+01
-4.076626746266248347e+01,-2.509006849671704487e+01
-4.080757613050246135e+01,-2.506752119813897295e+01
-4.084904065593693190e+01,-2.504451659781640771e+01
-4.089065677826872758e+01,-2.502104638641802481e+01
-4.093241970834656485e+01,-2.499710258517237094e+01
-4.097432415353836888e+01,-2.497267754529521966e+01
-4.101636434177802926e+01,-2.494776394774480011e+01
-4.105853404474288482e+01,-2.492235480325056685e+01
-4.110082660021458167e+01,-2.489644345256787972e+01
-4.114323493367422913e+01,-2.487002356691432325e+01
-4.118575157917818785e+01,-2.484308914854912231e+01
-4.122836869955822436e+01,-2.481563453146034703e+01
-4.127107810598697313e+01,-2.478765438212818850e+01
-4.131387127694670625e+01,-2.475914370033581946e+01
-4.135673937663645461e+01,-2.473009782000233514e+01
-4.139967327285086185e+01,-2.470051241001459630e+01
-4.144266355436081284e+01,-2.467038347503713069e+01
-4.148570054782450001e+01,-2.463970735628168285e+01
-4.152877433425491205e+01,-2.460848073221914944e+01
-4.157187476506798873e+01,-2.457670061921937332e+01
-4.161499147773415785e+01,-2.454436437210464916e+01
-4.165811391105364692e+01,-2.451146968460507125e+01
-4.170123132007487499e+01,-2.447801458970465660e+01
-4.174433279067339697e+01,-2.444399745986849126e+01
-4.178740725380778542e+01,-2.440941700714197893e+01
-4.183044349946690232e+01,-2.437427228311472049e+01
-4.187343019032275748e+01,-2.433856267874153545e+01
-4.191635587510097594e+01,-2.430228792401478444e+01
-4.195920900168056988e+01,-2.426544808748245075e+01
-4.200197792993314749e+01,-2.422804357560702115e+01
-4.204465094431156302e+01,-2.419007513196092418e+01
-4.208721626619576028e+01,-2.415154383625517909e+01
-4.212966206600448515e+01,-2.411245110319742224e+01
-4.217197647507938996e+01,-2.407279868117718991e+01
-4.221414759734792455e+01,-2.403258865077577866e+01
-4.225616352077084770e+01,-2.399182342309895333e+01
-4.229801232857929705e+01,-2.395050573793066206e+01
-4.233968211030587980e+01,-2.390863866170723284e+01
-4.238116097261382009e+01,-2.386622558531013283e+01
-4.242243704992776543e+01,-2.382327022167758557e+01
-4.246349851486897364e+01,-2.377977660323420039e+01
-4.250433358849782195e+01,-2.373574907913856080e+01
-4.254493055036547133e+01,-2.369119231234932599e+01
-4.258527774837686763e+01,-2.364611127650957911e+01
-4.262536360846655015e+01,-2.360051125265043126e+01
-4.266517664408809196e+01,-2.355439782571457030e+01
-4.270470546551868551e+01,-2.350777688090061091e+01
-4.274393878897907229e+01,-2.346065459982927237e+01
-4.278286544556917903e+01,-2.341303745653316781e+01
-4.282147439002010714e+01,-2.336493221327086189e+01
-4.285975470926197772e+01,-2.331634591616739982e+01
-4.289769563080764669e+01,-2.326728589068270026e+01
-4.293528653095174263e+01,-2.321775973690983008e+01
-4.297251694278484280e+01,-2.316777532470482370e+01
-4.300937656402142295e+01,-2.311734078865065811e+01
-4.304585526464154555e+01,-2.306646452285690430e+01
-4.308194309434477987e+01,-2.301515517559779767e+01
-4.311763028981553703e+01,-2.296342164379096928e+01
-4.315290728179854085e+01,-2.291127306731928570e+01
-4.318776470198363882e+01,-2.285871882319819548e+01
-4.322219338969775038e+01,-2.280576851959177276e+01
-4.325618439840363294e+01,-2.275243198967934433e+01
-4.328972900200335516e+01,-2.269871928537612149e+01
-4.332281870094508491e+01,-2.264464067091046218e+01
-4.335544522813206925e+01,-2.259020661626039228e+01
-4.338760055463152554e+01,-2.253542779045308464e+01
-4.341927689518265510e+01,-2.248031505472935265e+01
-4.345046671350159073e+01,-2.242487945557691020e+01
-4.348116272738184307e+01,-2.236913221763519033e+01
-4.351135791358862548e+01,-2.231308473647494139e+01
-4.354104551254549449e+01,-2.225674857125554951e+01
-4.357021903281118114e+01,-2.220013543726384597e+01
-4.359887225534566824e+01,-2.214325719833678363e+01
-4.362699923756325404e+01,-2.208612585917182258e+01
-4.365459431717125227e+01,-2.202875355752803443e+01
-4.368165211579257345e+01,-2.197115255632120423e+01
-4.370816754237070256e+01,-2.191333523561591790e+01
-4.373413579635514736e+01,-2.185531408451853252e+01
-4.375955237066612824e+01,-2.179710169297336364e+01
-4.378441305443674736e+01,-2.173871074346586951e+01
-4.380871393553098869e+01,-2.168015400263588432e+01
-4.383245140283619889e+01,-2.162144431280400880e+01
-4.385562214832847872e+01,-2.156259458341401825e+01
-4.387822316890925123e+01,-2.150361778239501120e+01
-4.390025176801198370e+01,-2.144452692744544464e+01
-4.392170555697718726e+01,-2.138533507724261185e+01
-4.394258245619457171e+01,-2.132605532258013881e+01
-4.396288069601065018e+01,-2.126670077743650111e+01
-4.398259881740083443e+01,-2.120728456997682443e+01
-4.400173567240411643e+01,-2.114781983349135075e+01
-4.402029042431954764e+01,-2.108831969727217981e+01
-4.403826254766273962e+01,-2.102879727743124505e+01
-4.405565182788139111e+01,-2.096926566766161315e+01
-4.407245836082842771e+01,-2.090973792994391545e+01
-4.408868255199132591e+01,-2.085022708520071433e+01
-4.410432511547675460e+01,-2.079074610389937661e+01
-4.411938707274874361e+01,-2.073130789660600826e+01
-4.413386975111966137e+01,-2.067192530449140975e+01
-4.414777478199228256e+01,-2.061261108979039847e+01
-4.416110409885207133e+01,-2.055337792621513060e+01
-4.417385993500801789e+01,-2.049423838932381869e+01
-4.418604482108123221e+01,-2.043520494684436173e+01
-4.419766158223953312e+01,-2.037628994895369416e+01
-4.420871333517715129e+01,-2.031750561851242054e+01
-4.421920348483780572e+01,-2.025886404125428086e+01
-4.422913572088029355e+01,-2.020037715592924599e+01
-4.423851401388472482e+01,-2.014205674439981308e+01
-4.424734261129825796e+01,-2.008391442168765550e+01
-4.425562603311895771e+01,-2.002596162596933382e+01
-4.426336906731595633e+01,-1.996820960851804116e+01
-4.427057676498474592e+01,-1.991066942358838432e+01
-4.427725443523570448e+01,-1.985335191824013634e+01
-4.428340763981432815e+01,-1.979626772209721608e+01
-4.428904218745149990e+01,-1.973942723703619961e+01
-4.429416412794179081e+01,-1.968284062679903812e+01
-4.429877974594834456e+01,-1.962651780652353040e+01
-4.430289555453185812e+01,-1.957046843218385845e+01
-4.430651828840225903e+01,-1.951470188993376809e+01
-4.430965489689045000e+01,-1.945922728534233670e+01
-4.431231253663857217e+01,-1.940405343251279291e+01
-4.431449856400596587e+01,-1.934918884307298015e+01
-4.431622052718908833e+01,-1.929464171502492675e+01
-4.431748615805275193e+01,-1.924041992143963142e+01
-4.431830336367035272e+01,-1.918653099898260450e+01
-4.431868021757093601e+01,-1.913298213625248323e+01
-4.431862495069030672e+01,-1.907978016191535886e+01
-4.431814594202397473e+01,-1.902693153261437686e+01
-4.431725170897968979e+01,-1.897444232063287117e+01
-4.431595089742705795e+01,-1.892231820128687403e+01
-4.431425227144197265e+01,-1.887056444002143252e+01
-4.431216470274426911e+01,-1.881918587918144681e+01
-4.430969715982613621e+01,-1.876818692442650161e+01
-4.430685869677044764e+01,-1.871757153075560609e+01
-4.430365844175732803e+01,-1.866734318810499005e+01
-4.430010558525863473e+01,-1.861750490647859735e+01
-4.429620936792012031e+01,-1.856805920056819659e+01
-4.429197906813217145e+01,-1.851900807381481329e+01
-4.428742398929059476e+01,-1.847035300186046314e+01
-4.428255344675026350e+01,-1.842209491533404631e+01
-4.427737675447567511e+01,-1.837423418191015756e+01
-4.427190321139428875e+01,-1.832677058757559863e+01
-4.426614208746038059e+01,-1.827970331703092555e+01
-4.426010260943907326e+01,-1.823303093315016810e+01
-4.425379394642399689e+01,-1.818675135541406718e+01
-4.424722519510401497e+01,-1.814086183722596957e+01
-4.424040536479952124e+01,-1.809535894201119532e+01
-4.423334336229273589e+01,-1.805023851799390044e+01
-4.422604797648180153e+01,-1.800549567153502295e+01
-4.421852786289518633e+01,-1.796112473890745775e+01
-4.421079152811016399e+01,-1.791711925637353886e+01
-4.420284731412787949e+01,-1.787347192841999188e+01
-4.419470338276720156e+01,-1.783017459399422577e+01
-4.418636770015265114e+01,-1.778721819057467002e+01
-4.417784802138405098e+01,-1.774459271589471854e+01
-4.416915187549294330e+01,-1.770228718712813887e+01
-4.416028655080875609e+01,-1.766028959733019832e+01
-4.415125908088037221e+01,-1.761858686891558179e+01
-4.414207623112299217e+01,-1.757716480394049441e+01
-4.413274448639091219e+01,-1.753600803094393257e+01
-4.412327003971017803e+01,-1.749509994808905589e+01
-4.411365878244433958e+01,-1.745442266233521877e+01
-4.410391629621308596e+01,-1.741395692436006115e+01
-4.409404784693542467e+01,-1.737368205894313533e+01
-4.408405838143019650e+01,-1.733357589051835745e+01
-4.407395252707651423e+01,-1.729361466360055388e+01
-4.406373459511734580e+01,-1.725377295779782116e+01
-4.405340858828093786e+01,-1.721402359713317765e+01
-4.404297821350137809e+01,-1.717433755342142732e+01
-4.403244690063812783e+01,-1.713468384348194462e+01
-4.402181782823302569e+01,-1.709502942001898163e+01
-4.401109395749631403e+01,-1.705533905607098433e+01
-4.400027807588972451e+01,-1.701557522302689307e+01
-4.398937285186983104e+01,-1.697569796233379336e+01
-4.397838090257389609e+01,-1.693566475118604231e+01
-4.396730487647355545e+01,-1.689543036269858689e+01
-4.395614755328699630e+01,-1.685494672133912175e+01
-4.394491196372952402e+01,-1.681416275473435107e+01
-4.393360153199061813e+01,-1.677302424339395159e+01
-4.392222024415102055e+01,-1.673147367042468403e+01
-4.391077284608363129e+01,-1.668945007395918267e+01
-4.389926507471193418e+01,-1.664688890581937031e+01
-4.388770392680561372e+01,-1.660372190089942279e+01
-4.387609796975548448e+01,-1.655987696291079914e+01
-4.386445769895563984e+01,-1.651527807351326160e+01
-4.385279594648432777e+01,-1.646984523348304208e+01
-4.384112834566125372e+01,-1.642349444646772838e+01
-4.382947385569331544e+01,-1.637613775806287464e+01
-4.381785534991254139e+01,-1.632768336541858289e+01
-4.380630026994192860e+01,-1.627803581533451904e+01
-4.379484134636589943e+01,-1.622709631177800915e+01
-4.378351738396703752e+01,-1.617476315688029942e+01
-4.377237410614856117e+01,-1.612093235258228674e+01
-4.376146504859496389e+01,-1.606549839299923832e+01
-4.375085248635527080e+01,-1.600835527993072205e+01
-4.374060837119556311e+01,-1.594939779533623891e+01
-4.373081524717071744e+01,-1.588852306445288498e+01
-4.372156710192351170e+01,-1.582563244084671084e+01
-4.371297009942555434e+01,-1.576063373921378918e+01
-4.370514312718180605e+01,-1.569344383223197426e+01
-4.369821807812385117e+01,-1.562399161322080055e+01
-4.369233977574693739e+01,-1.555222130590484397e+01
-4.368766544221603709e+01,-1.547809607556957978e+01
-4.368436360540272290e+01,-1.540160186225860883e+01
-4.368261234474501720e+01,-1.532275131712678551e+01
-4.368259679028157905e+01,-1.524158767954116023e+01
-4.368450581682438383e+01,-1.515818838835532034e+01
-4.368852791786608947e+01,-1.507266818091210148e+01
-4.369484630182996199e+01,-1.498518140414310551e+01
-4.370363332477489138e+01,-1.489592325097114234e+01
-4.371504445388744386e+01,-1.480512964939230436e+01
-4.372921203712225946e+01,-1.471307557696248303e+01
-4.374623922555236533e+01,-1.462007165265438324e+01
-4.376619444418391680e+01,-1.452645896913500145e+01
-4.378910682247698105e+01,-1.443260226361573295e+01
-4.381496296888848718e+01,-1.433888167095212296e+01
-4.384370540120657012e+01,-1.424568344068509695e+01
-4.387523283029228338e+01,-1.415339011072181918e+01
-4.390940235064012143e+01,-1.406237069699224129e+01
-4.394603343455248989e+01,-1.397297146913543564e+01
-4.398491347835328469e+01,-1.388550783406140532e+01
-4.402580452866052951e+01,-1.380025774850534148e+01
-4.406845073924205991e+01,-1.371745694302214069e+01
-4.411258608187555552e+01,-1.363729608295998474e+01
-4.415794185706447905e+01,-1.355991983765876085e+01
-4.420425361421617083e+01,-1.348542769555721854e+01
-4.425126718282842830e+01,-1.341387626269769129e+01
-4.429874362132326127e+01,-1.334528272116142489e+01
-4.434646299434376715e+01,-1.327962910171360633e+01
-4.439422698154114499e+01,-1.321686703587375078e+01
-4.444186039410571709e+01,-1.315692268831814893e+01
-4.448921172658342016e+01,-1.309970162157867790e+01
-4.453615290129719995e+01,-1.304509340271428641e+01
-4.458257837374572574e+01,-1.299297581894487053e+01
-4.462840376373222995e+01,-1.294321862120106204e+01
-4.467356416309175415e+01,-1.289568675824993349e+01
-4.471801225082641906e+01,-1.285024309835303669e+01
-4.476171632364101072e+01,-1.280675066041611210e+01
-4.480465832685443672e+01,-1.276507439324723947e+01
-4.484683194919195870e+01,-1.272508255123684506e+01
-4.488824082606454624e+01,-1.268664771901508459e+01
-4.492889688007814897e+01,-1.264964753788103557e+01
-4.496881881475732712e+01,-1.261396518429504887e+01
-4.500803076761717136e+01,-1.257948964651799173e+01
-4.504656112143661773e+01,-1.254611584036668681e+01
-4.508444146746761305e+01,-1.251374459961694896e+01
-4.512170571095423810e+01,-1.248228257122624640e+01
-4.515838930734343393e+01,-1.245164204052163193e+01
-4.519452861661647347e+01,-1.242174070695296528e+01
-4.523016036296914422e+01,-1.239250142700898394e+01
-4.526532118739607569e+01,-1.236385193745166688e+01
-4.530004728140434622e+01,-1.233572456911407400e+01
-4.533437409096434578e+01,-1.230805595908754668e+01
-4.536833608079299296e+01,-1.228078676714330619e+01
-4.540196655008873705e+01,-1.225386140062936846e+01
-4.543529749184634881e+01,-1.222722775080491253e+01
-4.546835948884044853e+01,-1.220083694256632967e+01
-4.550118164026029177e+01,-1.217464309873646577e+01
-4.553379151379354539e+01,-1.214860311948761584e+01
-4.556621511868985408e+01,-1.212267647701977324e+01
-4.559847689598660736e+01,-1.209682502528178993e+01
-4.563059972265342168e+01,-1.207101282428651778e+01
-4.566260492691165496e+01,-1.204520597840619089e+01
-4.569451231242151579e+01,-1.201937248792778234e+01
-4.572634018940207312e+01,-1.199348211308501888e+01
-4.575810541107207285e+01,-1.196750624975400967e+01
-4.578982341407345302e+01,-1.194141781599428853e+01
-4.582150826177281999e+01,-1.191519114862952478e+01
-4.585317268953342307e+01,-1.188880190908785472e+01
-4.588482815121790992e+01,-1.186222699775519906e+01
-4.591648486632180237e+01,-1.183544447613515871e+01
-4.594815186725529799e+01,-1.180843349615069471e+01
-4.597983704639003832e+01,-1.178117423596766677e+01
-4.601154720256871400e+01,-1.175364784176334787e+01
-4.604328808684346797e+01,-1.172583637490716413e+01
-4.607506444726583084e+01,-1.169772276406162703e+01
-4.610688007259660282e+01,-1.166929076175178892e+01
-4.613873783484179825e+01,-1.164052490498861303e+01
-4.617063973055270054e+01,-1.161141047956703609e+01
-4.620258692085194951e+01,-1.158193348769211184e+01
-4.623457977016837361e+01,-1.155208061861708480e+01
-4.626661788367922412e+01,-1.152183922200499566e+01
-4.629870014347093132e+01,-1.149119728375133676e+01
-4.633082474343962076e+01,-1.146014340402918386e+01
-4.636298922295976155e+01,-1.142866677733900360e+01
-4.639519049935545070e+01,-1.139675717436651325e+01
-4.642742489921231197e+01,-1.136440492546825176e+01
-4.645968818857124205e+01,-1.133160090562235389e+01
-4.649197560204673607e+01,-1.129833652069633843e+01
-4.652428187091329903e+01,-1.126460369489731583e+01
-4.655660125020413176e+01,-1.123039485928225645e+01
-4.658892754486517873e+01,-1.119570294121775689e+01
-4.662125413500811533e+01,-1.116052135468799911e+01
-4.665357400030337232e+01,-1.112484399135949076e+01
-4.668587974355443748e+01,-1.108866521231944802e+01
-4.671816361349194580e+01,-1.105197984041197579e+01
-4.675041752682566454e+01,-1.101478315310337663e+01
-4.678263308958963052e+01,-1.097707087581430585e+01
-4.681480161781524885e+01,-1.093883917566155617e+01
-4.684691415756434196e+01,-1.090008465555817097e+01
-4.687896150435302189e+01,-1.086080434862475030e+01
-4.691093422199539731e+01,-1.082099571286934747e+01
-4.694282266089452804e+01,-1.078065662609693476e+01
-4.697461697580603612e+01,-1.073978538101355795e+01
-4.700630714309891545e+01,-1.069838068049246971e+01
-4.703788297753587244e+01,-1.065644163297358915e+01
-4.706933414859435771e+01,-1.061396774796949494e+01
-4.710065019634821937e+01,-1.057095893165384126e+01
-4.713182054692804712e+01,-1.052741548251068515e+01
-4.716283452757768657e+01,-1.048333808702427561e+01
-4.719368138132266211e+01,-1.043872781539178618e+01
-4.722435028126540146e+01,-1.039358611724249215e+01
-4.725483034452079778e+01,-1.034791481734865926e+01
-4.728511064580500545e+01,-1.030171611131456544e+01
-4.731518023068895218e+01,-1.025499256123228697e+01
-4.734502812852764464e+01,-1.020774709129244151e+01
-4.737464336507506601e+01,-1.015998298334091032e+01
-4.740401497479370363e+01,-1.011170387237238799e+01
-4.743313201286747471e+01,-1.006291374195317800e+01
-4.746198356692542575e+01,-1.001361691956583400e+01
-4.749055876848322555e+01,-9.963818071870322868e+00
-4.751884680410925910e+01,-9.913522199875227869e+00
-4.754683692632075065e+01,-9.862734634014927337e+00
-4.757451846421535890e+01,-9.811461029128393463e+00
-4.760188083384316116e+01,-9.759707359336049493e+00
-4.762891354832336077e+01,-9.707479912811381340e+00
-4.765560622770917121e+01,-9.654785286445450865e+00
-4.768194860860522510e+01,-9.601630380401378062e+00
-4.770793055353975376e+01,-9.548022392557665938e+00
-4.773354206009483391e+01,-9.493968812839064242e+00
-4.775877326979715320e+01,-9.439477417433698392e+00
-4.778361447677087881e+01,-9.384556262896664336e+00
-4.780805613615537197e+01,-9.329213680138993325e+00
-4.783208887228856554e+01,-9.273458268302693597e+00
-4.785570348665788742e+01,-9.217298888521927580e+00
-4.787889096561959690e+01,-9.160744657571104455e+00
-4.790164248788775581e+01,-9.103804941400452932e+00
-4.792394943179326816e+01,-9.046489348560793786e+00
-4.794580338231401129e+01,-8.988807723518004167e+00
-4.796719613787613667e+01,-8.930770139859262713e+00
-4.798811971692713030e+01,-8.872386893392576468e+00
-4.800856636428073188e+01,-8.813668495141477877e+00
-4.802852855723376280e+01,-8.754625664236717952e+00
-4.804799901145483432e+01,-8.695269320707753380e+00
-4.806697068664497152e+01,-8.635610578175503704e+00
-4.808543679196984755e+01,-8.575660736449464139e+00
-4.810339079126325146e+01,-8.515431274031577402e+00
-4.812082640800176847e+01,-8.454933840529491818e+00
-4.813773763005009698e+01,-8.394180248981896852e+00
-4.815411871417639844e+01,-8.333182468099511908e+00
-4.816996419033765164e+01,-8.271952614423657479e+00
-4.818526886573416590e+01,-8.210502944406366410e+00
-4.820002782863281965e+01,-8.148845846414790373e+00
-4.821423645195846319e+01,-8.086993832663312176e+00
-4.822789039665300237e+01,-8.024959531076266472e+00
-4.824098561480141711e+01,-7.962755677085451289e+00
-4.825351835252423882e+01,-7.900395105364779624e+00
-4.826548515263588257e+01,-7.837890741506281067e+00
-4.827688285706817339e+01,-7.775255593640681084e+00
-4.828770860905854789e+01,-7.712502744005841571e+00
-4.829795985510223488e+01,-7.649645340467301935e+00
-4.830763434666793898e+01,-7.586696587993556840e+00
-4.831673014167630953e+01,-7.523669740090336511e+00
-4.832524560574084660e+01,-7.460578090197159895e+00
-4.833317941317032762e+01,-7.397434963049914103e+00
-4.834053054773264790e+01,-7.334253706012683338e+00
-4.834729830317907329e+01,-7.271047680383139422e+00
-4.835348228352876276e+01,-7.207830252674090055e+00
-4.835908240311285766e+01,-7.144614785875424090e+00
-4.836409888637757604e+01,-7.081414630699656598e+00
-4.836853226744601386e+01,-7.018243116814657512e+00
-4.837238338943797800e+01,-6.955113544066647613e+00
-4.837565340354750987e+01,-6.892039173697600773e+00
-4.837834376787745327e+01,-6.829033219559349277e+00
-4.838045624603086736e+01,-6.766108839328383695e+00
-4.838199290545851028e+01,-6.703279125724240117e+00
-4.838295611556213771e+01,-6.640557097734590464e+00
-4.838334854555301945e+01,-6.577955691849794562e+00
-4.838317316206525476e+01,-6.515487753310608809e+00
-4.838243322652331102e+01,-6.453166027370644819e+00
-4.838113229226333800e+01,-6.391003150577223124e+00
-4.837927420140765378e+01,-6.329011642072753574e+00
-4.837686308149179126e+01,-6.267203894918879747e+00
-4.837390334184365059e+01,-6.205592167446303264e+00
-4.837039966971379812e+01,-6.144188574631451516e+00
-4.836635702615665622e+01,-6.083005079502593837e+00
-4.836178064166127655e+01,-6.022053484576828097e+00
-4.835667601153136275e+01,-5.961345423329553306e+00
-4.835104889101326364e+01,-5.900892351697436311e+00
-4.834490529017130456e+01,-5.840705539616622310e+00
-4.833825146850893617e+01,-5.780796062596047946e+00
-4.833109392933499748e+01,-5.721174793327104879e+00
-4.832343941387348707e+01,-5.661852393329536604e+00
-4.831529489511544995e+01,-5.602839304633670636e+00
-4.830666757141156609e+01,-5.544145741498216928e+00
-4.829756485980360026e+01,-5.485781682163542783e+00
-4.828799438909300790e+01,-5.427756860638333514e+00
-4.827796399264428828e+01,-5.370080758518727571e+00
-4.826748170092136547e+01,-5.312762596837583118e+00
-4.825655573375401275e+01,-5.255811327941438016e+00
-4.824519449233206814e+01,-5.199235627391821879e+00
-4.823340655092427198e+01,-5.143043885887970568e+00
-4.822120064831860020e+01,-5.087244201205814775e+00
-4.820858567898062574e+01,-5.031844370149022083e+00
-4.819557068392622057e+01,-4.976851880506316661e+00
-4.818216484130437038e+01,-4.922273903008396623e+00
-4.816837745668579629e+01,-4.868117283278153629e+00
-4.815421795305258712e+01,-4.814388533765017186e+00
-4.813969586048352767e+01,-4.761093825655280831e+00
-4.812482080552977948e+01,-4.708238980747993629e+00
-4.810960250027471119e+01,-4.655829463285432013e+00
-4.809405073107146933e+01,-4.603870371725458988e+00
-4.807817534695147543e+01,-4.552366430442835288e+00
-4.806198624769626804e+01,-4.501321981343481049e+00
-4.804549337156482380e+01,-4.450740975375738095e+00
-4.802870668266793075e+01,-4.400626963920117873e+00
-4.801163615798044759e+01,-4.350983090037519929e+00
-4.799429177398208424e+01,-4.301812079553609003e+00
-4.797668349291638634e+01,-4.253116231955799798e+00
-4.795882124865711660e+01,-4.204897411075585900e+00
-4.794071493217096958e+01,-4.157157035527704991e+00
-4.792237437656432064e+01,-4.109896068874268948e+00
-4.790380934170195815e+01,-4.063115009479076889e+00
-4.788502949838439093e+01,-4.016813880014021620e+00
-4.786604441207052929e+01,-3.970992216576500589e+00
-4.784686352613128690e+01,-3.925649057371845441e+00
-4.782749614462034771e+01,-3.880782930911620632e+00
-4.780795141454678543e+01,-3.836391843673522484e+00
-4.778823830763494129e+01,-3.792473267163575024e+00
-4.776836560155668110e+01,-3.749024124316485462e+00
-4.774834186062098951e+01,-3.706040775163034429e+00
-4.772817541590668355e+01,-3.663519001687937759e+00
-4.770787434482411271e+01,-3.621453991794084004e+00
-4.768744645009351757e+01,-3.579840322281344633e+00
-4.766689923812779028e+01,-3.538671940739874788e+00
-4.764623989681087579e+01,-3.497942146249133355e+00
-4.762547527266397651e+01,-3.457643568762933661e+00
-4.760461184739595808e+01,-3.417768147051294836e+00
-4.758365571383779269e+01,-3.378307105057432480e+00
-4.756261255126638332e+01,-3.339250926515828333e+00
-4.754148760012886044e+01,-3.300589327663458583e+00
-4.752028563618664947e+01,-3.262311227862305429e+00
-4.749901094410763847e+01,-3.224404717933869957e+00
-4.747766729054633572e+01,-3.186857025991023828e+00
-4.745625789676604001e+01,-3.149654480533057743e+00
-4.743478541087306155e+01,-3.112782470551138214e+00
-4.741325187975372302e+01,-3.076225402370006634e+00
-4.739165872082833175e+01,-3.039966652931313185e+00
-4.737000669376487849e+01,-3.003988519199690899e+00
-4.734829587232940895e+01,-2.968272163350767379e+00
-4.732652561659001123e+01,-2.932797553375716682e+00
-4.730469454573878352e+01,-2.897543398712961960e+00
-4.728280051185319621e+01,-2.862487080494791059e+00
-4.726084057498374591e+01,-2.827604575973417411e+00
-4.723881098003295165e+01,-2.792870376672179411e+00
-4.721670713598297908e+01,-2.758257399789969977e+00
-4.719452359813504927e+01,-2.723736892376519059e+00
-4.717225405415000239e+01,-2.689278327791121193e+00
-4.714989131482473539e+01,-2.654849293964375967e+00
-4.712742731070782298e+01,-2.620415373000628545e+00
-4.710485309585430969e+01,-2.585940011696737262e+00
-4.708215886024524366e+01,-2.551384382612183366e+00
-4.705933395265650887e+01,-2.516707235415645449e+00
-4.703636691605819209e+01,-2.481864738360659572e+00
-4.701324553796297323e+01,-2.446810309918751702e+00
-4.698995691852098844e+01,-2.411494440834016206e+00
-4.696648755958615595e+01,-2.375864507174076046e+00
-4.694282347844892200e+01,-2.339864575356180865e+00
-4.691895035044971962e+01,-2.303435200643703773e+00
-4.689485368524300668e+01,-2.266513221264418121e+00
-4.687051904207432074e+01,-2.229031551123895838e+00
-4.684593229003812098e+01,-2.190918975107751798e+00
-4.682107991988841178e+01,-2.152099952222966017e+00
-4.679594941453711243e+01,-2.112494433356255197e+00
-4.677052968585439174e+01,-2.072017702267861416e+00
-4.674481158571189354e+01,-2.030580250631103922e+00
-4.671878849930024558e+01,-1.988087700499145072e+00
-4.669245702849285351e+01,-1.944440790555868048e+00
-4.666581777227212058e+01,-1.899535445883874907e+00
-4.663887620980979420e+01,-1.853262954725004352e+00
-4.661164368947864745e+01,-1.805510279738952839e+00
-4.658413852362899377e+01,-1.756160535430129066e+00
-4.655638718410671828e+01,-1.705093667470837682e+00
-4.652842558694510444e+01,-1.652187373239568879e+00
-4.650030044615540703e+01,-1.597318305506955083e+00
-4.647207066587326096e+01,-1.540363602160275569e+00
-4.644380872721012565e+01,-1.481202783294096381e+00
-4.641560201114696582e+01,-1.419720051867604749e+00
-4.638755398214326675e+01,-1.355807024251630910e+00
-4.635978513971077319e+01,-1.289365901134834846e+00
-4.633243362846135227e+01,-1.220313066301014882e+00
-4.630565538315988050e+01,-1.148583069960711800e+00
-4.627962367683817035e+01,-1.074132914504478009e+00
-4.625452794032507597e+01,-9.969465146860233551e-01
-4.623057173416314924e+01,-9.170391537048945274e-01
-4.620796978210565698e+01,-8.344617055661208704e-01
-4.618694402154220313e+01,-7.493043484084285222e-01
-4.616771869075618895e+01,-6.616994607818766916e-01
-4.615051455358858590e+01,-5.718233815416351451e-01
-4.613554245316198887e+01,-4.798967321169631539e-01
-4.612299647851785522e+01,-3.861830532713967923e-01
-4.611304710913496052e+01,-2.909855989187659642e-01
-4.610583475877289317e+01,-1.946422532625979307e-01
-4.610146415944789311e+01,-9.751868424862765450e-02
-4.610000000000000142e+01,-4.880174791196992790e-15
-4.610146415944789311e+01,9.751868424858717299e-02
-4.610583475877290027e+01,1.946422532625573520e-01
-4.611304710913496052e+01,2.909855989188252501e-01
-4.612299647851784812e+01,3.861830532713575459e-01
-4.613554245316198887e+01,4.798967321169244071e-01
-4.615051455358858590e+01,5.718233815415973975e-01
-4.616771869075618895e+01,6.616994607818396101e-01
-4.618694402154221734e+01,7.493043484084549455e-01
-4.620796978210566408e+01,8.344617055661469607e-01
-4.623057173416314214e+01,9.170391537048604436e-01
-4.625452794032509019e+01,9.969465146859832760e-01
-4.627962367683816325e+01,1.074132914504446257e+00
-4.630565538315984497e+01,1.148583069960714242e+00
-4.633243362846134517e+01,1.220313066301060845e+00
-4.635978513971080872e+01,1.289365901134868819e+00
-4.638755398214325254e+01,1.355807024251624693e+00
-4.641560201114696582e+01,1.419720051867578769e+00
-4.644380872721011144e+01,1.481202783294070846e+00
-4.647207066587325386e+01,1.540363602160251366e+00
-4.650030044615544256e+01,1.597318305506961078e+00
-4.652842558694509734e+01,1.652187373239546675e+00
-4.655638718410668275e+01,1.705093667470831020e+00
-4.658413852362899377e+01,1.756160535430107750e+00
-4.661164368947866876e+01,1.805510279738917312e+00
-4.663887620980979420e+01,1.853262954724984812e+00
-4.666581777227212058e+01,1.899535445883905993e+00
-4.669245702849285351e+01,1.944440790555850285e+00
-4.671878849930023847e+01,1.988087700499138855e+00
-4.674481158571187933e+01,2.030580250631097261e+00
-4.677052968585437753e+01,2.072017702267844541e+00
-4.679594941453711243e+01,2.112494433356239654e+00
-4.682107991988841178e+01,2.152099952222992663e+00
-4.684593229003814940e+01,2.190918975107719824e+00
-4.687051904207430653e+01,2.229031551123881183e+00
-4.689485368524297115e+01,2.266513221264419009e+00
-4.691895035044970541e+01,2.303435200643689562e+00
-4.694282347844896464e+01,2.339864575356183529e+00
-4.696648755958616306e+01,2.375864507174093809e+00
-4.698995691852098844e+01,2.411494440834003328e+00
-4.701324553796297323e+01,2.446810309918738824e+00
-4.703636691605818498e+01,2.481864738360651135e+00
-4.705933395265650176e+01,2.516707235415637012e+00
-4.708215886024524366e+01,2.551384382612204238e+00
-4.710485309585428126e+01,2.585940011696742147e+00
-4.712742731070780877e+01,2.620415373000619219e+00
-4.714989131482474960e+01,2.654849293964351098e+00
-4.717225405414998818e+01,2.689278327791108758e+00
-4.719452359813502085e+01,2.723736892376519947e+00
-4.721670713598299329e+01,2.758257399789989073e+00
-4.723881098003295165e+01,2.792870376672167865e+00
-4.726084057498373880e+01,2.827604575973405865e+00
-4.728280051185318200e+01,2.862487080494779512e+00
-4.730469454573877641e+01,2.897543398712949525e+00
-4.732652561659001123e+01,2.932797553375705135e+00
-4.734829587232943027e+01,2.968272163350776260e+00
-4.737000669376487139e+01,3.003988519199679352e+00
-4.739165872082831044e+01,3.039966652931311408e+00
-4.741325187975372302e+01,3.076225402369994200e+00
-4.743478541087306866e+01,3.112782470551115566e+00
-4.745625789676604711e+01,3.149654480533078171e+00
-4.747766729054632862e+01,3.186857025991044257e+00
-4.749901094410763136e+01,3.224404717933856190e+00
-4.752028563618664236e+01,3.262311227862292995e+00
-4.754148760012886044e+01,3.300589327663445705e+00
-4.756261255126637622e+01,3.339250926515815010e+00
-4.758365571383779979e+01,3.378307105057453352e+00
-4.760461184739595808e+01,3.417768147051280181e+00
-4.762547527266398362e+01,3.457643568762911457e+00
-4.764623989681086158e+01,3.497942146249120476e+00
-4.766689923812776897e+01,3.538671940739868127e+00
-4.768744645009351046e+01,3.579840322281330423e+00
-4.770787434482413403e+01,3.621453991794099991e+00
-4.772817541590667645e+01,3.663519001687923549e+00
-4.774834186062098240e+01,3.706040775163020662e+00
-4.776836560155667399e+01,3.749024124316470363e+00
-4.778823830763493419e+01,3.792473267163560813e+00
-4.780795141454677832e+01,3.836391843673506941e+00
-4.782749614462034771e+01,3.880782930911643724e+00
-4.784686352613126559e+01,3.925649057371835227e+00
-4.786604441207052218e+01,3.970992216576486378e+00
-4.788502949838440514e+01,4.016813880014001192e+00
-4.790380934170195104e+01,4.063115009479062678e+00
-4.792237437656432064e+01,4.109896068874292929e+00
-4.794071493217097668e+01,4.157157035527728972e+00
-4.795882124865712370e+01,4.204897411075570801e+00
-4.797668349291638634e+01,4.253116231955784698e+00
-4.799429177398207713e+01,4.301812079553592127e+00
-4.801163615798044759e+01,4.350983090037503942e+00
-4.802870668266792364e+01,4.400626963920141854e+00
-4.804549337156482380e+01,4.450740975375716779e+00
-4.806198624769625383e+01,4.501321981343463285e+00
-4.807817534695146122e+01,4.552366430442821077e+00
-4.809405073107146222e+01,4.603870371725441224e+00
-4.810960250027471830e+01,4.655829463285410696e+00
-4.812482080552979369e+01,4.708238980748021163e+00
-4.813969586048351346e+01,4.761093825655261291e+00
-4.815421795305258712e+01,4.814388533764999423e+00
-4.816837745668578918e+01,4.868117283278138530e+00
-4.818216484130436328e+01,4.922273903008380636e+00
-4.819557068392622057e+01,4.976851880506297121e+00
-4.820858567898063995e+01,5.031844370149050505e+00
-4.822120064831859310e+01,5.087244201205794347e+00
-4.823340655092427909e+01,5.143043885887948363e+00
-4.824519449233206814e+01,5.199235627391802339e+00
-4.825655573375400564e+01,5.255811327941418476e+00
-4.826748170092136547e+01,5.312762596837608875e+00
-4.827796399264430249e+01,5.370080758518751551e+00
-4.828799438909300079e+01,5.427756860638313086e+00
-4.829756485980360026e+01,5.485781682163522355e+00
-4.830666757141155188e+01,5.544145741498196500e+00
-4.831529489511544284e+01,5.602839304633654649e+00
-4.832343941387350128e+01,5.661852393329565913e+00
-4.833109392933500459e+01,5.721174793327135966e+00
-4.833825146850892196e+01,5.780796062596031959e+00
-4.834490529017129745e+01,5.840705539616600994e+00
-4.835104889101326364e+01,5.900892351697414107e+00
-4.835667601153135564e+01,5.961345423329531101e+00
-4.836178064166127655e+01,6.022053484576854743e+00
-4.836635702615666332e+01,6.083005079502572521e+00
-4.837039966971380522e+01,6.144188574631430200e+00
-4.837390334184364349e+01,6.205592167446279284e+00
-4.837686308149179837e+01,6.267203894918856655e+00
-4.837927420140765378e+01,6.329011642072731370e+00
-4.838113229226333800e+01,6.391003150577254210e+00
-4.838243322652331102e+01,6.453166027370621727e+00
-4.838317316206525476e+01,6.515487753310585717e+00
-4.838334854555301945e+01,6.577955691849778574e+00
-4.838295611556213771e+01,6.640557097734568259e+00
-4.838199290545850317e+01,6.703279125724273868e+00
-4.838045624603086736e+01,6.766108839328417446e+00
-4.837834376787744617e+01,6.829033219559326184e+00
-4.837565340354750276e+01,6.892039173697576793e+00
-4.837238338943798510e+01,6.955113544066624520e+00
-4.836853226744601386e+01,7.018243116814633531e+00
-4.836409888637756893e+01,7.081414630699683244e+00
-4.835908240311285766e+01,7.144614785875449847e+00
-4.835348228352876987e+01,7.207830252674067850e+00
-4.834729830317907329e+01,7.271047680383115441e+00
-4.834053054773265501e+01,7.334253706012660246e+00
-4.833317941317032762e+01,7.397434963049899004e+00
-4.832524560574083949e+01,7.460578090197192758e+00
-4.831673014167631663e+01,7.523669740090321412e+00
-4.830763434666793188e+01,7.586696587993540852e+00
-4.829795985510223488e+01,7.649645340467279730e+00
-4.828770860905854789e+01,7.712502744005816702e+00
-4.827688285706817339e+01,7.775255593640657992e+00
-4.826548515263586836e+01,7.837890741506307712e+00
-4.825351835252423882e+01,7.900395105364757420e+00
-4.824098561480143132e+01,7.962755677085429973e+00
-4.822789039665300947e+01,8.024959531076243380e+00
-4.821423645195846319e+01,8.086993832663289083e+00
-4.820002782863281965e+01,8.148845846414815242e+00
-4.818526886573416590e+01,8.210502944406396608e+00
-4.816996419033765164e+01,8.271952614423636163e+00
-4.815411871417640555e+01,8.333182468099495921e+00
-4.813773763005011119e+01,8.394180248981880865e+00
-4.812082640800178268e+01,8.454933840529470501e+00
-4.810339079126323725e+01,8.515431274031609377e+00
-4.808543679196983334e+01,8.575660736449496113e+00
-4.806697068664499284e+01,8.635610578175480612e+00
-4.804799901145484853e+01,8.695269320707730287e+00
-4.802852855723377701e+01,8.754625664236698412e+00
-4.800856636428074609e+01,8.813668495141458337e+00
-4.798811971692711609e+01,8.872386893392601337e+00
-4.796719613787613667e+01,8.930770139859241397e+00
-4.794580338231401839e+01,8.988807723517984627e+00
-4.792394943179327527e+01,9.046489348560772470e+00
-4.790164248788776291e+01,9.103804941400438722e+00
-4.787889096561959690e+01,9.160744657571090244e+00
-4.785570348665788032e+01,9.217298888521957778e+00
-4.783208887228857975e+01,9.273458268302679386e+00
-4.780805613615538618e+01,9.329213680138977338e+00
-4.778361447677088591e+01,9.384556262896641243e+00
-4.775877326979716031e+01,9.439477417433678852e+00
-4.773354206009484813e+01,9.493968812839046478e+00
-4.770793055353973955e+01,9.548022392557689031e+00
-4.768194860860523931e+01,9.601630380401354969e+00
-4.765560622770918542e+01,9.654785286445433101e+00
-4.762891354832336077e+01,9.707479912811361800e+00
-4.760188083384317537e+01,9.759707359336029953e+00
-4.757451846421534469e+01,9.811461029128421885e+00
-4.754683692632072933e+01,9.862734634014950430e+00
-4.751884680410927331e+01,9.913522199875213659e+00
-4.749055876848323265e+01,9.963818071870313986e+00
-4.746198356692542575e+01,1.001361691956581801e+01
-4.743313201286748182e+01,1.006291374195315669e+01
-4.740401497479368942e+01,1.011170387237241464e+01
-4.737464336507508023e+01,1.015998298334089256e+01
-4.734502812852765885e+01,1.020774709129242552e+01
-4.731518023068895928e+01,1.025499256123227454e+01
-4.728511064580501255e+01,1.030171611131455123e+01
-4.725483034452080489e+01,1.034791481734864327e+01
-4.722435028126539436e+01,1.039358611724251524e+01
-4.719368138132267632e+01,1.043872781539177019e+01
-4.716283452757768657e+01,1.048333808702425429e+01
-4.713182054692805423e+01,1.052741548251067272e+01
-4.710065019634824068e+01,1.057095893165383060e+01
-4.706933414859435771e+01,1.061396774796948073e+01
-4.703788297753585113e+01,1.065644163297360336e+01
-4.700630714309892966e+01,1.069838068049245727e+01
-4.697461697580605033e+01,1.073978538101354374e+01
-4.694282266089454936e+01,1.078065662609692055e+01
-4.691093422199541862e+01,1.082099571286933504e+01
-4.687896150435301479e+01,1.086080434862476451e+01
-4.684691415756432775e+01,1.090008465555819406e+01
-4.681480161781526306e+01,1.093883917566154906e+01
-4.678263308958963762e+01,1.097707087581429164e+01
-4.675041752682567164e+01,1.101478315310335887e+01
-4.671816361349196001e+01,1.105197984041196158e+01
-4.668587974355443038e+01,1.108866521231946578e+01
-4.665357400030338653e+01,1.112484399135947832e+01
-4.662125413500812243e+01,1.116052135468798667e+01
-4.658892754486519294e+01,1.119570294121774268e+01
-4.655660125020414597e+01,1.123039485928224224e+01
-4.652428187091331324e+01,1.126460369489730518e+01
-4.649197560204672186e+01,1.129833652069635619e+01
-4.645968818857124205e+01,1.133160090562233435e+01
-4.642742489921231908e+01,1.136440492546824110e+01
-4.639519049935547201e+01,1.139675717436651503e+01
-4.636298922295978286e+01,1.142866677733898939e+01
-4.633082474343962076e+01,1.146014340402916076e+01
-4.629870014347092422e+01,1.149119728375135630e+01
-4.626661788367923833e+01,1.152183922200498500e+01
-4.623457977016838072e+01,1.155208061861707414e+01
-4.620258692085196373e+01,1.158193348769210118e+01
-4.617063973055270054e+01,1.161141047956702721e+01
-4.613873783484178404e+01,1.164052490498862902e+01
-4.610688007259658860e+01,1.166929076175180668e+01
-4.607506444726584505e+01,1.169772276406161815e+01
-4.604328808684346797e+01,1.172583637490713926e+01
-4.601154720256872821e+01,1.175364784176333721e+01
-4.597983704639006675e+01,1.178117423596767210e+01
-4.594815186725529088e+01,1.180843349615071247e+01
-4.591648486632180948e+01,1.183544447613514983e+01
-4.588482815121791702e+01,1.186222699775518841e+01
-4.585317268953343017e+01,1.188880190908784762e+01
-4.582150826177282710e+01,1.191519114862951412e+01
-4.578982341407346723e+01,1.194141781599428143e+01
-4.575810541107205154e+01,1.196750624975400967e+01
-4.572634018940208023e+01,1.199348211308501178e+01
-4.569451231242154421e+01,1.201937248792779300e+01
-4.566260492691166206e+01,1.204520597840618379e+01
-4.563059972265341457e+01,1.207101282428648936e+01
-4.559847689598661447e+01,1.209682502528177750e+01
-4.556621511868984697e+01,1.212267647701978746e+01
-4.553379151379355250e+01,1.214860311948760341e+01
-4.550118164026031309e+01,1.217464309873645689e+01
-4.546835948884045564e+01,1.220083694256631901e+01
-4.543529749184636302e+01,1.222722775080490365e+01
-4.540196655008871574e+01,1.225386140062938267e+01
-4.536833608079297875e+01,1.228078676714332751e+01
-4.533437409096433868e+01,1.230805595908751471e+01
-4.530004728140436043e+01,1.233572456911406334e+01
-4.526532118739611121e+01,1.236385193745168998e+01
-4.523016036296915132e+01,1.239250142700897328e+01
-4.519452861661643794e+01,1.242174070695296528e+01
-4.515838930734342682e+01,1.245164204052165680e+01
-4.512170571095424521e+01,1.248228257122623397e+01
-4.508444146746762016e+01,1.251374459961693475e+01
-4.504656112143663904e+01,1.254611584036667082e+01
-4.500803076761717847e+01,1.257948964651797574e+01
-4.496881881475731291e+01,1.261396518429506308e+01
-4.492889688007819160e+01,1.264964753788104268e+01
-4.488824082606456045e+01,1.268664771901506860e+01
-4.484683194919195870e+01,1.272508255123680776e+01
-4.480465832685445804e+01,1.276507439324721815e+01
-4.476171632364105335e+01,1.280675066041613164e+01
-4.471801225082639064e+01,1.285024309835307221e+01
-4.467356416309176836e+01,1.289568675824993527e+01
-4.462840376373225126e+01,1.294321862120105671e+01
-4.458257837374574706e+01,1.299297581894484566e+01
-4.453615290129721416e+01,1.304509340271425977e+01
-4.448921172658340595e+01,1.309970162157871698e+01
-4.444186039410568156e+01,1.315692268831815070e+01
-4.439422698154115920e+01,1.321686703587372591e+01
-4.434646299434380978e+01,1.327962910171359390e+01
-4.429874362132328258e+01,1.334528272116139824e+01
-4.425126718282843541e+01,1.341387626269764866e+01
-4.420425361421616373e+01,1.348542769555723808e+01
-4.415794185706445774e+01,1.355991983765881059e+01
-4.411258608187556263e+01,1.363729608295995099e+01
-4.406845073924206702e+01,1.371745694302213181e+01
-4.402580452866054372e+01,1.380025774850533438e+01
-4.398491347835329179e+01,1.388550783406137157e+01
-4.394603343455246858e+01,1.397297146913548893e+01
-4.390940235064012853e+01,1.406237069699223241e+01
-4.387523283029229759e+01,1.415339011072177833e+01
-4.384370540120659143e+01,1.424568344068505965e+01
-4.381496296888849429e+01,1.433888167095208388e+01
-4.378910682247699526e+01,1.443260226361569565e+01
-4.376619444418391680e+01,1.452645896913502988e+01
-4.374623922555237243e+01,1.462007165265434239e+01
-4.372921203712226657e+01,1.471307557696244572e+01
-4.371504445388745097e+01,1.480512964939226883e+01
-4.370363332477488427e+01,1.489592325097112990e+01
-4.369484630182995488e+01,1.498518140414309308e+01
-4.368852791786607526e+01,1.507266818091215299e+01
-4.368450581682435541e+01,1.515818838835530968e+01
-4.368259679028157194e+01,1.524158767954114957e+01
-4.368261234474505272e+01,1.532275131712675531e+01
-4.368436360540273000e+01,1.540160186225858219e+01
-4.368766544221604420e+01,1.547809607556960643e+01
-4.369233977574693739e+01,1.555222130590486884e+01
-4.369821807812384407e+01,1.562399161322077212e+01
-4.370514312718180605e+01,1.569344383223194761e+01
-4.371297009942556144e+01,1.576063373921376254e+01
-4.372156710192350459e+01,1.582563244084668952e+01
-4.373081524717070323e+01,1.588852306445292228e+01
-4.374060837119559153e+01,1.594939779533620872e+01
-4.375085248635525659e+01,1.600835527993070784e+01
-4.376146504859491415e+01,1.606549839299923121e+01
-4.377237410614855406e+01,1.612093235258227963e+01
-4.378351738396708015e+01,1.617476315688027100e+01
-4.379484134636589943e+01,1.622709631177803757e+01
-4.380630026994193571e+01,1.627803581533449773e+01
-4.381785534991254139e+01,1.632768336541856513e+01
-4.382947385569330834e+01,1.637613775806285332e+01
-4.384112834566125372e+01,1.642349444646771417e+01
-4.385279594648433488e+01,1.646984523348302787e+01
-4.386445769895564695e+01,1.651527807351327937e+01
-4.387609796975549159e+01,1.655987696291078493e+01
-4.388770392680564214e+01,1.660372190089940148e+01
-4.389926507471192707e+01,1.664688890581935254e+01
-4.391077284608358866e+01,1.668945007395917912e+01
-4.392222024415102055e+01,1.673147367042470890e+01
-4.393360153199064655e+01,1.677302424339396936e+01
-4.394491196372950981e+01,1.681416275473433330e+01
-4.395614755328699630e+01,1.685494672133911109e+01
-4.396730487647356256e+01,1.689543036269857623e+01
-4.397838090257389609e+01,1.693566475118603165e+01
-4.398937285186985235e+01,1.697569796233380401e+01
-4.400027807588972451e+01,1.701557522302687531e+01
-4.401109395749628561e+01,1.705533905607097722e+01
-4.402181782823301859e+01,1.709502942001896741e+01
-4.403244690063814915e+01,1.713468384348192330e+01
-4.404297821350137099e+01,1.717433755342140955e+01
-4.405340858828093076e+01,1.721402359713319896e+01
-4.406373459511733870e+01,1.725377295779780695e+01
-4.407395252707651423e+01,1.729361466360053967e+01
-4.408405838143018940e+01,1.733357589051834324e+01
-4.409404784693541046e+01,1.737368205894312112e+01
-4.410391629621308596e+01,1.741395692436004694e+01
-4.411365878244433958e+01,1.745442266233523654e+01
-4.412327003971019224e+01,1.749509994808904167e+01
-4.413274448639091219e+01,1.753600803094391836e+01
-4.414207623112296375e+01,1.757716480394048375e+01
-4.415125908088037221e+01,1.761858686891556403e+01
-4.416028655080877030e+01,1.766028959733021253e+01
-4.416915187549293620e+01,1.770228718712816018e+01
-4.417784802138405098e+01,1.774459271589470788e+01
-4.418636770015265114e+01,1.778721819057465936e+01
-4.419470338276719446e+01,1.783017459399421512e+01
-4.420284731412787949e+01,1.787347192841997767e+01
-4.421079152811017110e+01,1.791711925637355662e+01
-4.421852786289515791e+01,1.796112473890744710e+01
-4.422604797648180153e+01,1.800549567153500163e+01
-4.423334336229275010e+01,1.805023851799387913e+01
-4.424040536479951413e+01,1.809535894201118467e+01
-4.424722519510398655e+01,1.814086183722595536e+01
-4.425379394642399689e+01,1.818675135541409205e+01
-4.426010260943907326e+01,1.823303093315015033e+01
-4.426614208746038059e+01,1.827970331703091134e+01
-4.427190321139428875e+01,1.832677058757558441e+01
-4.427737675447566801e+01,1.837423418191014335e+01
-4.428255344675026350e+01,1.842209491533402854e+01
-4.428742398929061608e+01,1.847035300186049156e+01
-4.429197906813216434e+01,1.851900807381479197e+01
-4.429620936792010610e+01,1.856805920056818593e+01
-4.430010558525862763e+01,1.861750490647857958e+01
-4.430365844175734225e+01,1.866734318810497228e+01
-4.430685869677045474e+01,1.871757153075562741e+01
-4.430969715982612911e+01,1.876818692442652647e+01
-4.431216470274426200e+01,1.881918587918142904e+01
-4.431425227144197265e+01,1.887056444002141475e+01
-4.431595089742705085e+01,1.892231820128685627e+01
-4.431725170897969690e+01,1.897444232063285696e+01
-4.431814594202397473e+01,1.902693153261440173e+01
-4.431862495069030672e+01,1.907978016191538728e+01
-4.431868021757094311e+01,1.913298213625246902e+01
-4.431830336367034562e+01,1.918653099898258674e+01
-4.431748615805273062e+01,1.924041992143962077e+01
-4.431622052718909544e+01,1.929464171502490899e+01
-4.431449856400597298e+01,1.934918884307300502e+01
-4.431231253663858638e+01,1.940405343251277870e+01
-4.430965489689045000e+01,1.945922728534231538e+01
-4.430651828840226614e+01,1.951470188993375032e+01
-4.430289555453187234e+01,1.957046843218383714e+01
-4.429877974594834456e+01,1.962651780652350908e+01
-4.429416412794178370e+01,1.968284062679906654e+01
-4.428904218745149279e+01,1.973942723703617830e+01
-4.428340763981433525e+01,1.979626772209719832e+01
-4.427725443523571158e+01,1.985335191824011503e+01
-4.427057676498475303e+01,1.991066942358836656e+01
-4.426336906731594212e+01,1.996820960851806959e+01
-4.425562603311894350e+01,2.002596162596936225e+01
-4.424734261129826507e+01,2.008391442168764485e+01
-4.423851401388473192e+01,2.014205674439979887e+01
-4.422913572088030065e+01,2.020037715592922467e+01
-4.421920348483780572e+01,2.025886404125425955e+01
-4.420871333517713708e+01,2.031750561851244896e+01
-4.419766158223954022e+01,2.037628994895372259e+01
-4.418604482108123932e+01,2.043520494684434041e+01
-4.417385993500802499e+01,2.049423838932379383e+01
-4.416110409885207133e+01,2.055337792621510573e+01
-4.414777478199229677e+01,2.061261108979038070e+01
-4.413386975111965427e+01,2.067192530449143462e+01
-4.411938707274874361e+01,2.073130789660599049e+01
-4.410432511547675460e+01,2.079074610389935884e+01
-4.408868255199134012e+01,2.085022708520070367e+01
-4.407245836082842771e+01,2.090973792994390479e+01
-4.405565182788139111e+01,2.096926566766159183e+01
-4.403826254766272541e+01,2.102879727743128058e+01
-4.402029042431955475e+01,2.108831969727216915e+01
-4.400173567240413064e+01,2.114781983349133299e+01
-4.398259881740084154e+01,2.120728456997679956e+01
-4.396288069601066439e+01,2.126670077743647980e+01
-4.394258245619456460e+01,2.132605532258016368e+01
-4.392170555697718726e+01,2.138533507724263316e+01
-4.390025176801198370e+01,2.144452692744542688e+01
-4.387822316890925123e+01,2.150361778239498989e+01
-4.385562214832848582e+01,2.156259458341399693e+01
-4.383245140283620600e+01,2.162144431280399814e+01
-4.380871393553098869e+01,2.168015400263591275e+01
-4.378441305443674025e+01,2.173871074346590149e+01
-4.375955237066614245e+01,2.179710169297334588e+01
-4.373413579635515447e+01,2.185531408451851831e+01
-4.370816754237071677e+01,2.191333523561589658e+01
-4.368165211579258767e+01,2.197115255632118291e+01
-4.365459431717123806e+01,2.202875355752805575e+01
-4.362699923756326115e+01,2.208612585917180482e+01
-4.359887225534568245e+01,2.214325719833676231e+01
-4.357021903281119535e+01,2.220013543726382821e+01
-4.354104551254550870e+01,2.225674857125552819e+01
-4.351135791358863969e+01,2.231308473647492008e+01
-4.348116272738182886e+01,2.236913221763521875e+01
-4.345046671350159784e+01,2.242487945557689599e+01
-4.341927689518266931e+01,2.248031505472933844e+01
-4.338760055463153975e+01,2.253542779045307043e+01
-4.335544522813207635e+01,2.259020661626037452e+01
-4.332281870094509202e+01,2.264464067091044797e+01
-4.328972900200334095e+01,2.269871928537614991e+01
-4.325618439840365426e+01,2.275243198967932301e+01
-4.322219338969775748e+01,2.280576851959175499e+01
-4.318776470198365303e+01,2.285871882319817772e+01
-4.315290728179855506e+01,2.291127306731926438e+01
-4.311763028981550860e+01,2.296342164379099060e+01
-4.308194309434477276e+01,2.301515517559782253e+01
-4.304585526464155265e+01,2.306646452285688298e+01
-4.300937656402143006e+01,2.311734078865064035e+01
-4.297251694278483569e+01,2.316777532470480949e+01
-4.293528653095174974e+01,2.321775973690981942e+01
-4.289769563080761827e+01,2.326728589068272157e+01
-4.285975470926199193e+01,2.331634591616738561e+01
-4.282147439002012135e+01,2.336493221327084768e+01
-4.278286544556918614e+01,2.341303745653315360e+01
-4.274393878897907939e+01,2.346065459982925461e+01
-4.270470546551869973e+01,2.350777688090059314e+01
-4.266517664408807775e+01,2.355439782571459162e+01
-4.262536360846656436e+01,2.360051125265041350e+01
-4.258527774837689606e+01,2.364611127650956135e+01
-4.254493055036548554e+01,2.369119231234931178e+01
-4.250433358849784327e+01,2.373574907913854304e+01
-4.246349851486898075e+01,2.377977660323418618e+01
-4.242243704992775122e+01,2.382327022167761044e+01
-4.238116097261383430e+01,2.386622558531011862e+01
-4.233968211030588691e+01,2.390863866170721863e+01
-4.229801232857931126e+01,2.395050573793065496e+01
-4.225616352077086191e+01,2.399182342309893556e+01
-4.221414759734791033e+01,2.403258865077579642e+01
-4.217197647507937575e+01,2.407279868117721477e+01
-4.212966206600449937e+01,2.411245110319740448e+01
-4.208721626619576739e+01,2.415154383625516488e+01
-4.204465094431157723e+01,2.419007513196092063e+01
-4.200197792993316170e+01,2.422804357560701050e+01
-4.195920900168053436e+01,2.426544808748246140e+01
-4.191635587510099725e+01,2.430228792401477023e+01
-4.187343019032277880e+01,2.433856267874152124e+01
-4.183044349946692364e+01,2.437427228311470984e+01
-4.178740725380779963e+01,2.440941700714196472e+01
-4.174433279067341118e+01,2.444399745986848060e+01
-4.170123132007485367e+01,2.447801458970467436e+01
-4.165811391105366823e+01,2.451146968460506770e+01
-4.161499147773416496e+01,2.454436437210463851e+01
-4.157187476506800294e+01,2.457670061921935201e+01
-4.152877433425492626e+01,2.460848073221914234e+01
-4.148570054782451422e+01,2.463970735628167930e+01
-4.144266355436080573e+01,2.467038347503714846e+01
-4.139967327285088317e+01,2.470051241001458209e+01
-4.135673937663648303e+01,2.473009782000232093e+01
-4.131387127694672756e+01,2.475914370033580880e+01
-4.127107810598698023e+01,2.478765438212818140e+01
-4.122836869955820305e+01,2.481563453146036125e+01
-4.118575157917815943e+01,2.484308914854912587e+01
-4.114323493367424334e+01,2.487002356691431970e+01
-4.110082660021459589e+01,2.489644345256789038e+01
-4.105853404474289903e+01,2.492235480325056685e+01
-4.101636434177804347e+01,2.494776394774477879e+01
-4.097432415353834756e+01,2.497267754529523387e+01
-4.093241970834658616e+01,2.499710258517236028e+01
-4.089065677826874889e+01,2.502104638641801770e+01
-4.084904065593695321e+01,2.504451659781639705e+01
-4.080757613050247556e+01,2.506752119813897295e+01
-4.076626746266249057e+01,2.509006849671703776e+01
-4.072511835869953245e+01,2.511216713440163772e+01
-4.068413194346982209e+01,2.513382608497771997e+01
-4.064331073227169355e+01,2.515505465710648636e+01
-4.060265660152315803e+01,2.517586249687875011e+01
-4.056217075817176720e+01,2.519625959107129631e+01
-4.052185370775802653e+01,2.521625627120901569e+01
-4.048170522104898339e+01,2.523586321854721959e+01
-4.044172429915565914e+01,2.525509147010166444e+01
-4.040190913704459774e+01,2.527395242586890589e+01
-4.036225708535232570e+01,2.529245785739554719e+01
-4.032276461040849824e+01,2.531061991787398924e+01
-4.028342725237372690e+01,2.532845115396193592e+01
-4.024423958139826851e+01,2.534596451954685392e+01
-4.020519515170962421e+01,2.536317339170105711e+01
-4.016628645354126093e+01,2.538009158910237417e+01
-4.012750486282173767e+01,2.539673339322628820e+01
-4.008884058855228005e+01,2.541311357265093918e+01
-4.005028261781553311e+01,2.542924741085496265e+01
-4.001181865837627072e+01,2.544515073793134619e+01
-3.997343507885944547e+01,2.546083996668771476e+01
-3.993511684652227700e+01,2.547633213365529059e+01
-3.989684746267879945e+01,2.549164494558630878e+01
-3.985860889588496292e+01,2.550679683208096904e+01
-3.982038151305821572e+01,2.552180700505303079e+01
-3.978214400878458434e+01,2.553669552581425251e+01
-3.974387333316525428e+01,2.555148338063593982e+01
-3.970554461867631346e+01,2.556619256572545851e+01
-3.966713110666290731e+01,2.558084618264071253e+01
-3.962860407426985176e+01,2.559546854524977277e+01
-3.958993276282818385e+01,2.561008529942744971e+01
-3.955108430898015826e+01,2.562472355676029778e+01
-3.951202368013973398e+01,2.563941204360288850e+01
-3.947271361626162189e+01,2.565418126688345524e+01
-3.943311458033763728e+01,2.566906369808988231e+01
-3.939318472056680065e+01,2.568409397686656703e+01
-3.935287984776442727e+01,2.569930913560206065e+01
-3.931215343229794001e+01,2.571474884627488677e+01
-3.927095662567334955e+01,2.573045569062072957e+01
-3.922923831285795160e+01,2.574647545436763707e+01
-3.918694520251503377e+01,2.576285744581549153e+01
-3.914402196355332109e+01,2.577965483837575889e+01
-3.910041141774760831e+01,2.579692503578181473e+01
-3.905605479965615245e+01,2.581473005747209370e+01
-3.901089209661316914e+01,2.583313694006907468e+01
-3.896486248316020351e+01,2.585221814884825875e+01
-3.891790486581734143e+01,2.587205199053258298e+01
-3.886995855546994960e+01,2.589272301557190303e+01
-3.882096408569289281e+01,2.591432239420241856e+01
-3.877086419583103094e+01,2.593694824595962700e+01
-3.871960499731640937e+01,2.596070589692521224e+01
-3.866713734015898041e+01,2.598570803285119624e+01
-3.861341839336279236e+01,2.601207470955158385e+01
-3.855841344767448220e+01,2.603993317483796943e+01
-3.850209794100286587e+01,2.606941744922968240e+01
-3.844445969548731767e+01,2.610066760634617822e+01
-3.838550134003356362e+01,2.613382868921327429e+01
-3.832524287284881837e+01,2.616904919691228315e+01
-3.826372429509302009e+01,2.620647907858407777e+01
-3.820100821972608429e+01,2.624626718053410102e+01
-3.813718233020181714e+01,2.628855810890934208e+01
-3.807236153398693546e+01,2.633348849683942561e+01
-3.800668962917066551e+01,2.638118270220938300e+01
-3.794034028293057759e+01,2.643174801053589107e+01
-3.787351711342208205e+01,2.648526947533983744e+01
-3.780645267714511704e+01,2.654180459249905866e+01
-3.773940619684111653e+01,2.660137806947278349e+01
-3.767265992358769466e+01,2.666397700686039229e+01
-3.760651411107660635e+01,2.672954684865430863e+01
-3.754128068601500701e+01,2.679798846857430661e+01
-3.747727581737668601e+01,2.686915673437391661e+01
-3.741481170563115910e+01,2.694286082512753566e+01
-3.735418801498520480e+01,2.701886646918726953e+01
-3.729568344068509589e+01,2.709690013068298597e+01
-3.723954792613660203e+01,2.717665501483968171e+01
-3.718599601374971542e+01,2.725779860655325137e+01
-3.713520173002874714e+01,2.733998132366130207e+01
-3.708729527921860836e+01,2.742284577464660345e+01
-3.704236166755322301e+01,2.750603607230951653e+01
-3.700044122241533273e+01,2.758920667375662106e+01
-3.696153182784620128e+01,2.767203028735530168e+01
-3.692559258619891693e+01,2.775420449614201601e+01
-3.689254854515290560e+01,2.783545687725607110e+01
-3.686229610228557618e+01,2.791554853024481986e+01
-3.683470871185701156e+01,2.799427604793706337e+01
-3.680964256169161786e+01,2.807147206094262515e+01
-3.678694195109039811e+01,2.814700455500848619e+01
-3.676644417262296827e+01,2.822077519872478391e+01
-3.674798377210127853e+01,2.829271693055543224e+01
-3.673139612522951580e+01,2.836279104433726417e+01
-3.671652032229020790e+01,2.843098398764479739e+01
-3.670320139213766453e+01,2.849730405394694088e+01
-3.669129192396702877e+01,2.856177811255820487e+01
-3.668065316128690512e+01,2.862444848400060948e+01
-3.667115564933467908e+01,2.868537003523659124e+01
-3.666267951712570294e+01,2.874460754082122804e+01
-3.665511447054865357e+01,2.880223333295235122e+01
-3.664835956524498783e+01,2.885832524561453027e+01
-3.664232281887823461e+01,2.891296484503850550e+01
-3.663692071287527341e+01,2.896623592984721896e+01
-3.663207762452802996e+01,2.901822327876367069e+01
-3.662772522192529578e+01,2.906901162087148549e+01
-3.662380184677854089e+01,2.911868480247447266e+01
-3.662025190389218210e+01,2.916732512503293506e+01
-3.661702527079414438e+01,2.921501282999717475e+01
-3.661407673680130870e+01,2.926182570825957185e+01
-3.661136547744287384e+01,2.930783881413687553e+01
-3.660885456756746237e+01,2.935312426608198422e+01
-3.660651053450310144e+01,2.939775111857758105e+01
-3.660430295119849120e+01,2.944178529179931303e+01
-3.660220406825251160e+01,2.948528954760022458e+01
-3.660018848304270023e+01,2.952832350213875401e+01
-3.659823284372260588e+01,2.957094366704071930e+01
-3.659631558560678855e+01,2.961320351235563919e+01
-3.659441669735350189e+01,2.965515354575029505e+01
-3.659251751435000699e+01,2.969684140339559164e+01
-3.659060053677061575e+01,2.973831194885965701e+01
-3.658864926989313204e+01,2.977960737704340843e+01
-3.658664808440240535e+01,2.982076732079844916e+01
-3.658458209457359800e+01,2.986182895836843798e+01
-3.658243705239448218e+01,2.990282712021043920e+01
-3.658019925585689691e+01,2.994379439409148347e+01
-3.657785546981195779e+01,2.998476122763413798e+01
-3.657539285794009487e+01,3.002575602770926366e+01
-3.657279892453502157e+01,3.006680525625601774e+01
-3.657006146493711896e+01,3.010793352225330466e+01
-3.656716852357767067e+01,3.014916366968316197e+01
-3.656410835870892129e+01,3.019051686141576241e+01
-3.656086941299982129e+01,3.023201265901668577e+01
-3.655744028926931577e+01,3.027366909853049748e+01
-3.655380973071386563e+01,3.031550276233541652e+01
-3.654996660506012063e+01,3.035752884719285305e+01
-3.654589989214063905e+01,3.039976122863763308e+01
-3.654159867444977294e+01,3.044221252186775573e+01
-3.653705213028938203e+01,3.048489413930183645e+01
-3.653224952916089308e+01,3.052781634497649677e+01
-3.652718022910109852e+01,3.057098830595714389e+01
-3.652183367569557504e+01,3.061441814093353386e+01
-3.651619940253569752e+01,3.065811296616883652e+01
-3.651026703291370268e+01,3.070207893896544249e+01
-3.650402628257455717e+01,3.074632129880478359e+01
-3.649746696336622875e+01,3.079084440631217134e+01
-3.649057898764812080e+01,3.083565178019058806e+01
-3.648335237333553493e+01,3.088074613225915499e+01
-3.647577724947200295e+01,3.092612940072629968e+01
-3.646784386223499297e+01,3.097180278181847868e+01
-3.645954258129167158e+01,3.101776675987918352e+01
-3.645086390643169239e+01,3.106402113604575277e+01
-3.644179847441309050e+01,3.111056505560376451e+01
-3.643233706596434729e+01,3.115739703411402672e+01
-3.642247061289373278e+01,3.120451498239897603e+01
-3.641219020526190775e+01,3.125191623047069456e+01
-3.640148709858002007e+01,3.129959755047640613e+01
-3.639035272099918217e+01,3.134755517873260544e+01
-3.637877868046269469e+01,3.139578483691288469e+01
-3.636675677179425747e+01,3.144428175245129964e+01
-3.635427898369995603e+01,3.149304067821729802e+01
-3.634133750566402909e+01,3.154205591151495369e+01
-3.632792473472092354e+01,3.159132131245489816e+01
-3.631403328208802606e+01,3.164083032174415777e+01
-3.629965597964603319e+01,3.169057597793491610e+01
-3.628478588625490175e+01,3.174055093417132412e+01
-3.626941629389509103e+01,3.179074747446917470e+01
-3.625354073362515805e+01,3.184115752956149947e+01
-3.623715298134766272e+01,3.189177269233989165e+01
-3.622024706337676037e+01,3.194258423291988791e+01
-3.620281726180119364e+01,3.199358311335502236e+01
-3.618485811963775234e+01,3.204476000202405572e+01
-3.616636444577041232e+01,3.209610528771211335e+01
-3.614733131967155799e+01,3.214760909340596839e+01
-3.612775409590168607e+01,3.219926128982151425e+01
-3.610762840838491883e+01,3.225105150867953796e+01
-3.608695017445788977e+01,3.230296915574568573e+01
-3.606571559868965693e+01,3.235500342364780835e+01
-3.604392117647152105e+01,3.240714330448342650e+01
-3.602156369737480901e+01,3.245937760222880542e+01
-3.599864024827573417e+01,3.251169494495996304e+01
-3.597514821624675108e+01,3.256408379689450072e+01
-3.595108529121312557e+01,3.261653247026335833e+01
-3.592644946837496889e+01,3.266902913701959221e+01
-3.590123905039412477e+01,3.272156184039094029e+01
-3.587545264934585276e+01,3.277411850628217138e+01
-3.584908918843547099e+01,3.282668695453281771e+01
-3.582214790348036360e+01,3.287925491003429812e+01
-3.579462834415726036e+01,3.293181001371120686e+01
-3.576653037501584720e+01,3.298433983336975217e+01
-3.573785417625875027e+01,3.303683187441662028e+01
-3.570860024428914414e+01,3.308927359045050309e+01
-3.567876939202628961e+01,3.314165239372878347e+01
-3.564836274899049329e+01,3.319395566551028764e+01
-3.561738176115788690e+01,3.324617076627624357e+01
-3.558582819058655389e+01,3.329828504582965820e+01
-3.555370411481506210e+01,3.335028585327403050e+01
-3.552101192603453939e+01,3.340216054687169134e+01
-3.548775433003596191e+01,3.345389650378137958e+01
-3.545393434493360019e+01,3.350548112967530301e+01
-3.541955529966654126e+01,3.355690186823486698e+01
-3.538462083227955191e+01,3.360814621052434603e+01
-3.534913488798521541e+01,3.365920170424163160e+01
-3.531310171700846468e+01,3.371005596284504691e+01
-3.527652587221616187e+01,3.376069667455442413e+01
-3.523941220653257034e+01,3.381111161122578324e+01
-3.520176587014336178e+01,3.386128863709735271e+01
-3.516359230748955156e+01,3.391121571740545448e+01
-3.512489725405382046e+01,3.396088092686839843e+01
-3.508568673294075779e+01,3.401027245803661714e+01
-3.504596705125375422e+01,3.405937862950631256e+01
-3.500574479627002944e+01,3.410818789399542084e+01
-3.496502683141649470e+01,3.415668884627899615e+01
-3.492382029204843263e+01,3.420487023098195323e+01
-3.488213258103336045e+01,3.425272095022678087e+01
-3.483997136414233609e+01,3.430023007113405242e+01
-3.479734456525134334e+01,3.434738683317272745e+01
-3.475426036135470298e+01,3.439418065535846836e+01
-3.471072717739333768e+01,3.444060114329703026e+01
-3.466675368090016462e+01,3.448663809607015907e+01
-3.462234877646504572e+01,3.453228151296195847e+01
-3.457752160002218034e+01,3.457752160002217323e+01
-3.453228151296197268e+01,3.462234877646501729e+01
-3.448663809607018749e+01,3.466675368090015041e+01
-3.444060114329700895e+01,3.471072717739335900e+01
-3.439418065535848257e+01,3.475426036135468877e+01
-3.434738683317274166e+01,3.479734456525132202e+01
-3.430023007113407374e+01,3.483997136414232187e+01
-3.425272095022680219e+01,3.488213258103334624e+01
-3.420487023098193191e+01,3.492382029204844685e+01
-3.415668884627898194e+01,3.496502683141652312e+01
-3.410818789399544215e+01,3.500574479627001523e+01
-3.405937862950633388e+01,3.504596705125374001e+01
-3.401027245803663845e+01,3.508568673294074358e+01
-3.396088092686841264e+01,3.512489725405382046e+01
-3.391121571740542606e+01,3.516359230748957287e+01
-3.386128863709733139e+01,3.520176587014337599e+01
-3.381111161122581166e+01,3.523941220653256323e+01
-3.376069667455443835e+01,3.527652587221614766e+01
-3.371005596284506822e+01,3.531310171700844336e+01
-3.365920170424166002e+01,3.534913488798520120e+01
-3.360814621052433893e+01,3.538462083227956612e+01
-3.355690186823488119e+01,3.541955529966651994e+01
-3.350548112967532433e+01,3.545393434493359308e+01
-3.345389650378140090e+01,3.548775433003594770e+01
-3.340216054687171976e+01,3.552101192603452517e+01
-3.335028585327405182e+01,3.555370411481504078e+01
-3.329828504582963689e+01,3.558582819058656810e+01
-3.324617076627626489e+01,3.561738176115787269e+01
-3.319395566551030896e+01,3.564836274899048618e+01
-3.314165239372879768e+01,3.567876939202627540e+01
-3.308927359045052441e+01,3.570860024428912283e+01
-3.303683187441659896e+01,3.573785417625875738e+01
-3.298433983336973796e+01,3.576653037501586141e+01
-3.293181001371123529e+01,3.579462834415726036e+01
-3.287925491003432654e+01,3.582214790348034228e+01
-3.282668695453283902e+01,3.584908918843546388e+01
-3.277411850628218559e+01,3.587545264934584566e+01
-3.272156184039092608e+01,3.590123905039413899e+01
-3.266902913701957800e+01,3.592644946837497599e+01
-3.261653247026337965e+01,3.595108529121310426e+01
-3.256408379689451493e+01,3.597514821624672976e+01
-3.251169494495999146e+01,3.599864024827573417e+01
-3.245937760222881963e+01,3.602156369737480190e+01
-3.240714330448340519e+01,3.604392117647153526e+01
-3.235500342364782256e+01,3.606571559868965693e+01
-3.230296915574571415e+01,3.608695017445787556e+01
-3.225105150867955928e+01,3.610762840838491883e+01
-3.219926128982154268e+01,3.612775409590167897e+01
-3.214760909340598971e+01,3.614733131967155799e+01
-3.209610528771209204e+01,3.616636444577041942e+01
-3.204476000202407704e+01,3.618485811963775234e+01
-3.199358311335505078e+01,3.620281726180119364e+01
-3.194258423291990567e+01,3.622024706337674615e+01
-3.189177269233990941e+01,3.623715298134764851e+01
-3.184115752956148171e+01,3.625354073362516516e+01
-3.179074747446915694e+01,3.626941629389511235e+01
-3.174055093417134188e+01,3.628478588625489465e+01
-3.169057597793493031e+01,3.629965597964603319e+01
-3.164083032174417554e+01,3.631403328208801184e+01
-3.159132131245492658e+01,3.632792473472092354e+01
-3.154205591151494303e+01,3.634133750566403620e+01
-3.149304067821727671e+01,3.635427898369995603e+01
-3.144428175245131740e+01,3.636675677179424326e+01
-3.139578483691290245e+01,3.637877868046270180e+01
-3.134755517873262676e+01,3.639035272099917506e+01
-3.129959755047642034e+01,3.640148709857999876e+01
-3.125191623047066969e+01,3.641219020526192196e+01
-3.120451498239895827e+01,3.642247061289373278e+01
-3.115739703411405159e+01,3.643233706596434729e+01
-3.111056505560378582e+01,3.644179847441307629e+01
-3.106402113604576698e+01,3.645086390643168528e+01
-3.101776675987920484e+01,3.645954258129165737e+01
-3.097180278181845026e+01,3.646784386223500007e+01
-3.092612940072631389e+01,3.647577724947201716e+01
-3.088074613225917631e+01,3.648335237333552783e+01
-3.083565178019060582e+01,3.649057898764811370e+01
-3.079084440631219621e+01,3.649746696336622875e+01
-3.074632129880476583e+01,3.650402628257457849e+01
-3.070207893896543183e+01,3.651026703291370268e+01
-3.065811296616885784e+01,3.651619940253571173e+01
-3.061441814093354452e+01,3.652183367569556083e+01
-3.057098830595716521e+01,3.652718022910111273e+01
-3.052781634497651098e+01,3.653224952916088597e+01
-3.048489413930182224e+01,3.653705213028937493e+01
-3.044221252186773796e+01,3.654159867444977294e+01
-3.039976122863765085e+01,3.654589989214065326e+01
-3.035752884719287081e+01,3.654996660506012773e+01
-3.031550276233542718e+01,3.655380973071386563e+01
-3.027366909853050814e+01,3.655744028926930866e+01
-3.023201265901666801e+01,3.656086941299982129e+01
-3.019051686141574464e+01,3.656410835870893550e+01
-3.014916366968317618e+01,3.656716852357765646e+01
-3.010793352225332598e+01,3.657006146493713317e+01
-3.006680525625603551e+01,3.657279892453501446e+01
-3.002575602770927787e+01,3.657539285794010198e+01
-2.998476122763411311e+01,3.657785546981194358e+01
-2.994379439409150123e+01,3.658019925585688981e+01
-2.990282712021045697e+01,3.658243705239446797e+01
-2.986182895836845574e+01,3.658458209457361932e+01
-2.982076732079846337e+01,3.658664808440241956e+01
-2.977960737704342620e+01,3.658864926989311783e+01
-2.973831194885963569e+01,3.659060053677062285e+01
-2.969684140339560585e+01,3.659251751434999278e+01
-2.965515354575030926e+01,3.659441669735350899e+01
-2.961320351235565340e+01,3.659631558560678144e+01
-2.957094366704074062e+01,3.659823284372261298e+01
-2.952832350213873625e+01,3.660018848304269312e+01
-2.948528954760020682e+01,3.660220406825252581e+01
-2.944178529179933435e+01,3.660430295119850541e+01
-2.939775111857759526e+01,3.660651053450307302e+01
-2.935312426608200198e+01,3.660885456756744816e+01
-2.930783881413688974e+01,3.661136547744288805e+01
-2.926182570825955764e+01,3.661407673680134423e+01
-2.921501282999714988e+01,3.661702527079414438e+01
-2.916732512503294927e+01,3.662025190389221052e+01
-2.911868480247449043e+01,3.662380184677852668e+01
-2.906901162087151391e+01,3.662772522192531000e+01
-2.901822327876369201e+01,3.663207762452800154e+01
-2.896623592984719764e+01,3.663692071287526630e+01
-2.891296484503853392e+01,3.664232281887821330e+01
-2.885832524561455514e+01,3.664835956524500205e+01
-2.880223333295237254e+01,3.665511447054866068e+01
-2.874460754082124225e+01,3.666267951712568163e+01
-2.868537003523661255e+01,3.667115564933465777e+01
-2.862444848400057396e+01,3.668065316128691222e+01
-2.856177811255822974e+01,3.669129192396704298e+01
-2.849730405394696575e+01,3.670320139213762900e+01
-2.843098398764481516e+01,3.671652032229022922e+01
-2.836279104433728904e+01,3.673139612522950159e+01
-2.829271693055540382e+01,3.674798377210132827e+01
-2.822077519872474483e+01,3.676644417262298248e+01
-2.814700455500851817e+01,3.678694195109037679e+01
-2.807147206094265357e+01,3.680964256169158944e+01
-2.799427604793709889e+01,3.683470871185700446e+01
-2.791554853024485183e+01,3.686229610228557618e+01
-2.783545687725604623e+01,3.689254854515291271e+01
-2.775420449614198759e+01,3.692559258619891693e+01
-2.767203028735533366e+01,3.696153182784617997e+01
-2.758920667375666014e+01,3.700044122241532563e+01
-2.750603607230955205e+01,3.704236166755318749e+01
-2.742284577464662121e+01,3.708729527921862257e+01
-2.733998132366124878e+01,3.713520173002877556e+01
-2.725779860655328335e+01,3.718599601374969410e+01
-2.717665501483969237e+01,3.723954792613660203e+01
-2.709690013068302150e+01,3.729568344068506747e+01
-2.701886646918730150e+01,3.735418801498516927e+01
-2.694286082512756764e+01,3.741481170563113068e+01
-2.686915673437389529e+01,3.747727581737669311e+01
-2.679798846857434214e+01,3.754128068601497148e+01
-2.672954684865432640e+01,3.760651411107657083e+01
-2.666397700686042427e+01,3.767265992358766624e+01
-2.660137806947280126e+01,3.773940619684108810e+01
-2.654180459249904800e+01,3.780645267714515256e+01
-2.648526947533980547e+01,3.787351711342212468e+01
-2.643174801053592304e+01,3.794034028293056338e+01
-2.638118270220939365e+01,3.800668962917062998e+01
-2.633348849683941140e+01,3.807236153398691414e+01
-2.628855810890937406e+01,3.813718233020181003e+01
-2.624626718053407970e+01,3.820100821972611271e+01
-2.620647907858407777e+01,3.826372429509304141e+01
-2.616904919691229026e+01,3.832524287284879705e+01
-2.613382868921330626e+01,3.838550134003355652e+01
-2.610066760634617822e+01,3.844445969548728925e+01
-2.606941744922971438e+01,3.850209794100285166e+01
-2.603993317483794456e+01,3.855841344767448930e+01
-2.601207470955158385e+01,3.861341839336275683e+01
-2.598570803285121755e+01,3.866713734015895199e+01
-2.596070589692523356e+01,3.871960499731639516e+01
-2.593694824595962700e+01,3.877086419583100252e+01
-2.591432239420240080e+01,3.882096408569287149e+01
-2.589272301557189238e+01,3.886995855546997092e+01
-2.587205199053256166e+01,3.891790486581730590e+01
-2.585221814884828007e+01,3.896486248316019640e+01
-2.583313694006906758e+01,3.901089209661314783e+01
-2.581473005747211857e+01,3.905605479965614535e+01
-2.579692503578181473e+01,3.910041141774762252e+01
-2.577965483837576244e+01,3.914402196355334240e+01
-2.576285744581548443e+01,3.918694520251501245e+01
-2.574647545436763352e+01,3.922923831285793028e+01
-2.573045569062075444e+01,3.927095662567333534e+01
-2.571474884627490454e+01,3.931215343229792580e+01
-2.569930913560206776e+01,3.935287984776444148e+01
-2.568409397686653151e+01,3.939318472056680775e+01
-2.566906369808989652e+01,3.943311458033763017e+01
-2.565418126688344103e+01,3.947271361626161479e+01
-2.563941204360291337e+01,3.951202368013971977e+01
-2.562472355676029068e+01,3.955108430898014404e+01
-2.561008529942746037e+01,3.958993276282821228e+01
-2.559546854524977633e+01,3.962860407426988019e+01
-2.558084618264072674e+01,3.966713110666289310e+01
-2.556619256572545495e+01,3.970554461867628504e+01
-2.555148338063593627e+01,3.974387333316523296e+01
-2.553669552581427382e+01,3.978214400878457724e+01
-2.552180700505304145e+01,3.982038151305824414e+01
-2.550679683208098680e+01,3.985860889588494871e+01
-2.549164494558630167e+01,3.989684746267877813e+01
-2.547633213365530835e+01,3.993511684652226279e+01
-2.546083996668771476e+01,3.997343507885941705e+01
-2.544515073793134619e+01,4.001181865837629914e+01
-2.542924741085494134e+01,4.005028261781553311e+01
-2.541311357265093918e+01,4.008884058855226584e+01
-2.539673339322630241e+01,4.012750486282173057e+01
-2.538009158910239194e+01,4.016628645354124671e+01
-2.536317339170105356e+01,4.020519515170960290e+01
-2.534596451954682905e+01,4.024423958139827562e+01
-2.532845115396192881e+01,4.028342725237374111e+01
-2.531061991787398924e+01,4.032276461040848403e+01
-2.529245785739556851e+01,4.036225708535231860e+01
-2.527395242586890234e+01,4.040190913704456932e+01
-2.525509147010168221e+01,4.044172429915564493e+01
-2.523586321854721959e+01,4.048170522104899050e+01
-2.521625627120901214e+01,4.052185370775803364e+01
-2.519625959107129987e+01,4.056217075817174589e+01
-2.517586249687875011e+01,4.060265660152314382e+01
-2.515505465710650412e+01,4.064331073227167934e+01
-2.513382608497774129e+01,4.068413194346980788e+01
-2.511216713440163417e+01,4.072511835869956087e+01
-2.509006849671704487e+01,4.076626746266247636e+01
-2.506752119813898361e+01,4.080757613050246846e+01
-2.504451659781640060e+01,4.084904065593692479e+01
-2.502104638641802836e+01,4.089065677826872758e+01
-2.499710258517237094e+01,4.093241970834656485e+01
-2.497267754529522676e+01,4.097432415353836888e+01
-2.494776394774479655e+01,4.101636434177803636e+01
-2.492235480325057750e+01,4.105853404474289903e+01
-2.489644345256789393e+01,4.110082660021458878e+01
-2.487002356691432325e+01,4.114323493367422202e+01
-2.484308914854911876e+01,4.118575157917818075e+01
-2.481563453146034703e+01,4.122836869955822436e+01
-2.478765438212819561e+01,4.127107810598697313e+01
-2.475914370033581235e+01,4.131387127694670625e+01
-2.473009782000233869e+01,4.135673937663645461e+01
-2.470051241001458919e+01,4.139967327285084764e+01
-2.467038347503714135e+01,4.144266355436081994e+01
-2.463970735628166153e+01,4.148570054782451422e+01
-2.460848073221914234e+01,4.152877433425491205e+01
-2.457670061921937332e+01,4.157187476506798163e+01
-2.454436437210465627e+01,4.161499147773415785e+01
-2.451146968460507836e+01,4.165811391105365402e+01
-2.447801458970465305e+01,4.170123132007487499e+01
-2.444399745986849126e+01,4.174433279067338987e+01
-2.440941700714197893e+01,4.178740725380778542e+01
-2.437427228311472405e+01,4.183044349946690232e+01
-2.433856267874152834e+01,4.187343019032275748e+01
-2.430228792401479154e+01,4.191635587510098304e+01
-2.426544808748245075e+01,4.195920900168055567e+01
-2.422804357560702826e+01,4.200197792993314039e+01
-2.419007513196092773e+01,4.204465094431155592e+01
-2.415154383625517553e+01,4.208721626619575318e+01
-2.411245110319742224e+01,4.212966206600447805e+01
-2.407279868117719346e+01,4.217197647507938996e+01
-2.403258865077578577e+01,4.221414759734792455e+01
-2.399182342309894622e+01,4.225616352077084059e+01
-2.395050573793066917e+01,4.229801232857929705e+01
-2.390863866170723639e+01,4.233968211030587270e+01
-2.386622558531013638e+01,4.238116097261382720e+01
-2.382327022167758912e+01,4.242243704992775832e+01
-2.377977660323416487e+01,4.246349851486900207e+01
-2.373574907913856080e+01,4.250433358849782906e+01
-2.369119231234933309e+01,4.254493055036546423e+01
-2.364611127650957911e+01,4.258527774837688185e+01
-2.360051125265043481e+01,4.262536360846654304e+01
-2.355439782571457386e+01,4.266517664408809196e+01
-2.350777688090061091e+01,4.270470546551869262e+01
-2.346065459982927592e+01,4.274393878897907229e+01
-2.341303745653317137e+01,4.278286544556917192e+01
-2.336493221327087255e+01,4.282147439002010714e+01
-2.331634591616739982e+01,4.285975470926197772e+01
-2.326728589068270026e+01,4.289769563080764669e+01
-2.321775973690983719e+01,4.293528653095172842e+01
-2.316777532470482015e+01,4.297251694278483569e+01
-2.311734078865065811e+01,4.300937656402141585e+01
-2.306646452285690430e+01,4.304585526464154555e+01
-2.301515517559780122e+01,4.308194309434477987e+01
-2.296342164379097284e+01,4.311763028981552281e+01
-2.291127306731928925e+01,4.315290728179854085e+01
-2.285871882319819903e+01,4.318776470198363882e+01
-2.280576851959177276e+01,4.322219338969775038e+01
-2.275243198967934433e+01,4.325618439840363294e+01
-2.269871928537613215e+01,4.328972900200334095e+01
-2.264464067091041954e+01,4.332281870094510623e+01
-2.259020661626039583e+01,4.335544522813205504e+01
-2.253542779045309175e+01,4.338760055463151843e+01
-2.248031505472935621e+01,4.341927689518265510e+01
-2.242487945557691731e+01,4.345046671350159073e+01
-2.236913221763519388e+01,4.348116272738184307e+01
-2.231308473647494495e+01,4.351135791358862548e+01
-2.225674857125555306e+01,4.354104551254549449e+01
-2.220013543726384952e+01,4.357021903281118114e+01
-2.214325719833678718e+01,4.359887225534566824e+01
-2.208612585917182614e+01,4.362699923756325404e+01
-2.202875355752803799e+01,4.365459431717125227e+01
-2.197115255632120778e+01,4.368165211579257345e+01
-2.191333523561592145e+01,4.370816754237070256e+01
-2.185531408451854318e+01,4.373413579635514026e+01
-2.179710169297337430e+01,4.375955237066612824e+01
-2.173871074346586951e+01,4.378441305443674736e+01
-2.168015400263588788e+01,4.380871393553099580e+01
-2.162144431280401591e+01,4.383245140283619889e+01
-2.156259458341402180e+01,4.385562214832847872e+01
-2.150361778239501120e+01,4.387822316890925123e+01
-2.144452692744544819e+01,4.390025176801198370e+01
-2.138533507724261540e+01,4.392170555697719436e+01
-2.132605532258014236e+01,4.394258245619457171e+01
-2.126670077743650467e+01,4.396288069601065018e+01
-2.120728456997682798e+01,4.398259881740083443e+01
-2.114781983349135430e+01,4.400173567240412353e+01
-2.108831969727219047e+01,4.402029042431954053e+01
-2.102879727743125926e+01,4.403826254766273252e+01
-2.096926566766161670e+01,4.405565182788139111e+01
-2.090973792994392610e+01,4.407245836082842061e+01
-2.085022708520071788e+01,4.408868255199133301e+01
-2.079074610389938016e+01,4.410432511547675460e+01
-2.073130789660601181e+01,4.411938707274875071e+01
-2.067192530449141330e+01,4.413386975111966137e+01
-2.061261108979040202e+01,4.414777478199228966e+01
-2.055337792621513415e+01,4.416110409885207133e+01
-2.049423838932381869e+01,4.417385993500801789e+01
-2.043520494684436173e+01,4.418604482108123932e+01
-2.037628994895369772e+01,4.419766158223954022e+01
-2.031750561851243120e+01,4.420871333517714419e+01
-2.025886404125428442e+01,4.421920348483780572e+01
-2.020037715592925309e+01,4.422913572088030065e+01
-2.014205674439982019e+01,4.423851401388471771e+01
-2.008391442168765906e+01,4.424734261129825796e+01
-2.002596162596933382e+01,4.425562603311895060e+01
-1.996820960851804116e+01,4.426336906731595633e+01
-1.991066942358838787e+01,4.427057676498474592e+01
-1.985335191824013634e+01,4.427725443523570448e+01
-1.979626772209721963e+01,4.428340763981432104e+01
-1.973942723703620317e+01,4.428904218745148569e+01
-1.968284062679904167e+01,4.429416412794179791e+01
-1.962651780652348776e+01,4.429877974594835166e+01
-1.957046843218386201e+01,4.430289555453186523e+01
-1.951470188993377164e+01,4.430651828840225193e+01
-1.945922728534234025e+01,4.430965489689045711e+01
-1.940405343251279646e+01,4.431231253663857927e+01
-1.934918884307298015e+01,4.431449856400596587e+01
-1.929464171502493031e+01,4.431622052718908122e+01
-1.924041992143963498e+01,4.431748615805274483e+01
-1.918653099898260450e+01,4.431830336367035272e+01
-1.913298213625248678e+01,4.431868021757094311e+01
-1.907978016191536241e+01,4.431862495069029961e+01
-1.902693153261438042e+01,4.431814594202396762e+01
-1.897444232063287117e+01,4.431725170897969690e+01
-1.892231820128687048e+01,4.431595089742705085e+01
-1.887056444002143607e+01,4.431425227144197976e+01
-1.881918587918145036e+01,4.431216470274426200e+01
-1.876818692442650516e+01,4.430969715982613621e+01
-1.871757153075560964e+01,4.430685869677044764e+01
-1.866734318810499005e+01,4.430365844175733514e+01
-1.861750490647859735e+01,4.430010558525863473e+01
-1.856805920056820014e+01,4.429620936792011321e+01
-1.851900807381480973e+01,4.429197906813217855e+01
-1.847035300186046669e+01,4.428742398929060187e+01
-1.842209491533400723e+01,4.428255344675026350e+01
-1.837423418191016466e+01,4.427737675447566801e+01
-1.832677058757560218e+01,4.427190321139430296e+01
-1.827970331703093265e+01,4.426614208746038059e+01
-1.823303093315017165e+01,4.426010260943908747e+01
-1.818675135541407073e+01,4.425379394642398978e+01
-1.814086183722597312e+01,4.424722519510400076e+01
-1.809535894201119888e+01,4.424040536479952124e+01
-1.805023851799390044e+01,4.423334336229275010e+01
-1.800549567153502295e+01,4.422604797648179442e+01
-1.796112473890745775e+01,4.421852786289517923e+01
-1.791711925637353886e+01,4.421079152811017821e+01
-1.787347192841999899e+01,4.420284731412787238e+01
-1.783017459399422577e+01,4.419470338276720867e+01
-1.778721819057467712e+01,4.418636770015264403e+01
-1.774459271589472209e+01,4.417784802138406519e+01
-1.770228718712813887e+01,4.416915187549292909e+01
-1.766028959733019832e+01,4.416028655080876320e+01
-1.761858686891558889e+01,4.415125908088036510e+01
-1.757716480394049796e+01,4.414207623112298506e+01
-1.753600803094393257e+01,4.413274448639092640e+01
-1.749509994808905589e+01,4.412327003971018513e+01
-1.745442266233522588e+01,4.411365878244433247e+01
-1.741395692436002918e+01,4.410391629621308596e+01
-1.737368205894313888e+01,4.409404784693543178e+01
-1.733357589051836101e+01,4.408405838143018229e+01
-1.729361466360055388e+01,4.407395252707652844e+01
-1.725377295779782472e+01,4.406373459511732449e+01
-1.721402359713317409e+01,4.405340858828094497e+01
-1.717433755342142732e+01,4.404297821350138520e+01
-1.713468384348194462e+01,4.403244690063814204e+01
-1.709502942001898873e+01,4.402181782823301148e+01
-1.705533905607099143e+01,4.401109395749629982e+01
-1.701557522302688952e+01,4.400027807588973872e+01
-1.697569796233378980e+01,4.398937285186983104e+01
-1.693566475118604586e+01,4.397838090257391030e+01
-1.689543036269859044e+01,4.396730487647354835e+01
-1.685494672133912175e+01,4.395614755328701051e+01
-1.681416275473435817e+01,4.394491196372950270e+01
-1.677302424339395159e+01,4.393360153199063944e+01
-1.673147367042469114e+01,4.392222024415101345e+01
-1.668945007395918978e+01,4.391077284608360287e+01
-1.664688890581936676e+01,4.389926507471194839e+01
-1.660372190089941924e+01,4.388770392680563504e+01
-1.655987696291080624e+01,4.387609796975547027e+01
-1.651527807351326871e+01,4.386445769895563274e+01
-1.646984523348300655e+01,4.385279594648433488e+01
-1.642349444646773549e+01,4.384112834566123951e+01
-1.637613775806287464e+01,4.382947385569333676e+01
-1.632768336541859000e+01,4.381785534991253428e+01
-1.627803581533451549e+01,4.380630026994194992e+01
-1.622709631177802336e+01,4.379484134636587100e+01
-1.617476315688029231e+01,4.378351738396705883e+01
-1.612093235258230450e+01,4.377237410614853275e+01
-1.606549839299925253e+01,4.376146504859492836e+01
-1.600835527993071850e+01,4.375085248635528501e+01
-1.594939779533623536e+01,4.374060837119558443e+01
-1.588852306445289031e+01,4.373081524717070323e+01
-1.582563244084671439e+01,4.372156710192349749e+01
-1.576063373921379096e+01,4.371297009942557565e+01
-1.569344383223197426e+01,4.370514312718179895e+01
-1.562399161322080232e+01,4.369821807812386538e+01
-1.555222130590484397e+01,4.369233977574692318e+01
-1.547809607556958156e+01,4.368766544221605130e+01
-1.540160186225861239e+01,4.368436360540274421e+01
-1.532275131712678728e+01,4.368261234474503141e+01
-1.524158767954117977e+01,4.368259679028155773e+01
-1.515818838835534699e+01,4.368450581682436251e+01
-1.507266818091210148e+01,4.368852791786609657e+01
-1.498518140414304156e+01,4.369484630182995488e+01
-1.489592325097114411e+01,4.370363332477489138e+01
-1.480512964939230791e+01,4.371504445388743676e+01
-1.471307557696248480e+01,4.372921203712226657e+01
-1.462007165265438324e+01,4.374623922555236533e+01
-1.452645896913500501e+01,4.376619444418392391e+01
-1.443260226361573473e+01,4.378910682247698105e+01
-1.433888167095212474e+01,4.381496296888848718e+01
-1.424568344068510051e+01,4.384370540120657012e+01
-1.415339011072181918e+01,4.387523283029228338e+01
-1.406237069699226971e+01,4.390940235064010722e+01
-1.397297146913546584e+01,4.394603343455248279e+01
-1.388550783406140710e+01,4.398491347835327758e+01
-1.380025774850537346e+01,4.402580452866052951e+01
-1.371745694302213536e+01,4.406845073924205280e+01
-1.363729608295999007e+01,4.411258608187555552e+01
-1.355991983765875730e+01,4.415794185706447195e+01
-1.348542769555722209e+01,4.420425361421617794e+01
-1.341387626269768418e+01,4.425126718282842120e+01
-1.334528272116143199e+01,4.429874362132327548e+01
-1.327962910171361344e+01,4.434646299434378136e+01
-1.321686703587374367e+01,4.439422698154113078e+01
-1.315692268831813827e+01,4.444186039410570288e+01
-1.309970162157870988e+01,4.448921172658342726e+01
-1.304509340271429529e+01,4.453615290129720705e+01
-1.299297581894485987e+01,4.458257837374571153e+01
-1.294321862120109046e+01,4.462840376373224416e+01
-1.289568675824992461e+01,4.467356416309174705e+01
-1.285024309835304734e+01,4.471801225082642617e+01
-1.280675066041608723e+01,4.476171632364103914e+01
-1.276507439324722881e+01,4.480465832685442251e+01
-1.272508255123683441e+01,4.484683194919194449e+01
-1.268664771901509525e+01,4.488824082606455335e+01
-1.264964753788104623e+01,4.492889688007815607e+01
-1.261396518429503644e+01,4.496881881475731291e+01
-1.257948964651800239e+01,4.500803076761717847e+01
-1.254611584036667438e+01,4.504656112143661062e+01
-1.251374459961695962e+01,4.508444146746762016e+01
-1.248228257122623575e+01,4.512170571095422389e+01
-1.245164204052165324e+01,4.515838930734344103e+01
-1.242174070695295285e+01,4.519452861661645215e+01
-1.239250142700899460e+01,4.523016036296915132e+01
-1.236385193745167932e+01,4.526532118739608279e+01
-1.233572456911406334e+01,4.530004728140433912e+01
-1.230805595908753958e+01,4.533437409096433868e+01
-1.228078676714331863e+01,4.536833608079300006e+01
-1.225386140062937912e+01,4.540196655008873705e+01
-1.222722775080490365e+01,4.543529749184634170e+01
-1.220083694256634033e+01,4.546835948884045564e+01
-1.217464309873645334e+01,4.550118164026028467e+01
-1.214860311948762472e+01,4.553379151379354539e+01
-1.212267647701976436e+01,4.556621511868984697e+01
-1.209682502528177217e+01,4.559847689598664289e+01
-1.207101282428650713e+01,4.563059972265341457e+01
-1.204520597840620155e+01,4.566260492691166206e+01
-1.201937248792779300e+01,4.569451231242152289e+01
-1.199348211308501178e+01,4.572634018940205891e+01
-1.196750624975399901e+01,4.575810541107206575e+01
-1.194141781599428143e+01,4.578982341407344592e+01
-1.191519114862953543e+01,4.582150826177281999e+01
-1.188880190908784940e+01,4.585317268953341596e+01
-1.186222699775520972e+01,4.588482815121791702e+01
-1.183544447613515160e+01,4.591648486632179527e+01
-1.180843349615070537e+01,4.594815186725530509e+01
-1.178117423596767566e+01,4.597983704639004543e+01
-1.175364784176334076e+01,4.601154720256870689e+01
-1.172583637490715880e+01,4.604328808684345375e+01
-1.169772276406163591e+01,4.607506444726583794e+01
-1.166929076175179603e+01,4.610688007259660282e+01
-1.164052490498860948e+01,4.613873783484179114e+01
-1.161141047956704497e+01,4.617063973055269344e+01
-1.158193348769210829e+01,4.620258692085194241e+01
-1.155208061861709368e+01,4.623457977016837361e+01
-1.152183922200499211e+01,4.626661788367922412e+01
-1.149119728375134564e+01,4.629870014347093843e+01
-1.146014340402915188e+01,4.633082474343964208e+01
-1.142866677733900893e+01,4.636298922295977576e+01
-1.139675717436652036e+01,4.639519049935545070e+01
-1.136440492546824643e+01,4.642742489921229776e+01
-1.133160090562234856e+01,4.645968818857123495e+01
-1.129833652069634375e+01,4.649197560204674318e+01
-1.126460369489732116e+01,4.652428187091329903e+01
-1.123039485928225290e+01,4.655660125020412465e+01
-1.119570294121776222e+01,4.658892754486518584e+01
-1.116052135468799733e+01,4.662125413500810822e+01
-1.112484399135949786e+01,4.665357400030337942e+01
-1.108866521231944446e+01,4.668587974355443038e+01
-1.105197984041197223e+01,4.671816361349193869e+01
-1.101478315310337663e+01,4.675041752682566454e+01
-1.097707087581431118e+01,4.678263308958963052e+01
-1.093883917566156150e+01,4.681480161781524885e+01
-1.090008465555817097e+01,4.684691415756433486e+01
-1.086080434862474853e+01,4.687896150435302189e+01
-1.082099571286934392e+01,4.691093422199540441e+01
-1.078065662609694009e+01,4.694282266089452804e+01
-1.073978538101355795e+01,4.697461697580602902e+01
-1.069838068049247681e+01,4.700630714309891545e+01
-1.065644163297358737e+01,4.703788297753587244e+01
-1.061396774796946474e+01,4.706933414859438614e+01
-1.057095893165384481e+01,4.710065019634822647e+01
-1.052741548251068338e+01,4.713182054692804712e+01
-1.048333808702427561e+01,4.716283452757767236e+01
-1.043872781539179151e+01,4.719368138132266211e+01
-1.039358611724249926e+01,4.722435028126540146e+01
-1.034791481734865926e+01,4.725483034452079067e+01
-1.030171611131457077e+01,4.728511064580500545e+01
-1.025499256123228875e+01,4.731518023068895218e+01
-1.020774709129244684e+01,4.734502812852764464e+01
-1.015998298334091032e+01,4.737464336507505891e+01
-1.011170387237239687e+01,4.740401497479370363e+01
-1.006291374195317978e+01,4.743313201286746761e+01
-1.001361691956584110e+01,4.746198356692542575e+01
-9.963818071870331750e+00,4.749055876848321844e+01
-9.913522199875226093e+00,4.751884680410925910e+01
-9.862734634014927337e+00,4.754683692632075065e+01
-9.811461029128398792e+00,4.757451846421535890e+01
-9.759707359336053045e+00,4.760188083384317537e+01
-9.707479912811381340e+00,4.762891354832335367e+01
-9.654785286445452641e+00,4.765560622770917121e+01
-9.601630380401376286e+00,4.768194860860522510e+01
-9.548022392557669491e+00,4.770793055353975376e+01
-9.493968812839025162e+00,4.773354206009485523e+01
-9.439477417433698392e+00,4.775877326979714610e+01
-9.384556262896664336e+00,4.778361447677087881e+01
-9.329213680138996878e+00,4.780805613615537197e+01
-9.273458268302702479e+00,4.783208887228857265e+01
-9.217298888521931133e+00,4.785570348665788742e+01
-9.160744657571109784e+00,4.787889096561959690e+01
-9.103804941400460038e+00,4.790164248788774870e+01
-9.046489348560797339e+00,4.792394943179326816e+01
-8.988807723518009496e+00,4.794580338231400418e+01
-8.930770139859266266e+00,4.796719613787612957e+01
-8.872386893392571139e+00,4.798811971692713030e+01
-8.813668495141486758e+00,4.800856636428073188e+01
-8.754625664236719729e+00,4.802852855723376280e+01
-8.695269320707749827e+00,4.804799901145483432e+01
-8.635610578175505481e+00,4.806697068664497863e+01
-8.575660736449467692e+00,4.808543679196984755e+01
-8.515431274031586284e+00,4.810339079126324435e+01
-8.454933840529493594e+00,4.812082640800176847e+01
-8.394180248981898629e+00,4.813773763005009698e+01
-8.333182468099522566e+00,4.815411871417639134e+01
-8.271952614423661032e+00,4.816996419033765164e+01
-8.210502944406375292e+00,4.818526886573415879e+01
-8.148845846414795702e+00,4.820002782863281965e+01
-8.086993832663313952e+00,4.821423645195845609e+01
-8.024959531076275354e+00,4.822789039665300947e+01
-7.962755677085453065e+00,4.824098561480141711e+01
-7.900395105364776960e+00,4.825351835252423882e+01
-7.837890741506282843e+00,4.826548515263587547e+01
-7.775255593640682861e+00,4.827688285706817339e+01
-7.712502744005837130e+00,4.828770860905854789e+01
-7.649645340467304599e+00,4.829795985510223488e+01
-7.586696587993558616e+00,4.830763434666793188e+01
-7.523669740090346281e+00,4.831673014167630953e+01
-7.460578090197162560e+00,4.832524560574084660e+01
-7.397434963049917656e+00,4.833317941317032762e+01
-7.334253706012693108e+00,4.834053054773265501e+01
-7.271047680383142087e+00,4.834729830317907329e+01
-7.207830252674098936e+00,4.835348228352876276e+01
-7.144614785875426755e+00,4.835908240311285766e+01
-7.081414630699653046e+00,4.836409888637757604e+01
-7.018243116814666394e+00,4.836853226744600676e+01
-6.955113544066650277e+00,4.837238338943797800e+01
-6.892039173697596333e+00,4.837565340354750276e+01
-6.829033219559351942e+00,4.837834376787745327e+01
-6.766108839328385471e+00,4.838045624603086026e+01
-6.703279125724248999e+00,4.838199290545850317e+01
-6.640557097734593128e+00,4.838295611556213771e+01
-6.577955691849797226e+00,4.838334854555301945e+01
-6.515487753310617691e+00,4.838317316206525476e+01
-6.453166027370647484e+00,4.838243322652331102e+01
-6.391003150577232006e+00,4.838113229226333800e+01
-6.329011642072708277e+00,4.837927420140765378e+01
-6.267203894918882412e+00,4.837686308149179837e+01
-6.205592167446311258e+00,4.837390334184365059e+01
-6.144188574631454181e+00,4.837039966971380522e+01
-6.083005079502592949e+00,4.836635702615664911e+01
-6.022053484576830762e+00,4.836178064166127655e+01
-5.961345423329555082e+00,4.835667601153135564e+01
-5.900892351697432758e+00,4.835104889101326364e+01
-5.840705539616626751e+00,4.834490529017129745e+01
-5.780796062596050611e+00,4.833825146850892907e+01
-5.721174793327111985e+00,4.833109392933501169e+01
-5.661852393329538380e+00,4.832343941387349417e+01
-5.602839304633672413e+00,4.831529489511545705e+01
-5.544145741498224922e+00,4.830666757141155188e+01
-5.485781682163545447e+00,4.829756485980360736e+01
-5.427756860638341507e+00,4.828799438909300790e+01
-5.370080758518730235e+00,4.827796399264429539e+01
-5.312762596837582230e+00,4.826748170092135837e+01
-5.255811327941438016e+00,4.825655573375400564e+01
-5.199235627391824544e+00,4.824519449233206814e+01
-5.143043885887969680e+00,4.823340655092427198e+01
-5.087244201205817440e+00,4.822120064831860020e+01
-5.031844370149025636e+00,4.820858567898062574e+01
-4.976851880506273140e+00,4.819557068392622057e+01
-4.922273903008401952e+00,4.818216484130437038e+01
-4.868117283278156293e+00,4.816837745668580339e+01
-4.814388533765025180e+00,4.815421795305258712e+01
-4.761093825655281719e+00,4.813969586048352767e+01
-4.708238980747998959e+00,4.812482080552977948e+01
-4.655829463285435565e+00,4.810960250027471830e+01
-4.603870371725463428e+00,4.809405073107146222e+01
-4.552366430442841505e+00,4.807817534695148254e+01
-4.501321981343481937e+00,4.806198624769627514e+01
-4.450740975375736319e+00,4.804549337156483091e+01
-4.400626963920121426e+00,4.802870668266790943e+01
-4.350983090037525258e+00,4.801163615798044049e+01
-4.301812079553609003e+00,4.799429177398208424e+01
-4.253116231955806015e+00,4.797668349291639345e+01
-4.204897411075586788e+00,4.795882124865713081e+01
-4.157157035527710320e+00,4.794071493217096958e+01
-4.109896068874268060e+00,4.792237437656432775e+01
-4.063115009479077777e+00,4.790380934170195815e+01
-4.016813880014022509e+00,4.788502949838440514e+01
-3.970992216576506806e+00,4.786604441207052218e+01
-3.925649057371850770e+00,4.784686352613127980e+01
-3.880782930911621520e+00,4.782749614462035481e+01
-3.836391843673490065e+00,4.780795141454677122e+01
-3.792473267163574580e+00,4.778823830763494129e+01
-3.749024124316489903e+00,4.776836560155667399e+01
-3.706040775163033540e+00,4.774834186062100372e+01
-3.663519001687943533e+00,4.772817541590667645e+01
-3.621453991794083560e+00,4.770787434482411982e+01
-3.579840322281350851e+00,4.768744645009351757e+01
-3.538671940739881450e+00,4.766689923812778318e+01
-3.497942146249132467e+00,4.764623989681088290e+01
-3.457643568762931885e+00,4.762547527266399072e+01
-3.417768147051300609e+00,4.760461184739595808e+01
-3.378307105057438697e+00,4.758365571383779269e+01
-3.339250926515825668e+00,4.756261255126638332e+01
-3.300589327663464356e+00,4.754148760012885333e+01
-3.262311227862302765e+00,4.752028563618665657e+01
-3.224404717933876174e+00,4.749901094410762425e+01
-3.186857025991020720e+00,4.747766729054634283e+01
-3.149654480533065293e+00,4.745625789676602579e+01
-3.112782470551134217e+00,4.743478541087306866e+01
-3.076225402370013295e+00,4.741325187975371591e+01
-3.039966652931320290e+00,4.739165872082833175e+01
-3.003988519199686458e+00,4.737000669376487849e+01
-2.968272163350763826e+00,4.734829587232941606e+01
-2.932797553375692701e+00,4.732652561658998991e+01
-2.897543398712969509e+00,4.730469454573877641e+01
-2.862487080494788394e+00,4.728280051185320332e+01
-2.827604575973425405e+00,4.726084057498373880e+01
-2.792870376672173194e+00,4.723881098003296586e+01
-2.758257399789978415e+00,4.721670713598297198e+01
-2.723736892376527052e+00,4.719452359813504216e+01
-2.689278327791114087e+00,4.717225405415001660e+01
-2.654849293964371082e+00,4.714989131482474960e+01
-2.620415373000636983e+00,4.712742731070781588e+01
-2.585940011696749252e+00,4.710485309585430258e+01
-2.551384382612177149e+00,4.708215886024525787e+01
-2.516707235415654331e+00,4.705933395265650176e+01
-2.481864738360657796e+00,4.703636691605819919e+01
-2.446810309918760140e+00,4.701324553796296613e+01
-2.411494440834014874e+00,4.698995691852100265e+01
-2.375864507174084483e+00,4.696648755958614885e+01
-2.339864575356168430e+00,4.694282347844894332e+01
-2.303435200643719316e+00,4.691895035044969831e+01
-2.266513221264427003e+00,4.689485368524299957e+01
-2.229031551123881627e+00,4.687051904207434205e+01
-2.190918975107744693e+00,4.684593229003814230e+01
-2.152099952222975787e+00,4.682107991988840467e+01
-2.112494433356230772e+00,4.679594941453708401e+01
-2.072017702267854311e+00,4.677052968585440595e+01
-2.030580250631112804e+00,4.674481158571188644e+01
-1.988087700499148847e+00,4.671878849930025268e+01
-1.944440790555877152e+00,4.669245702849283930e+01
-1.899535445883880680e+00,4.666581777227212768e+01
-1.853262954725010569e+00,4.663887620980980842e+01
-1.805510279738945734e+00,4.661164368947866876e+01
-1.756160535430152603e+00,4.658413852362897956e+01
-1.705093667470846341e+00,4.655638718410671117e+01
-1.652187373239546453e+00,4.652842558694513286e+01
-1.597318305506949310e+00,4.650030044615542124e+01
-1.540363602160270240e+00,4.647207066587327517e+01
-1.481202783294084169e+00,4.644380872721011855e+01
-1.419720051867599420e+00,4.641560201114698714e+01
-1.355807024251637349e+00,4.638755398214325965e+01
-1.289365901134852610e+00,4.635978513971078740e+01
-1.220313066301021099e+00,4.633243362846133806e+01
-1.148583069960717351e+00,4.630565538315987340e+01
-1.074132914504499547e+00,4.627962367683817746e+01
-9.969465146860208016e-01,4.625452794032509019e+01
-9.170391537049251696e-01,4.623057173416314214e+01
-8.344617055661248672e-01,4.620796978210564987e+01
-7.493043484083997674e-01,4.618694402154222445e+01
-6.616994607819082219e-01,4.616771869075618184e+01
-5.718233815416351451e-01,4.615051455358860011e+01
-4.798967321169361755e-01,4.613554245316198887e+01
-3.861830532713979025e-01,4.612299647851786233e+01
-2.909855989187678516e-01,4.611304710913496052e+01
-1.946422532625300406e-01,4.610583475877289317e+01
-9.751868424862934759e-02,4.610146415944789311e+01
0.000000000000000000e+00,4.610000000000000142e+01
