0
SECTION
2
HEADER
9
$ACADVER
1
AC1009
9
$INSUNITS
70
4
0
ENDSEC
0
SECTION
2
TABLES
0
TABLE
2
LAYER
70
1
0
LAYER
2
0
70
0
62
7
6
CONTINUOUS
0
ENDTAB
0
ENDSEC
0
SECTION
2
BLOCKS
0
ENDSEC
0
SECTION
2
ENTITIES
0
CIRCLE
8
0
10
0.0
20
0.0
30
0.0
40
27.500000
0
POLYLINE
8
0
66
1
70
1
0
VERTEX
8
0
10
26.109740
20
-2.054881
30
0.0
0
VERTEX
8
0
10
26.115484
20
-2.055069
30
0.0
0
VERTEX
8
0
10
26.132692
20
-2.054581
30
0.0
0
VERTEX
8
0
10
26.161172
20
-2.051852
30
0.0
0
VERTEX
8
0
10
26.200522
20
-2.045356
30
0.0
0
VERTEX
8
0
10
26.250141
20
-2.033636
30
0.0
0
VERTEX
8
0
10
26.309238
20
-2.015328
30
0.0
0
VERTEX
8
0
10
26.376845
20
-1.989185
30
0.0
0
VERTEX
8
0
10
26.451839
20
-1.954101
30
0.0
0
VERTEX
8
0
10
26.532955
20
-1.909131
30
0.0
0
VERTEX
8
0
10
26.618816
20
-1.853508
30
0.0
0
VERTEX
8
0
10
26.707954
20
-1.786655
30
0.0
0
VERTEX
8
0
10
26.798836
20
-1.708196
30
0.0
0
VERTEX
8
0
10
26.889892
20
-1.617966
30
0.0
0
VERTEX
8
0
10
26.979546
20
-1.516009
30
0.0
0
VERTEX
8
0
10
27.066240
20
-1.402581
30
0.0
0
VERTEX
8
0
10
27.148464
20
-1.278142
30
0.0
0
VERTEX
8
0
10
27.224786
20
-1.143353
30
0.0
0
VERTEX
8
0
10
27.293871
20
-0.999059
30
0.0
0
VERTEX
8
0
10
27.354511
20
-0.846274
30
0.0
0
VERTEX
8
0
10
27.405645
20
-0.686169
30
0.0
0
VERTEX
8
0
10
27.446376
20
-0.520041
30
0.0
0
VERTEX
8
0
10
27.475992
20
-0.349301
30
0.0
0
VERTEX
8
0
10
27.493972
20
-0.175438
30
0.0
0
VERTEX
8
0
10
27.500000
20
-0.000000
30
0.0
0
VERTEX
8
0
10
27.493972
20
0.175438
30
0.0
0
VERTEX
8
0
10
27.475992
20
0.349301
30
0.0
0
VERTEX
8
0
10
27.446376
20
0.520041
30
0.0
0
VERTEX
8
0
10
27.405645
20
0.686169
30
0.0
0
VERTEX
8
0
10
27.354511
20
0.846274
30
0.0
0
VERTEX
8
0
10
27.293871
20
0.999059
30
0.0
0
VERTEX
8
0
10
27.224786
20
1.143353
30
0.0
0
VERTEX
8
0
10
27.148464
20
1.278142
30
0.0
0
VERTEX
8
0
10
27.066240
20
1.402581
30
0.0
0
VERTEX
8
0
10
26.979546
20
1.516009
30
0.0
0
VERTEX
8
0
10
26.889892
20
1.617966
30
0.0
0
VERTEX
8
0
10
26.798836
20
1.708196
30
0.0
0
VERTEX
8
0
10
26.707954
20
1.786655
30
0.0
0
VERTEX
8
0
10
26.618816
20
1.853508
30
0.0
0
VERTEX
8
0
10
26.532955
20
1.909131
30
0.0
0
VERTEX
8
0
10
26.451839
20
1.954101
30
0.0
0
VERTEX
8
0
10
26.376845
20
1.989185
30
0.0
0
VERTEX
8
0
10
26.309238
20
2.015328
30
0.0
0
VERTEX
8
0
10
26.250141
20
2.033636
30
0.0
0
VERTEX
8
0
10
26.200522
20
2.045356
30
0.0
0
VERTEX
8
0
10
26.161172
20
2.051852
30
0.0
0
VERTEX
8
0
10
26.132692
20
2.054581
30
0.0
0
VERTEX
8
0
10
26.115484
20
2.055069
30
0.0
0
VERTEX
8
0
10
26.109740
20
2.054881
30
0.0
0
VERTEX
8
0
10
26.104277
20
2.054678
30
0.0
0
VERTEX
8
0
10
26.087903
20
2.054976
30
0.0
0
VERTEX
8
0
10
26.060772
20
2.057123
30
0.0
0
VERTEX
8
0
10
26.023208
20
2.062437
30
0.0
0
VERTEX
8
0
10
25.975698
20
2.072185
30
0.0
0
VERTEX
8
0
10
25.918891
20
2.087561
30
0.0
0
VERTEX
8
0
10
25.853578
20
2.109667
30
0.0
0
VERTEX
8
0
10
25.780686
20
2.139495
30
0.0
0
VERTEX
8
0
10
25.701263
20
2.177912
30
0.0
0
VERTEX
8
0
10
25.616455
20
2.225642
30
0.0
0
VERTEX
8
0
10
25.527493
20
2.283260
30
0.0
0
VERTEX
8
0
10
25.435671
20
2.351178
30
0.0
0
VERTEX
8
0
10
25.342327
20
2.429641
30
0.0
0
VERTEX
8
0
10
25.248815
20
2.518721
30
0.0
0
VERTEX
8
0
10
25.156491
20
2.618318
30
0.0
0
VERTEX
8
0
10
25.066686
20
2.728158
30
0.0
0
VERTEX
8
0
10
24.980686
20
2.847803
30
0.0
0
VERTEX
8
0
10
24.899710
20
2.976653
30
0.0
0
VERTEX
8
0
10
24.824892
20
3.113957
30
0.0
0
VERTEX
8
0
10
24.757259
20
3.258827
30
0.0
0
VERTEX
8
0
10
24.697721
20
3.410253
30
0.0
0
VERTEX
8
0
10
24.647047
20
3.567113
30
0.0
0
VERTEX
8
0
10
24.605861
20
3.728201
30
0.0
0
VERTEX
8
0
10
24.574627
20
3.892238
30
0.0
0
VERTEX
8
0
10
24.553642
20
4.057899
30
0.0
0
VERTEX
8
0
10
24.543033
20
4.223830
30
0.0
0
VERTEX
8
0
10
24.542754
20
4.388672
30
0.0
0
VERTEX
8
0
10
24.552586
20
4.551085
30
0.0
0
VERTEX
8
0
10
24.572141
20
4.709764
30
0.0
0
VERTEX
8
0
10
24.600868
20
4.863469
30
0.0
0
VERTEX
8
0
10
24.638064
20
5.011035
30
0.0
0
VERTEX
8
0
10
24.682883
20
5.151399
30
0.0
0
VERTEX
8
0
10
24.734349
20
5.283615
30
0.0
0
VERTEX
8
0
10
24.791378
20
5.406867
30
0.0
0
VERTEX
8
0
10
24.852785
20
5.520484
30
0.0
0
VERTEX
8
0
10
24.917315
20
5.623952
30
0.0
0
VERTEX
8
0
10
24.983654
20
5.716920
30
0.0
0
VERTEX
8
0
10
25.050457
20
5.799209
30
0.0
0
VERTEX
8
0
10
25.116365
20
5.870810
30
0.0
0
VERTEX
8
0
10
25.180030
20
5.931889
30
0.0
0
VERTEX
8
0
10
25.240137
20
5.982782
30
0.0
0
VERTEX
8
0
10
25.295422
20
6.023989
30
0.0
0
VERTEX
8
0
10
25.344698
20
6.056167
30
0.0
0
VERTEX
8
0
10
25.386869
20
6.080120
30
0.0
0
VERTEX
8
0
10
25.420953
20
6.096782
30
0.0
0
VERTEX
8
0
10
25.446093
20
6.107207
30
0.0
0
VERTEX
8
0
10
25.461573
20
6.112550
30
0.0
0
VERTEX
8
0
10
25.466831
20
6.114045
30
0.0
0
VERTEX
8
0
10
25.472352
20
6.115641
30
0.0
0
VERTEX
8
0
10
25.488568
20
6.121423
30
0.0
0
VERTEX
8
0
10
25.514810
20
6.132820
30
0.0
0
VERTEX
8
0
10
25.550227
20
6.151157
30
0.0
0
VERTEX
8
0
10
25.593796
20
6.177637
30
0.0
0
VERTEX
8
0
10
25.644343
20
6.213311
30
0.0
0
VERTEX
8
0
10
25.700563
20
6.259067
30
0.0
0
VERTEX
8
0
10
25.761044
20
6.315607
30
0.0
0
VERTEX
8
0
10
25.824294
20
6.383442
30
0.0
0
VERTEX
8
0
10
25.888764
20
6.462876
30
0.0
0
VERTEX
8
0
10
25.952880
20
6.554002
30
0.0
0
VERTEX
8
0
10
26.015069
20
6.656704
30
0.0
0
VERTEX
8
0
10
26.073786
20
6.770656
30
0.0
0
VERTEX
8
0
10
26.127545
20
6.895328
30
0.0
0
VERTEX
8
0
10
26.174945
20
7.029994
30
0.0
0
VERTEX
8
0
10
26.214692
20
7.173751
30
0.0
0
VERTEX
8
0
10
26.245625
20
7.325528
30
0.0
0
VERTEX
8
0
10
26.266740
20
7.484109
30
0.0
0
VERTEX
8
0
10
26.277199
20
7.648154
30
0.0
0
VERTEX
8
0
10
26.276355
20
7.816225
30
0.0
0
VERTEX
8
0
10
26.263757
20
7.986808
30
0.0
0
VERTEX
8
0
10
26.239161
20
8.158343
30
0.0
0
VERTEX
8
0
10
26.202534
20
8.329253
30
0.0
0
VERTEX
8
0
10
26.154054
20
8.497967
30
0.0
0
VERTEX
8
0
10
26.094107
20
8.662956
30
0.0
0
VERTEX
8
0
10
26.023281
20
8.822753
30
0.0
0
VERTEX
8
0
10
25.942354
20
8.975986
30
0.0
0
VERTEX
8
0
10
25.852279
20
9.121395
30
0.0
0
VERTEX
8
0
10
25.754173
20
9.257863
30
0.0
0
VERTEX
8
0
10
25.649287
20
9.384431
30
0.0
0
VERTEX
8
0
10
25.538994
20
9.500315
30
0.0
0
VERTEX
8
0
10
25.424756
20
9.604922
30
0.0
0
VERTEX
8
0
10
25.308102
20
9.697862
30
0.0
0
VERTEX
8
0
10
25.190600
20
9.778948
30
0.0
0
VERTEX
8
0
10
25.073828
20
9.848211
30
0.0
0
VERTEX
8
0
10
24.959346
20
9.905887
30
0.0
0
VERTEX
8
0
10
24.848667
20
9.952421
30
0.0
0
VERTEX
8
0
10
24.743233
20
9.988457
30
0.0
0
VERTEX
8
0
10
24.644386
20
10.014826
30
0.0
0
VERTEX
8
0
10
24.553343
20
10.032528
30
0.0
0
VERTEX
8
0
10
24.471179
20
10.042720
30
0.0
0
VERTEX
8
0
10
24.398802
20
10.046692
30
0.0
0
VERTEX
8
0
10
24.336940
20
10.045843
30
0.0
0
VERTEX
8
0
10
24.286128
20
10.041656
30
0.0
0
VERTEX
8
0
10
24.246696
20
10.035674
30
0.0
0
VERTEX
8
0
10
24.218767
20
10.029469
30
0.0
0
VERTEX
8
0
10
24.202250
20
10.024615
30
0.0
0
VERTEX
8
0
10
24.196845
20
10.022661
30
0.0
0
VERTEX
8
0
10
24.191712
20
10.020780
30
0.0
0
VERTEX
8
0
10
24.176048
20
10.016004
30
0.0
0
VERTEX
8
0
10
24.149581
20
10.009661
30
0.0
0
VERTEX
8
0
10
24.112213
20
10.003107
30
0.0
0
VERTEX
8
0
10
24.064017
20
9.997697
30
0.0
0
VERTEX
8
0
10
24.005238
20
9.994766
30
0.0
0
VERTEX
8
0
10
23.936290
20
9.995608
30
0.0
0
VERTEX
8
0
10
23.857749
20
10.001451
30
0.0
0
VERTEX
8
0
10
23.770342
20
10.013444
30
0.0
0
VERTEX
8
0
10
23.674935
20
10.032631
30
0.0
0
VERTEX
8
0
10
23.572522
20
10.059938
30
0.0
0
VERTEX
8
0
10
23.464207
20
10.096158
30
0.0
0
VERTEX
8
0
10
23.351184
20
10.141936
30
0.0
0
VERTEX
8
0
10
23.234722
20
10.197759
30
0.0
0
VERTEX
8
0
10
23.116140
20
10.263951
30
0.0
0
VERTEX
8
0
10
22.996788
20
10.340665
30
0.0
0
VERTEX
8
0
10
22.878025
20
10.427878
30
0.0
0
VERTEX
8
0
10
22.761195
20
10.525399
30
0.0
0
VERTEX
8
0
10
22.647609
20
10.632862
30
0.0
0
VERTEX
8
0
10
22.538520
20
10.749743
30
0.0
0
VERTEX
8
0
10
22.435102
20
10.875358
30
0.0
0
VERTEX
8
0
10
22.338436
20
11.008883
30
0.0
0
VERTEX
8
0
10
22.249487
20
11.149359
30
0.0
0
VERTEX
8
0
10
22.169091
20
11.295716
30
0.0
0
VERTEX
8
0
10
22.097941
20
11.446784
30
0.0
0
VERTEX
8
0
10
22.036576
20
11.601316
30
0.0
0
VERTEX
8
0
10
21.985372
20
11.758004
30
0.0
0
VERTEX
8
0
10
21.944534
20
11.915505
30
0.0
0
VERTEX
8
0
10
21.914097
20
12.072461
30
0.0
0
VERTEX
8
0
10
21.893921
20
12.227520
30
0.0
0
VERTEX
8
0
10
21.883696
20
12.379358
30
0.0
0
VERTEX
8
0
10
21.882946
20
12.526702
30
0.0
0
VERTEX
8
0
10
21.891037
20
12.668351
30
0.0
0
VERTEX
8
0
10
21.907187
20
12.803193
30
0.0
0
VERTEX
8
0
10
21.930480
20
12.930225
30
0.0
0
VERTEX
8
0
10
21.959878
20
13.048570
30
0.0
0
VERTEX
8
0
10
21.994242
20
13.157488
30
0.0
0
VERTEX
8
0
10
22.032347
20
13.256392
30
0.0
0
VERTEX
8
0
10
22.072903
20
13.344856
30
0.0
0
VERTEX
8
0
10
22.114577
20
13.422619
30
0.0
0
VERTEX
8
0
10
22.156015
20
13.489595
30
0.0
0
VERTEX
8
0
10
22.195861
20
13.545869
30
0.0
0
VERTEX
8
0
10
22.232781
20
13.591700
30
0.0
0
VERTEX
8
0
10
22.265487
20
13.627511
30
0.0
0
VERTEX
8
0
10
22.292754
20
13.653890
30
0.0
0
VERTEX
8
0
10
22.313442
20
13.671574
30
0.0
0
VERTEX
8
0
10
22.326513
20
13.681439
30
0.0
0
VERTEX
8
0
10
22.331052
20
13.684486
30
0.0
0
VERTEX
8
0
10
22.335809
20
13.687710
30
0.0
0
VERTEX
8
0
10
22.349445
20
13.698220
30
0.0
0
VERTEX
8
0
10
22.370881
20
13.717168
30
0.0
0
VERTEX
8
0
10
22.398898
20
13.745553
30
0.0
0
VERTEX
8
0
10
22.432152
20
13.784200
30
0.0
0
VERTEX
8
0
10
22.469201
20
13.833748
30
0.0
0
VERTEX
8
0
10
22.508530
20
13.894637
30
0.0
0
VERTEX
8
0
10
22.548579
20
13.967100
30
0.0
0
VERTEX
8
0
10
22.587771
20
14.051160
30
0.0
0
VERTEX
8
0
10
22.624539
20
14.146628
30
0.0
0
VERTEX
8
0
10
22.657358
20
14.253108
30
0.0
0
VERTEX
8
0
10
22.684766
20
14.370001
30
0.0
0
VERTEX
8
0
10
22.705396
20
14.496520
30
0.0
0
VERTEX
8
0
10
22.717999
20
14.631702
30
0.0
0
VERTEX
8
0
10
22.721464
20
14.774425
30
0.0
0
VERTEX
8
0
10
22.714842
20
14.923428
30
0.0
0
VERTEX
8
0
10
22.697360
20
15.077335
30
0.0
0
VERTEX
8
0
10
22.668437
20
15.234679
30
0.0
0
VERTEX
8
0
10
22.627692
20
15.393928
30
0.0
0
VERTEX
8
0
10
22.574952
20
15.553512
30
0.0
0
VERTEX
8
0
10
22.510258
20
15.711853
30
0.0
0
VERTEX
8
0
10
22.433858
20
15.867392
30
0.0
0
VERTEX
8
0
10
22.346210
20
16.018619
30
0.0
0
VERTEX
8
0
10
22.247967
20
16.164094
30
0.0
0
VERTEX
8
0
10
22.139970
20
16.302483
30
0.0
0
VERTEX
8
0
10
22.023230
20
16.432573
30
0.0
0
VERTEX
8
0
10
21.898912
20
16.553298
30
0.0
0
VERTEX
8
0
10
21.768313
20
16.663756
30
0.0
0
VERTEX
8
0
10
21.632837
20
16.763228
30
0.0
0
VERTEX
8
0
10
21.493973
20
16.851190
30
0.0
0
VERTEX
8
0
10
21.353268
20
16.927320
30
0.0
0
VERTEX
8
0
10
21.212296
20
16.991506
30
0.0
0
VERTEX
8
0
10
21.072632
20
17.043848
30
0.0
0
VERTEX
8
0
10
20.935823
20
17.084656
30
0.0
0
VERTEX
8
0
10
20.803363
20
17.114444
30
0.0
0
VERTEX
8
0
10
20.676661
20
17.133920
30
0.0
0
VERTEX
8
0
10
20.557019
20
17.143975
30
0.0
0
VERTEX
8
0
10
20.445610
20
17.145667
30
0.0
0
VERTEX
8
0
10
20.343452
20
17.140199
30
0.0
0
VERTEX
8
0
10
20.251395
20
17.128901
30
0.0
0
VERTEX
8
0
10
20.170103
20
17.113205
30
0.0
0
VERTEX
8
0
10
20.100041
20
17.094617
30
0.0
0
VERTEX
8
0
10
20.041469
20
17.074692
30
0.0
0
VERTEX
8
0
10
19.994437
20
17.055009
30
0.0
0
VERTEX
8
0
10
19.958784
20
17.037134
30
0.0
0
VERTEX
8
0
10
19.934140
20
17.022602
30
0.0
0
VERTEX
8
0
10
19.919931
20
17.012882
30
0.0
0
VERTEX
8
0
10
19.915394
20
17.009354
30
0.0
0
VERTEX
8
0
10
19.911094
20
17.005979
30
0.0
0
VERTEX
8
0
10
19.897672
20
16.996595
30
0.0
0
VERTEX
8
0
10
19.874461
20
16.982385
30
0.0
0
VERTEX
8
0
10
19.840947
20
16.964604
30
0.0
0
VERTEX
8
0
10
19.796782
20
16.944565
30
0.0
0
VERTEX
8
0
10
19.741785
20
16.923614
30
0.0
0
VERTEX
8
0
10
19.675952
20
16.903108
30
0.0
0
VERTEX
8
0
10
19.599450
20
16.884395
30
0.0
0
VERTEX
8
0
10
19.512614
20
16.868791
30
0.0
0
VERTEX
8
0
10
19.415948
20
16.857556
30
0.0
0
VERTEX
8
0
10
19.310109
20
16.851880
30
0.0
0
VERTEX
8
0
10
19.195903
20
16.852855
30
0.0
0
VERTEX
8
0
10
19.074266
20
16.861467
30
0.0
0
VERTEX
8
0
10
18.946253
20
16.878569
30
0.0
0
VERTEX
8
0
10
18.813020
20
16.904878
30
0.0
0
VERTEX
8
0
10
18.675804
20
16.940955
30
0.0
0
VERTEX
8
0
10
18.535903
20
16.987200
30
0.0
0
VERTEX
8
0
10
18.394656
20
17.043845
30
0.0
0
VERTEX
8
0
10
18.253421
20
17.110949
30
0.0
0
VERTEX
8
0
10
18.113553
20
17.188399
30
0.0
0
VERTEX
8
0
10
17.976380
20
17.275908
30
0.0
0
VERTEX
8
0
10
17.843183
20
17.373026
30
0.0
0
VERTEX
8
0
10
17.715178
20
17.479140
30
0.0
0
VERTEX
8
0
10
17.593490
20
17.593490
30
0.0
0
VERTEX
8
0
10
17.479140
20
17.715178
30
0.0
0
VERTEX
8
0
10
17.373026
20
17.843183
30
0.0
0
VERTEX
8
0
10
17.275908
20
17.976380
30
0.0
0
VERTEX
8
0
10
17.188399
20
18.113553
30
0.0
0
VERTEX
8
0
10
17.110949
20
18.253421
30
0.0
0
VERTEX
8
0
10
17.043845
20
18.394656
30
0.0
0
VERTEX
8
0
10
16.987200
20
18.535903
30
0.0
0
VERTEX
8
0
10
16.940955
20
18.675804
30
0.0
0
VERTEX
8
0
10
16.904878
20
18.813020
30
0.0
0
VERTEX
8
0
10
16.878569
20
18.946253
30
0.0
0
VERTEX
8
0
10
16.861467
20
19.074266
30
0.0
0
VERTEX
8
0
10
16.852855
20
19.195903
30
0.0
0
VERTEX
8
0
10
16.851880
20
19.310109
30
0.0
0
VERTEX
8
0
10
16.857556
20
19.415948
30
0.0
0
VERTEX
8
0
10
16.868791
20
19.512614
30
0.0
0
VERTEX
8
0
10
16.884395
20
19.599450
30
0.0
0
VERTEX
8
0
10
16.903108
20
19.675952
30
0.0
0
VERTEX
8
0
10
16.923614
20
19.741785
30
0.0
0
VERTEX
8
0
10
16.944565
20
19.796782
30
0.0
0
VERTEX
8
0
10
16.964604
20
19.840947
30
0.0
0
VERTEX
8
0
10
16.982385
20
19.874461
30
0.0
0
VERTEX
8
0
10
16.996595
20
19.897672
30
0.0
0
VERTEX
8
0
10
17.005979
20
19.911094
30
0.0
0
VERTEX
8
0
10
17.009354
20
19.915394
30
0.0
0
VERTEX
8
0
10
17.012882
20
19.919931
30
0.0
0
VERTEX
8
0
10
17.022602
20
19.934140
30
0.0
0
VERTEX
8
0
10
17.037134
20
19.958784
30
0.0
0
VERTEX
8
0
10
17.055009
20
19.994437
30
0.0
0
VERTEX
8
0
10
17.074692
20
20.041469
30
0.0
0
VERTEX
8
0
10
17.094617
20
20.100041
30
0.0
0
VERTEX
8
0
10
17.113205
20
20.170103
30
0.0
0
VERTEX
8
0
10
17.128901
20
20.251395
30
0.0
0
VERTEX
8
0
10
17.140199
20
20.343452
30
0.0
0
VERTEX
8
0
10
17.145667
20
20.445610
30
0.0
0
VERTEX
8
0
10
17.143975
20
20.557019
30
0.0
0
VERTEX
8
0
10
17.133920
20
20.676661
30
0.0
0
VERTEX
8
0
10
17.114444
20
20.803363
30
0.0
0
VERTEX
8
0
10
17.084656
20
20.935823
30
0.0
0
VERTEX
8
0
10
17.043848
20
21.072632
30
0.0
0
VERTEX
8
0
10
16.991506
20
21.212296
30
0.0
0
VERTEX
8
0
10
16.927320
20
21.353268
30
0.0
0
VERTEX
8
0
10
16.851190
20
21.493973
30
0.0
0
VERTEX
8
0
10
16.763228
20
21.632837
30
0.0
0
VERTEX
8
0
10
16.663756
20
21.768313
30
0.0
0
VERTEX
8
0
10
16.553298
20
21.898912
30
0.0
0
VERTEX
8
0
10
16.432573
20
22.023230
30
0.0
0
VERTEX
8
0
10
16.302483
20
22.139970
30
0.0
0
VERTEX
8
0
10
16.164094
20
22.247967
30
0.0
0
VERTEX
8
0
10
16.018619
20
22.346210
30
0.0
0
VERTEX
8
0
10
15.867392
20
22.433858
30
0.0
0
VERTEX
8
0
10
15.711853
20
22.510258
30
0.0
0
VERTEX
8
0
10
15.553512
20
22.574952
30
0.0
0
VERTEX
8
0
10
15.393928
20
22.627692
30
0.0
0
VERTEX
8
0
10
15.234679
20
22.668437
30
0.0
0
VERTEX
8
0
10
15.077335
20
22.697360
30
0.0
0
VERTEX
8
0
10
14.923428
20
22.714842
30
0.0
0
VERTEX
8
0
10
14.774425
20
22.721464
30
0.0
0
VERTEX
8
0
10
14.631702
20
22.717999
30
0.0
0
VERTEX
8
0
10
14.496520
20
22.705396
30
0.0
0
VERTEX
8
0
10
14.370001
20
22.684766
30
0.0
0
VERTEX
8
0
10
14.253108
20
22.657358
30
0.0
0
VERTEX
8
0
10
14.146628
20
22.624539
30
0.0
0
VERTEX
8
0
10
14.051160
20
22.587771
30
0.0
0
VERTEX
8
0
10
13.967100
20
22.548579
30
0.0
0
VERTEX
8
0
10
13.894637
20
22.508530
30
0.0
0
VERTEX
8
0
10
13.833748
20
22.469201
30
0.0
0
VERTEX
8
0
10
13.784200
20
22.432152
30
0.0
0
VERTEX
8
0
10
13.745553
20
22.398898
30
0.0
0
VERTEX
8
0
10
13.717168
20
22.370881
30
0.0
0
VERTEX
8
0
10
13.698220
20
22.349445
30
0.0
0
VERTEX
8
0
10
13.687710
20
22.335809
30
0.0
0
VERTEX
8
0
10
13.684486
20
22.331052
30
0.0
0
VERTEX
8
0
10
13.681439
20
22.326513
30
0.0
0
VERTEX
8
0
10
13.671574
20
22.313442
30
0.0
0
VERTEX
8
0
10
13.653890
20
22.292754
30
0.0
0
VERTEX
8
0
10
13.627511
20
22.265487
30
0.0
0
VERTEX
8
0
10
13.591700
20
22.232781
30
0.0
0
VERTEX
8
0
10
13.545869
20
22.195861
30
0.0
0
VERTEX
8
0
10
13.489595
20
22.156015
30
0.0
0
VERTEX
8
0
10
13.422619
20
22.114577
30
0.0
0
VERTEX
8
0
10
13.344856
20
22.072903
30
0.0
0
VERTEX
8
0
10
13.256392
20
22.032347
30
0.0
0
VERTEX
8
0
10
13.157488
20
21.994242
30
0.0
0
VERTEX
8
0
10
13.048570
20
21.959878
30
0.0
0
VERTEX
8
0
10
12.930225
20
21.930480
30
0.0
0
VERTEX
8
0
10
12.803193
20
21.907187
30
0.0
0
VERTEX
8
0
10
12.668351
20
21.891037
30
0.0
0
VERTEX
8
0
10
12.526702
20
21.882946
30
0.0
0
VERTEX
8
0
10
12.379358
20
21.883696
30
0.0
0
VERTEX
8
0
10
12.227520
20
21.893921
30
0.0
0
VERTEX
8
0
10
12.072461
20
21.914097
30
0.0
0
VERTEX
8
0
10
11.915505
20
21.944534
30
0.0
0
VERTEX
8
0
10
11.758004
20
21.985372
30
0.0
0
VERTEX
8
0
10
11.601316
20
22.036576
30
0.0
0
VERTEX
8
0
10
11.446784
20
22.097941
30
0.0
0
VERTEX
8
0
10
11.295716
20
22.169091
30
0.0
0
VERTEX
8
0
10
11.149359
20
22.249487
30
0.0
0
VERTEX
8
0
10
11.008883
20
22.338436
30
0.0
0
VERTEX
8
0
10
10.875358
20
22.435102
30
0.0
0
VERTEX
8
0
10
10.749743
20
22.538520
30
0.0
0
VERTEX
8
0
10
10.632862
20
22.647609
30
0.0
0
VERTEX
8
0
10
10.525399
20
22.761195
30
0.0
0
VERTEX
8
0
10
10.427878
20
22.878025
30
0.0
0
VERTEX
8
0
10
10.340665
20
22.996788
30
0.0
0
VERTEX
8
0
10
10.263951
20
23.116140
30
0.0
0
VERTEX
8
0
10
10.197759
20
23.234722
30
0.0
0
VERTEX
8
0
10
10.141936
20
23.351184
30
0.0
0
VERTEX
8
0
10
10.096158
20
23.464207
30
0.0
0
VERTEX
8
0
10
10.059938
20
23.572522
30
0.0
0
VERTEX
8
0
10
10.032631
20
23.674935
30
0.0
0
VERTEX
8
0
10
10.013444
20
23.770342
30
0.0
0
VERTEX
8
0
10
10.001451
20
23.857749
30
0.0
0
VERTEX
8
0
10
9.995608
20
23.936290
30
0.0
0
VERTEX
8
0
10
9.994766
20
24.005238
30
0.0
0
VERTEX
8
0
10
9.997697
20
24.064017
30
0.0
0
VERTEX
8
0
10
10.003107
20
24.112213
30
0.0
0
VERTEX
8
0
10
10.009661
20
24.149581
30
0.0
0
VERTEX
8
0
10
10.016004
20
24.176048
30
0.0
0
VERTEX
8
0
10
10.020780
20
24.191712
30
0.0
0
VERTEX
8
0
10
10.022661
20
24.196845
30
0.0
0
VERTEX
8
0
10
10.024615
20
24.202250
30
0.0
0
VERTEX
8
0
10
10.029469
20
24.218767
30
0.0
0
VERTEX
8
0
10
10.035674
20
24.246696
30
0.0
0
VERTEX
8
0
10
10.041656
20
24.286128
30
0.0
0
VERTEX
8
0
10
10.045843
20
24.336940
30
0.0
0
VERTEX
8
0
10
10.046692
20
24.398802
30
0.0
0
VERTEX
8
0
10
10.042720
20
24.471179
30
0.0
0
VERTEX
8
0
10
10.032528
20
24.553343
30
0.0
0
VERTEX
8
0
10
10.014826
20
24.644386
30
0.0
0
VERTEX
8
0
10
9.988457
20
24.743233
30
0.0
0
VERTEX
8
0
10
9.952421
20
24.848667
30
0.0
0
VERTEX
8
0
10
9.905887
20
24.959346
30
0.0
0
VERTEX
8
0
10
9.848211
20
25.073828
30
0.0
0
VERTEX
8
0
10
9.778948
20
25.190600
30
0.0
0
VERTEX
8
0
10
9.697862
20
25.308102
30
0.0
0
VERTEX
8
0
10
9.604922
20
25.424756
30
0.0
0
VERTEX
8
0
10
9.500315
20
25.538994
30
0.0
0
VERTEX
8
0
10
9.384431
20
25.649287
30
0.0
0
VERTEX
8
0
10
9.257863
20
25.754173
30
0.0
0
VERTEX
8
0
10
9.121395
20
25.852279
30
0.0
0
VERTEX
8
0
10
8.975986
20
25.942354
30
0.0
0
VERTEX
8
0
10
8.822753
20
26.023281
30
0.0
0
VERTEX
8
0
10
8.662956
20
26.094107
30
0.0
0
VERTEX
8
0
10
8.497967
20
26.154054
30
0.0
0
VERTEX
8
0
10
8.329253
20
26.202534
30
0.0
0
VERTEX
8
0
10
8.158343
20
26.239161
30
0.0
0
VERTEX
8
0
10
7.986808
20
26.263757
30
0.0
0
VERTEX
8
0
10
7.816225
20
26.276355
30
0.0
0
VERTEX
8
0
10
7.648154
20
26.277199
30
0.0
0
VERTEX
8
0
10
7.484109
20
26.266740
30
0.0
0
VERTEX
8
0
10
7.325528
20
26.245625
30
0.0
0
VERTEX
8
0
10
7.173751
20
26.214692
30
0.0
0
VERTEX
8
0
10
7.029994
20
26.174945
30
0.0
0
VERTEX
8
0
10
6.895328
20
26.127545
30
0.0
0
VERTEX
8
0
10
6.770656
20
26.073786
30
0.0
0
VERTEX
8
0
10
6.656704
20
26.015069
30
0.0
0
VERTEX
8
0
10
6.554002
20
25.952880
30
0.0
0
VERTEX
8
0
10
6.462876
20
25.888764
30
0.0
0
VERTEX
8
0
10
6.383442
20
25.824294
30
0.0
0
VERTEX
8
0
10
6.315607
20
25.761044
30
0.0
0
VERTEX
8
0
10
6.259067
20
25.700563
30
0.0
0
VERTEX
8
0
10
6.213311
20
25.644343
30
0.0
0
VERTEX
8
0
10
6.177637
20
25.593796
30
0.0
0
VERTEX
8
0
10
6.151157
20
25.550227
30
0.0
0
VERTEX
8
0
10
6.132820
20
25.514810
30
0.0
0
VERTEX
8
0
10
6.121423
20
25.488568
30
0.0
0
VERTEX
8
0
10
6.115641
20
25.472352
30
0.0
0
VERTEX
8
0
10
6.114045
20
25.466831
30
0.0
0
VERTEX
8
0
10
6.112550
20
25.461573
30
0.0
0
VERTEX
8
0
10
6.107207
20
25.446093
30
0.0
0
VERTEX
8
0
10
6.096782
20
25.420953
30
0.0
0
VERTEX
8
0
10
6.080120
20
25.386869
30
0.0
0
VERTEX
8
0
10
6.056167
20
25.344698
30
0.0
0
VERTEX
8
0
10
6.023989
20
25.295422
30
0.0
0
VERTEX
8
0
10
5.982782
20
25.240137
30
0.0
0
VERTEX
8
0
10
5.931889
20
25.180030
30
0.0
0
VERTEX
8
0
10
5.870810
20
25.116365
30
0.0
0
VERTEX
8
0
10
5.799209
20
25.050457
30
0.0
0
VERTEX
8
0
10
5.716920
20
24.983654
30
0.0
0
VERTEX
8
0
10
5.623952
20
24.917315
30
0.0
0
VERTEX
8
0
10
5.520484
20
24.852785
30
0.0
0
VERTEX
8
0
10
5.406867
20
24.791378
30
0.0
0
VERTEX
8
0
10
5.283615
20
24.734349
30
0.0
0
VERTEX
8
0
10
5.151399
20
24.682883
30
0.0
0
VERTEX
8
0
10
5.011035
20
24.638064
30
0.0
0
VERTEX
8
0
10
4.863469
20
24.600868
30
0.0
0
VERTEX
8
0
10
4.709764
20
24.572141
30
0.0
0
VERTEX
8
0
10
4.551085
20
24.552586
30
0.0
0
VERTEX
8
0
10
4.388672
20
24.542754
30
0.0
0
VERTEX
8
0
10
4.223830
20
24.543033
30
0.0
0
VERTEX
8
0
10
4.057899
20
24.553642
30
0.0
0
VERTEX
8
0
10
3.892238
20
24.574627
30
0.0
0
VERTEX
8
0
10
3.728201
20
24.605861
30
0.0
0
VERTEX
8
0
10
3.567113
20
24.647047
30
0.0
0
VERTEX
8
0
10
3.410253
20
24.697721
30
0.0
0
VERTEX
8
0
10
3.258827
20
24.757259
30
0.0
0
VERTEX
8
0
10
3.113957
20
24.824892
30
0.0
0
VERTEX
8
0
10
2.976653
20
24.899710
30
0.0
0
VERTEX
8
0
10
2.847803
20
24.980686
30
0.0
0
VERTEX
8
0
10
2.728158
20
25.066686
30
0.0
0
VERTEX
8
0
10
2.618318
20
25.156491
30
0.0
0
VERTEX
8
0
10
2.518721
20
25.248815
30
0.0
0
VERTEX
8
0
10
2.429641
20
25.342327
30
0.0
0
VERTEX
8
0
10
2.351178
20
25.435671
30
0.0
0
VERTEX
8
0
10
2.283260
20
25.527493
30
0.0
0
VERTEX
8
0
10
2.225642
20
25.616455
30
0.0
0
VERTEX
8
0
10
2.177912
20
25.701263
30
0.0
0
VERTEX
8
0
10
2.139495
20
25.780686
30
0.0
0
VERTEX
8
0
10
2.109667
20
25.853578
30
0.0
0
VERTEX
8
0
10
2.087561
20
25.918891
30
0.0
0
VERTEX
8
0
10
2.072185
20
25.975698
30
0.0
0
VERTEX
8
0
10
2.062437
20
26.023208
30
0.0
0
VERTEX
8
0
10
2.057123
20
26.060772
30
0.0
0
VERTEX
8
0
10
2.054976
20
26.087903
30
0.0
0
VERTEX
8
0
10
2.054678
20
26.104277
30
0.0
0
VERTEX
8
0
10
2.054881
20
26.109740
30
0.0
0
VERTEX
8
0
10
2.055069
20
26.115484
30
0.0
0
VERTEX
8
0
10
2.054581
20
26.132692
30
0.0
0
VERTEX
8
0
10
2.051852
20
26.161172
30
0.0
0
VERTEX
8
0
10
2.045356
20
26.200522
30
0.0
0
VERTEX
8
0
10
2.033636
20
26.250141
30
0.0
0
VERTEX
8
0
10
2.015328
20
26.309238
30
0.0
0
VERTEX
8
0
10
1.989185
20
26.376845
30
0.0
0
VERTEX
8
0
10
1.954101
20
26.451839
30
0.0
0
VERTEX
8
0
10
1.909131
20
26.532955
30
0.0
0
VERTEX
8
0
10
1.853508
20
26.618816
30
0.0
0
VERTEX
8
0
10
1.786655
20
26.707954
30
0.0
0
VERTEX
8
0
10
1.708196
20
26.798836
30
0.0
0
VERTEX
8
0
10
1.617966
20
26.889892
30
0.0
0
VERTEX
8
0
10
1.516009
20
26.979546
30
0.0
0
VERTEX
8
0
10
1.402581
20
27.066240
30
0.0
0
VERTEX
8
0
10
1.278142
20
27.148464
30
0.0
0
VERTEX
8
0
10
1.143353
20
27.224786
30
0.0
0
VERTEX
8
0
10
0.999059
20
27.293871
30
0.0
0
VERTEX
8
0
10
0.846274
20
27.354511
30
0.0
0
VERTEX
8
0
10
0.686169
20
27.405645
30
0.0
0
VERTEX
8
0
10
0.520041
20
27.446376
30
0.0
0
VERTEX
8
0
10
0.349301
20
27.475992
30
0.0
0
VERTEX
8
0
10
0.175438
20
27.493972
30
0.0
0
VERTEX
8
0
10
0.000000
20
27.500000
30
0.0
0
VERTEX
8
0
10
-0.175438
20
27.493972
30
0.0
0
VERTEX
8
0
10
-0.349301
20
27.475992
30
0.0
0
VERTEX
8
0
10
-0.520041
20
27.446376
30
0.0
0
VERTEX
8
0
10
-0.686169
20
27.405645
30
0.0
0
VERTEX
8
0
10
-0.846274
20
27.354511
30
0.0
0
VERTEX
8
0
10
-0.999059
20
27.293871
30
0.0
0
VERTEX
8
0
10
-1.143353
20
27.224786
30
0.0
0
VERTEX
8
0
10
-1.278142
20
27.148464
30
0.0
0
VERTEX
8
0
10
-1.402581
20
27.066240
30
0.0
0
VERTEX
8
0
10
-1.516009
20
26.979546
30
0.0
0
VERTEX
8
0
10
-1.617966
20
26.889892
30
0.0
0
VERTEX
8
0
10
-1.708196
20
26.798836
30
0.0
0
VERTEX
8
0
10
-1.786655
20
26.707954
30
0.0
0
VERTEX
8
0
10
-1.853508
20
26.618816
30
0.0
0
VERTEX
8
0
10
-1.909131
20
26.532955
30
0.0
0
VERTEX
8
0
10
-1.954101
20
26.451839
30
0.0
0
VERTEX
8
0
10
-1.989185
20
26.376845
30
0.0
0
VERTEX
8
0
10
-2.015328
20
26.309238
30
0.0
0
VERTEX
8
0
10
-2.033636
20
26.250141
30
0.0
0
VERTEX
8
0
10
-2.045356
20
26.200522
30
0.0
0
VERTEX
8
0
10
-2.051852
20
26.161172
30
0.0
0
VERTEX
8
0
10
-2.054581
20
26.132692
30
0.0
0
VERTEX
8
0
10
-2.055069
20
26.115484
30
0.0
0
VERTEX
8
0
10
-2.054881
20
26.109740
30
0.0
0
VERTEX
8
0
10
-2.054678
20
26.104277
30
0.0
0
VERTEX
8
0
10
-2.054976
20
26.087903
30
0.0
0
VERTEX
8
0
10
-2.057123
20
26.060772
30
0.0
0
VERTEX
8
0
10
-2.062437
20
26.023208
30
0.0
0
VERTEX
8
0
10
-2.072185
20
25.975698
30
0.0
0
VERTEX
8
0
10
-2.087561
20
25.918891
30
0.0
0
VERTEX
8
0
10
-2.109667
20
25.853578
30
0.0
0
VERTEX
8
0
10
-2.139495
20
25.780686
30
0.0
0
VERTEX
8
0
10
-2.177912
20
25.701263
30
0.0
0
VERTEX
8
0
10
-2.225642
20
25.616455
30
0.0
0
VERTEX
8
0
10
-2.283260
20
25.527493
30
0.0
0
VERTEX
8
0
10
-2.351178
20
25.435671
30
0.0
0
VERTEX
8
0
10
-2.429641
20
25.342327
30
0.0
0
VERTEX
8
0
10
-2.518721
20
25.248815
30
0.0
0
VERTEX
8
0
10
-2.618318
20
25.156491
30
0.0
0
VERTEX
8
0
10
-2.728158
20
25.066686
30
0.0
0
VERTEX
8
0
10
-2.847803
20
24.980686
30
0.0
0
VERTEX
8
0
10
-2.976653
20
24.899710
30
0.0
0
VERTEX
8
0
10
-3.113957
20
24.824892
30
0.0
0
VERTEX
8
0
10
-3.258827
20
24.757259
30
0.0
0
VERTEX
8
0
10
-3.410253
20
24.697721
30
0.0
0
VERTEX
8
0
10
-3.567113
20
24.647047
30
0.0
0
VERTEX
8
0
10
-3.728201
20
24.605861
30
0.0
0
VERTEX
8
0
10
-3.892238
20
24.574627
30
0.0
0
VERTEX
8
0
10
-4.057899
20
24.553642
30
0.0
0
VERTEX
8
0
10
-4.223830
20
24.543033
30
0.0
0
VERTEX
8
0
10
-4.388672
20
24.542754
30
0.0
0
VERTEX
8
0
10
-4.551085
20
24.552586
30
0.0
0
VERTEX
8
0
10
-4.709764
20
24.572141
30
0.0
0
VERTEX
8
0
10
-4.863469
20
24.600868
30
0.0
0
VERTEX
8
0
10
-5.011035
20
24.638064
30
0.0
0
VERTEX
8
0
10
-5.151399
20
24.682883
30
0.0
0
VERTEX
8
0
10
-5.283615
20
24.734349
30
0.0
0
VERTEX
8
0
10
-5.406867
20
24.791378
30
0.0
0
VERTEX
8
0
10
-5.520484
20
24.852785
30
0.0
0
VERTEX
8
0
10
-5.623952
20
24.917315
30
0.0
0
VERTEX
8
0
10
-5.716920
20
24.983654
30
0.0
0
VERTEX
8
0
10
-5.799209
20
25.050457
30
0.0
0
VERTEX
8
0
10
-5.870810
20
25.116365
30
0.0
0
VERTEX
8
0
10
-5.931889
20
25.180030
30
0.0
0
VERTEX
8
0
10
-5.982782
20
25.240137
30
0.0
0
VERTEX
8
0
10
-6.023989
20
25.295422
30
0.0
0
VERTEX
8
0
10
-6.056167
20
25.344698
30
0.0
0
VERTEX
8
0
10
-6.080120
20
25.386869
30
0.0
0
VERTEX
8
0
10
-6.096782
20
25.420953
30
0.0
0
VERTEX
8
0
10
-6.107207
20
25.446093
30
0.0
0
VERTEX
8
0
10
-6.112550
20
25.461573
30
0.0
0
VERTEX
8
0
10
-6.114045
20
25.466831
30
0.0
0
VERTEX
8
0
10
-6.115641
20
25.472352
30
0.0
0
VERTEX
8
0
10
-6.121423
20
25.488568
30
0.0
0
VERTEX
8
0
10
-6.132820
20
25.514810
30
0.0
0
VERTEX
8
0
10
-6.151157
20
25.550227
30
0.0
0
VERTEX
8
0
10
-6.177637
20
25.593796
30
0.0
0
VERTEX
8
0
10
-6.213311
20
25.644343
30
0.0
0
VERTEX
8
0
10
-6.259067
20
25.700563
30
0.0
0
VERTEX
8
0
10
-6.315607
20
25.761044
30
0.0
0
VERTEX
8
0
10
-6.383442
20
25.824294
30
0.0
0
VERTEX
8
0
10
-6.462876
20
25.888764
30
0.0
0
VERTEX
8
0
10
-6.554002
20
25.952880
30
0.0
0
VERTEX
8
0
10
-6.656704
20
26.015069
30
0.0
0
VERTEX
8
0
10
-6.770656
20
26.073786
30
0.0
0
VERTEX
8
0
10
-6.895328
20
26.127545
30
0.0
0
VERTEX
8
0
10
-7.029994
20
26.174945
30
0.0
0
VERTEX
8
0
10
-7.173751
20
26.214692
30
0.0
0
VERTEX
8
0
10
-7.325528
20
26.245625
30
0.0
0
VERTEX
8
0
10
-7.484109
20
26.266740
30
0.0
0
VERTEX
8
0
10
-7.648154
20
26.277199
30
0.0
0
VERTEX
8
0
10
-7.816225
20
26.276355
30
0.0
0
VERTEX
8
0
10
-7.986808
20
26.263757
30
0.0
0
VERTEX
8
0
10
-8.158343
20
26.239161
30
0.0
0
VERTEX
8
0
10
-8.329253
20
26.202534
30
0.0
0
VERTEX
8
0
10
-8.497967
20
26.154054
30
0.0
0
VERTEX
8
0
10
-8.662956
20
26.094107
30
0.0
0
VERTEX
8
0
10
-8.822753
20
26.023281
30
0.0
0
VERTEX
8
0
10
-8.975986
20
25.942354
30
0.0
0
VERTEX
8
0
10
-9.121395
20
25.852279
30
0.0
0
VERTEX
8
0
10
-9.257863
20
25.754173
30
0.0
0
VERTEX
8
0
10
-9.384431
20
25.649287
30
0.0
0
VERTEX
8
0
10
-9.500315
20
25.538994
30
0.0
0
VERTEX
8
0
10
-9.604922
20
25.424756
30
0.0
0
VERTEX
8
0
10
-9.697862
20
25.308102
30
0.0
0
VERTEX
8
0
10
-9.778948
20
25.190600
30
0.0
0
VERTEX
8
0
10
-9.848211
20
25.073828
30
0.0
0
VERTEX
8
0
10
-9.905887
20
24.959346
30
0.0
0
VERTEX
8
0
10
-9.952421
20
24.848667
30
0.0
0
VERTEX
8
0
10
-9.988457
20
24.743233
30
0.0
0
VERTEX
8
0
10
-10.014826
20
24.644386
30
0.0
0
VERTEX
8
0
10
-10.032528
20
24.553343
30
0.0
0
VERTEX
8
0
10
-10.042720
20
24.471179
30
0.0
0
VERTEX
8
0
10
-10.046692
20
24.398802
30
0.0
0
VERTEX
8
0
10
-10.045843
20
24.336940
30
0.0
0
VERTEX
8
0
10
-10.041656
20
24.286128
30
0.0
0
VERTEX
8
0
10
-10.035674
20
24.246696
30
0.0
0
VERTEX
8
0
10
-10.029469
20
24.218767
30
0.0
0
VERTEX
8
0
10
-10.024615
20
24.202250
30
0.0
0
VERTEX
8
0
10
-10.022661
20
24.196845
30
0.0
0
VERTEX
8
0
10
-10.020780
20
24.191712
30
0.0
0
VERTEX
8
0
10
-10.016004
20
24.176048
30
0.0
0
VERTEX
8
0
10
-10.009661
20
24.149581
30
0.0
0
VERTEX
8
0
10
-10.003107
20
24.112213
30
0.0
0
VERTEX
8
0
10
-9.997697
20
24.064017
30
0.0
0
VERTEX
8
0
10
-9.994766
20
24.005238
30
0.0
0
VERTEX
8
0
10
-9.995608
20
23.936290
30
0.0
0
VERTEX
8
0
10
-10.001451
20
23.857749
30
0.0
0
VERTEX
8
0
10
-10.013444
20
23.770342
30
0.0
0
VERTEX
8
0
10
-10.032631
20
23.674935
30
0.0
0
VERTEX
8
0
10
-10.059938
20
23.572522
30
0.0
0
VERTEX
8
0
10
-10.096158
20
23.464207
30
0.0
0
VERTEX
8
0
10
-10.141936
20
23.351184
30
0.0
0
VERTEX
8
0
10
-10.197759
20
23.234722
30
0.0
0
VERTEX
8
0
10
-10.263951
20
23.116140
30
0.0
0
VERTEX
8
0
10
-10.340665
20
22.996788
30
0.0
0
VERTEX
8
0
10
-10.427878
20
22.878025
30
0.0
0
VERTEX
8
0
10
-10.525399
20
22.761195
30
0.0
0
VERTEX
8
0
10
-10.632862
20
22.647609
30
0.0
0
VERTEX
8
0
10
-10.749743
20
22.538520
30
0.0
0
VERTEX
8
0
10
-10.875358
20
22.435102
30
0.0
0
VERTEX
8
0
10
-11.008883
20
22.338436
30
0.0
0
VERTEX
8
0
10
-11.149359
20
22.249487
30
0.0
0
VERTEX
8
0
10
-11.295716
20
22.169091
30
0.0
0
VERTEX
8
0
10
-11.446784
20
22.097941
30
0.0
0
VERTEX
8
0
10
-11.601316
20
22.036576
30
0.0
0
VERTEX
8
0
10
-11.758004
20
21.985372
30
0.0
0
VERTEX
8
0
10
-11.915505
20
21.944534
30
0.0
0
VERTEX
8
0
10
-12.072461
20
21.914097
30
0.0
0
VERTEX
8
0
10
-12.227520
20
21.893921
30
0.0
0
VERTEX
8
0
10
-12.379358
20
21.883696
30
0.0
0
VERTEX
8
0
10
-12.526702
20
21.882946
30
0.0
0
VERTEX
8
0
10
-12.668351
20
21.891037
30
0.0
0
VERTEX
8
0
10
-12.803193
20
21.907187
30
0.0
0
VERTEX
8
0
10
-12.930225
20
21.930480
30
0.0
0
VERTEX
8
0
10
-13.048570
20
21.959878
30
0.0
0
VERTEX
8
0
10
-13.157488
20
21.994242
30
0.0
0
VERTEX
8
0
10
-13.256392
20
22.032347
30
0.0
0
VERTEX
8
0
10
-13.344856
20
22.072903
30
0.0
0
VERTEX
8
0
10
-13.422619
20
22.114577
30
0.0
0
VERTEX
8
0
10
-13.489595
20
22.156015
30
0.0
0
VERTEX
8
0
10
-13.545869
20
22.195861
30
0.0
0
VERTEX
8
0
10
-13.591700
20
22.232781
30
0.0
0
VERTEX
8
0
10
-13.627511
20
22.265487
30
0.0
0
VERTEX
8
0
10
-13.653890
20
22.292754
30
0.0
0
VERTEX
8
0
10
-13.671574
20
22.313442
30
0.0
0
VERTEX
8
0
10
-13.681439
20
22.326513
30
0.0
0
VERTEX
8
0
10
-13.684486
20
22.331052
30
0.0
0
VERTEX
8
0
10
-13.687710
20
22.335809
30
0.0
0
VERTEX
8
0
10
-13.698220
20
22.349445
30
0.0
0
VERTEX
8
0
10
-13.717168
20
22.370881
30
0.0
0
VERTEX
8
0
10
-13.745553
20
22.398898
30
0.0
0
VERTEX
8
0
10
-13.784200
20
22.432152
30
0.0
0
VERTEX
8
0
10
-13.833748
20
22.469201
30
0.0
0
VERTEX
8
0
10
-13.894637
20
22.508530
30
0.0
0
VERTEX
8
0
10
-13.967100
20
22.548579
30
0.0
0
VERTEX
8
0
10
-14.051160
20
22.587771
30
0.0
0
VERTEX
8
0
10
-14.146628
20
22.624539
30
0.0
0
VERTEX
8
0
10
-14.253108
20
22.657358
30
0.0
0
VERTEX
8
0
10
-14.370001
20
22.684766
30
0.0
0
VERTEX
8
0
10
-14.496520
20
22.705396
30
0.0
0
VERTEX
8
0
10
-14.631702
20
22.717999
30
0.0
0
VERTEX
8
0
10
-14.774425
20
22.721464
30
0.0
0
VERTEX
8
0
10
-14.923428
20
22.714842
30
0.0
0
VERTEX
8
0
10
-15.077335
20
22.697360
30
0.0
0
VERTEX
8
0
10
-15.234679
20
22.668437
30
0.0
0
VERTEX
8
0
10
-15.393928
20
22.627692
30
0.0
0
VERTEX
8
0
10
-15.553512
20
22.574952
30
0.0
0
VERTEX
8
0
10
-15.711853
20
22.510258
30
0.0
0
VERTEX
8
0
10
-15.867392
20
22.433858
30
0.0
0
VERTEX
8
0
10
-16.018619
20
22.346210
30
0.0
0
VERTEX
8
0
10
-16.164094
20
22.247967
30
0.0
0
VERTEX
8
0
10
-16.302483
20
22.139970
30
0.0
0
VERTEX
8
0
10
-16.432573
20
22.023230
30
0.0
0
VERTEX
8
0
10
-16.553298
20
21.898912
30
0.0
0
VERTEX
8
0
10
-16.663756
20
21.768313
30
0.0
0
VERTEX
8
0
10
-16.763228
20
21.632837
30
0.0
0
VERTEX
8
0
10
-16.851190
20
21.493973
30
0.0
0
VERTEX
8
0
10
-16.927320
20
21.353268
30
0.0
0
VERTEX
8
0
10
-16.991506
20
21.212296
30
0.0
0
VERTEX
8
0
10
-17.043848
20
21.072632
30
0.0
0
VERTEX
8
0
10
-17.084656
20
20.935823
30
0.0
0
VERTEX
8
0
10
-17.114444
20
20.803363
30
0.0
0
VERTEX
8
0
10
-17.133920
20
20.676661
30
0.0
0
VERTEX
8
0
10
-17.143975
20
20.557019
30
0.0
0
VERTEX
8
0
10
-17.145667
20
20.445610
30
0.0
0
VERTEX
8
0
10
-17.140199
20
20.343452
30
0.0
0
VERTEX
8
0
10
-17.128901
20
20.251395
30
0.0
0
VERTEX
8
0
10
-17.113205
20
20.170103
30
0.0
0
VERTEX
8
0
10
-17.094617
20
20.100041
30
0.0
0
VERTEX
8
0
10
-17.074692
20
20.041469
30
0.0
0
VERTEX
8
0
10
-17.055009
20
19.994437
30
0.0
0
VERTEX
8
0
10
-17.037134
20
19.958784
30
0.0
0
VERTEX
8
0
10
-17.022602
20
19.934140
30
0.0
0
VERTEX
8
0
10
-17.012882
20
19.919931
30
0.0
0
VERTEX
8
0
10
-17.009354
20
19.915394
30
0.0
0
VERTEX
8
0
10
-17.005979
20
19.911094
30
0.0
0
VERTEX
8
0
10
-16.996595
20
19.897672
30
0.0
0
VERTEX
8
0
10
-16.982385
20
19.874461
30
0.0
0
VERTEX
8
0
10
-16.964604
20
19.840947
30
0.0
0
VERTEX
8
0
10
-16.944565
20
19.796782
30
0.0
0
VERTEX
8
0
10
-16.923614
20
19.741785
30
0.0
0
VERTEX
8
0
10
-16.903108
20
19.675952
30
0.0
0
VERTEX
8
0
10
-16.884395
20
19.599450
30
0.0
0
VERTEX
8
0
10
-16.868791
20
19.512614
30
0.0
0
VERTEX
8
0
10
-16.857556
20
19.415948
30
0.0
0
VERTEX
8
0
10
-16.851880
20
19.310109
30
0.0
0
VERTEX
8
0
10
-16.852855
20
19.195903
30
0.0
0
VERTEX
8
0
10
-16.861467
20
19.074266
30
0.0
0
VERTEX
8
0
10
-16.878569
20
18.946253
30
0.0
0
VERTEX
8
0
10
-16.904878
20
18.813020
30
0.0
0
VERTEX
8
0
10
-16.940955
20
18.675804
30
0.0
0
VERTEX
8
0
10
-16.987200
20
18.535903
30
0.0
0
VERTEX
8
0
10
-17.043845
20
18.394656
30
0.0
0
VERTEX
8
0
10
-17.110949
20
18.253421
30
0.0
0
VERTEX
8
0
10
-17.188399
20
18.113553
30
0.0
0
VERTEX
8
0
10
-17.275908
20
17.976380
30
0.0
0
VERTEX
8
0
10
-17.373026
20
17.843183
30
0.0
0
VERTEX
8
0
10
-17.479140
20
17.715178
30
0.0
0
VERTEX
8
0
10
-17.593490
20
17.593490
30
0.0
0
VERTEX
8
0
10
-17.715178
20
17.479140
30
0.0
0
VERTEX
8
0
10
-17.843183
20
17.373026
30
0.0
0
VERTEX
8
0
10
-17.976380
20
17.275908
30
0.0
0
VERTEX
8
0
10
-18.113553
20
17.188399
30
0.0
0
VERTEX
8
0
10
-18.253421
20
17.110949
30
0.0
0
VERTEX
8
0
10
-18.394656
20
17.043845
30
0.0
0
VERTEX
8
0
10
-18.535903
20
16.987200
30
0.0
0
VERTEX
8
0
10
-18.675804
20
16.940955
30
0.0
0
VERTEX
8
0
10
-18.813020
20
16.904878
30
0.0
0
VERTEX
8
0
10
-18.946253
20
16.878569
30
0.0
0
VERTEX
8
0
10
-19.074266
20
16.861467
30
0.0
0
VERTEX
8
0
10
-19.195903
20
16.852855
30
0.0
0
VERTEX
8
0
10
-19.310109
20
16.851880
30
0.0
0
VERTEX
8
0
10
-19.415948
20
16.857556
30
0.0
0
VERTEX
8
0
10
-19.512614
20
16.868791
30
0.0
0
VERTEX
8
0
10
-19.599450
20
16.884395
30
0.0
0
VERTEX
8
0
10
-19.675952
20
16.903108
30
0.0
0
VERTEX
8
0
10
-19.741785
20
16.923614
30
0.0
0
VERTEX
8
0
10
-19.796782
20
16.944565
30
0.0
0
VERTEX
8
0
10
-19.840947
20
16.964604
30
0.0
0
VERTEX
8
0
10
-19.874461
20
16.982385
30
0.0
0
VERTEX
8
0
10
-19.897672
20
16.996595
30
0.0
0
VERTEX
8
0
10
-19.911094
20
17.005979
30
0.0
0
VERTEX
8
0
10
-19.915394
20
17.009354
30
0.0
0
VERTEX
8
0
10
-19.919931
20
17.012882
30
0.0
0
VERTEX
8
0
10
-19.934140
20
17.022602
30
0.0
0
VERTEX
8
0
10
-19.958784
20
17.037134
30
0.0
0
VERTEX
8
0
10
-19.994437
20
17.055009
30
0.0
0
VERTEX
8
0
10
-20.041469
20
17.074692
30
0.0
0
VERTEX
8
0
10
-20.100041
20
17.094617
30
0.0
0
VERTEX
8
0
10
-20.170103
20
17.113205
30
0.0
0
VERTEX
8
0
10
-20.251395
20
17.128901
30
0.0
0
VERTEX
8
0
10
-20.343452
20
17.140199
30
0.0
0
VERTEX
8
0
10
-20.445610
20
17.145667
30
0.0
0
VERTEX
8
0
10
-20.557019
20
17.143975
30
0.0
0
VERTEX
8
0
10
-20.676661
20
17.133920
30
0.0
0
VERTEX
8
0
10
-20.803363
20
17.114444
30
0.0
0
VERTEX
8
0
10
-20.935823
20
17.084656
30
0.0
0
VERTEX
8
0
10
-21.072632
20
17.043848
30
0.0
0
VERTEX
8
0
10
-21.212296
20
16.991506
30
0.0
0
VERTEX
8
0
10
-21.353268
20
16.927320
30
0.0
0
VERTEX
8
0
10
-21.493973
20
16.851190
30
0.0
0
VERTEX
8
0
10
-21.632837
20
16.763228
30
0.0
0
VERTEX
8
0
10
-21.768313
20
16.663756
30
0.0
0
VERTEX
8
0
10
-21.898912
20
16.553298
30
0.0
0
VERTEX
8
0
10
-22.023230
20
16.432573
30
0.0
0
VERTEX
8
0
10
-22.139970
20
16.302483
30
0.0
0
VERTEX
8
0
10
-22.247967
20
16.164094
30
0.0
0
VERTEX
8
0
10
-22.346210
20
16.018619
30
0.0
0
VERTEX
8
0
10
-22.433858
20
15.867392
30
0.0
0
VERTEX
8
0
10
-22.510258
20
15.711853
30
0.0
0
VERTEX
8
0
10
-22.574952
20
15.553512
30
0.0
0
VERTEX
8
0
10
-22.627692
20
15.393928
30
0.0
0
VERTEX
8
0
10
-22.668437
20
15.234679
30
0.0
0
VERTEX
8
0
10
-22.697360
20
15.077335
30
0.0
0
VERTEX
8
0
10
-22.714842
20
14.923428
30
0.0
0
VERTEX
8
0
10
-22.721464
20
14.774425
30
0.0
0
VERTEX
8
0
10
-22.717999
20
14.631702
30
0.0
0
VERTEX
8
0
10
-22.705396
20
14.496520
30
0.0
0
VERTEX
8
0
10
-22.684766
20
14.370001
30
0.0
0
VERTEX
8
0
10
-22.657358
20
14.253108
30
0.0
0
VERTEX
8
0
10
-22.624539
20
14.146628
30
0.0
0
VERTEX
8
0
10
-22.587771
20
14.051160
30
0.0
0
VERTEX
8
0
10
-22.548579
20
13.967100
30
0.0
0
VERTEX
8
0
10
-22.508530
20
13.894637
30
0.0
0
VERTEX
8
0
10
-22.469201
20
13.833748
30
0.0
0
VERTEX
8
0
10
-22.432152
20
13.784200
30
0.0
0
VERTEX
8
0
10
-22.398898
20
13.745553
30
0.0
0
VERTEX
8
0
10
-22.370881
20
13.717168
30
0.0
0
VERTEX
8
0
10
-22.349445
20
13.698220
30
0.0
0
VERTEX
8
0
10
-22.335809
20
13.687710
30
0.0
0
VERTEX
8
0
10
-22.331052
20
13.684486
30
0.0
0
VERTEX
8
0
10
-22.326513
20
13.681439
30
0.0
0
VERTEX
8
0
10
-22.313442
20
13.671574
30
0.0
0
VERTEX
8
0
10
-22.292754
20
13.653890
30
0.0
0
VERTEX
8
0
10
-22.265487
20
13.627511
30
0.0
0
VERTEX
8
0
10
-22.232781
20
13.591700
30
0.0
0
VERTEX
8
0
10
-22.195861
20
13.545869
30
0.0
0
VERTEX
8
0
10
-22.156015
20
13.489595
30
0.0
0
VERTEX
8
0
10
-22.114577
20
13.422619
30
0.0
0
VERTEX
8
0
10
-22.072903
20
13.344856
30
0.0
0
VERTEX
8
0
10
-22.032347
20
13.256392
30
0.0
0
VERTEX
8
0
10
-21.994242
20
13.157488
30
0.0
0
VERTEX
8
0
10
-21.959878
20
13.048570
30
0.0
0
VERTEX
8
0
10
-21.930480
20
12.930225
30
0.0
0
VERTEX
8
0
10
-21.907187
20
12.803193
30
0.0
0
VERTEX
8
0
10
-21.891037
20
12.668351
30
0.0
0
VERTEX
8
0
10
-21.882946
20
12.526702
30
0.0
0
VERTEX
8
0
10
-21.883696
20
12.379358
30
0.0
0
VERTEX
8
0
10
-21.893921
20
12.227520
30
0.0
0
VERTEX
8
0
10
-21.914097
20
12.072461
30
0.0
0
VERTEX
8
0
10
-21.944534
20
11.915505
30
0.0
0
VERTEX
8
0
10
-21.985372
20
11.758004
30
0.0
0
VERTEX
8
0
10
-22.036576
20
11.601316
30
0.0
0
VERTEX
8
0
10
-22.097941
20
11.446784
30
0.0
0
VERTEX
8
0
10
-22.169091
20
11.295716
30
0.0
0
VERTEX
8
0
10
-22.249487
20
11.149359
30
0.0
0
VERTEX
8
0
10
-22.338436
20
11.008883
30
0.0
0
VERTEX
8
0
10
-22.435102
20
10.875358
30
0.0
0
VERTEX
8
0
10
-22.538520
20
10.749743
30
0.0
0
VERTEX
8
0
10
-22.647609
20
10.632862
30
0.0
0
VERTEX
8
0
10
-22.761195
20
10.525399
30
0.0
0
VERTEX
8
0
10
-22.878025
20
10.427878
30
0.0
0
VERTEX
8
0
10
-22.996788
20
10.340665
30
0.0
0
VERTEX
8
0
10
-23.116140
20
10.263951
30
0.0
0
VERTEX
8
0
10
-23.234722
20
10.197759
30
0.0
0
VERTEX
8
0
10
-23.351184
20
10.141936
30
0.0
0
VERTEX
8
0
10
-23.464207
20
10.096158
30
0.0
0
VERTEX
8
0
10
-23.572522
20
10.059938
30
0.0
0
VERTEX
8
0
10
-23.674935
20
10.032631
30
0.0
0
VERTEX
8
0
10
-23.770342
20
10.013444
30
0.0
0
VERTEX
8
0
10
-23.857749
20
10.001451
30
0.0
0
VERTEX
8
0
10
-23.936290
20
9.995608
30
0.0
0
VERTEX
8
0
10
-24.005238
20
9.994766
30
0.0
0
VERTEX
8
0
10
-24.064017
20
9.997697
30
0.0
0
VERTEX
8
0
10
-24.112213
20
10.003107
30
0.0
0
VERTEX
8
0
10
-24.149581
20
10.009661
30
0.0
0
VERTEX
8
0
10
-24.176048
20
10.016004
30
0.0
0
VERTEX
8
0
10
-24.191712
20
10.020780
30
0.0
0
VERTEX
8
0
10
-24.196845
20
10.022661
30
0.0
0
VERTEX
8
0
10
-24.202250
20
10.024615
30
0.0
0
VERTEX
8
0
10
-24.218767
20
10.029469
30
0.0
0
VERTEX
8
0
10
-24.246696
20
10.035674
30
0.0
0
VERTEX
8
0
10
-24.286128
20
10.041656
30
0.0
0
VERTEX
8
0
10
-24.336940
20
10.045843
30
0.0
0
VERTEX
8
0
10
-24.398802
20
10.046692
30
0.0
0
VERTEX
8
0
10
-24.471179
20
10.042720
30
0.0
0
VERTEX
8
0
10
-24.553343
20
10.032528
30
0.0
0
VERTEX
8
0
10
-24.644386
20
10.014826
30
0.0
0
VERTEX
8
0
10
-24.743233
20
9.988457
30
0.0
0
VERTEX
8
0
10
-24.848667
20
9.952421
30
0.0
0
VERTEX
8
0
10
-24.959346
20
9.905887
30
0.0
0
VERTEX
8
0
10
-25.073828
20
9.848211
30
0.0
0
VERTEX
8
0
10
-25.190600
20
9.778948
30
0.0
0
VERTEX
8
0
10
-25.308102
20
9.697862
30
0.0
0
VERTEX
8
0
10
-25.424756
20
9.604922
30
0.0
0
VERTEX
8
0
10
-25.538994
20
9.500315
30
0.0
0
VERTEX
8
0
10
-25.649287
20
9.384431
30
0.0
0
VERTEX
8
0
10
-25.754173
20
9.257863
30
0.0
0
VERTEX
8
0
10
-25.852279
20
9.121395
30
0.0
0
VERTEX
8
0
10
-25.942354
20
8.975986
30
0.0
0
VERTEX
8
0
10
-26.023281
20
8.822753
30
0.0
0
VERTEX
8
0
10
-26.094107
20
8.662956
30
0.0
0
VERTEX
8
0
10
-26.154054
20
8.497967
30
0.0
0
VERTEX
8
0
10
-26.202534
20
8.329253
30
0.0
0
VERTEX
8
0
10
-26.239161
20
8.158343
30
0.0
0
VERTEX
8
0
10
-26.263757
20
7.986808
30
0.0
0
VERTEX
8
0
10
-26.276355
20
7.816225
30
0.0
0
VERTEX
8
0
10
-26.277199
20
7.648154
30
0.0
0
VERTEX
8
0
10
-26.266740
20
7.484109
30
0.0
0
VERTEX
8
0
10
-26.245625
20
7.325528
30
0.0
0
VERTEX
8
0
10
-26.214692
20
7.173751
30
0.0
0
VERTEX
8
0
10
-26.174945
20
7.029994
30
0.0
0
VERTEX
8
0
10
-26.127545
20
6.895328
30
0.0
0
VERTEX
8
0
10
-26.073786
20
6.770656
30
0.0
0
VERTEX
8
0
10
-26.015069
20
6.656704
30
0.0
0
VERTEX
8
0
10
-25.952880
20
6.554002
30
0.0
0
VERTEX
8
0
10
-25.888764
20
6.462876
30
0.0
0
VERTEX
8
0
10
-25.824294
20
6.383442
30
0.0
0
VERTEX
8
0
10
-25.761044
20
6.315607
30
0.0
0
VERTEX
8
0
10
-25.700563
20
6.259067
30
0.0
0
VERTEX
8
0
10
-25.644343
20
6.213311
30
0.0
0
VERTEX
8
0
10
-25.593796
20
6.177637
30
0.0
0
VERTEX
8
0
10
-25.550227
20
6.151157
30
0.0
0
VERTEX
8
0
10
-25.514810
20
6.132820
30
0.0
0
VERTEX
8
0
10
-25.488568
20
6.121423
30
0.0
0
VERTEX
8
0
10
-25.472352
20
6.115641
30
0.0
0
VERTEX
8
0
10
-25.466831
20
6.114045
30
0.0
0
VERTEX
8
0
10
-25.461573
20
6.112550
30
0.0
0
VERTEX
8
0
10
-25.446093
20
6.107207
30
0.0
0
VERTEX
8
0
10
-25.420953
20
6.096782
30
0.0
0
VERTEX
8
0
10
-25.386869
20
6.080120
30
0.0
0
VERTEX
8
0
10
-25.344698
20
6.056167
30
0.0
0
VERTEX
8
0
10
-25.295422
20
6.023989
30
0.0
0
VERTEX
8
0
10
-25.240137
20
5.982782
30
0.0
0
VERTEX
8
0
10
-25.180030
20
5.931889
30
0.0
0
VERTEX
8
0
10
-25.116365
20
5.870810
30
0.0
0
VERTEX
8
0
10
-25.050457
20
5.799209
30
0.0
0
VERTEX
8
0
10
-24.983654
20
5.716920
30
0.0
0
VERTEX
8
0
10
-24.917315
20
5.623952
30
0.0
0
VERTEX
8
0
10
-24.852785
20
5.520484
30
0.0
0
VERTEX
8
0
10
-24.791378
20
5.406867
30
0.0
0
VERTEX
8
0
10
-24.734349
20
5.283615
30
0.0
0
VERTEX
8
0
10
-24.682883
20
5.151399
30
0.0
0
VERTEX
8
0
10
-24.638064
20
5.011035
30
0.0
0
VERTEX
8
0
10
-24.600868
20
4.863469
30
0.0
0
VERTEX
8
0
10
-24.572141
20
4.709764
30
0.0
0
VERTEX
8
0
10
-24.552586
20
4.551085
30
0.0
0
VERTEX
8
0
10
-24.542754
20
4.388672
30
0.0
0
VERTEX
8
0
10
-24.543033
20
4.223830
30
0.0
0
VERTEX
8
0
10
-24.553642
20
4.057899
30
0.0
0
VERTEX
8
0
10
-24.574627
20
3.892238
30
0.0
0
VERTEX
8
0
10
-24.605861
20
3.728201
30
0.0
0
VERTEX
8
0
10
-24.647047
20
3.567113
30
0.0
0
VERTEX
8
0
10
-24.697721
20
3.410253
30
0.0
0
VERTEX
8
0
10
-24.757259
20
3.258827
30
0.0
0
VERTEX
8
0
10
-24.824892
20
3.113957
30
0.0
0
VERTEX
8
0
10
-24.899710
20
2.976653
30
0.0
0
VERTEX
8
0
10
-24.980686
20
2.847803
30
0.0
0
VERTEX
8
0
10
-25.066686
20
2.728158
30
0.0
0
VERTEX
8
0
10
-25.156491
20
2.618318
30
0.0
0
VERTEX
8
0
10
-25.248815
20
2.518721
30
0.0
0
VERTEX
8
0
10
-25.342327
20
2.429641
30
0.0
0
VERTEX
8
0
10
-25.435671
20
2.351178
30
0.0
0
VERTEX
8
0
10
-25.527493
20
2.283260
30
0.0
0
VERTEX
8
0
10
-25.616455
20
2.225642
30
0.0
0
VERTEX
8
0
10
-25.701263
20
2.177912
30
0.0
0
VERTEX
8
0
10
-25.780686
20
2.139495
30
0.0
0
VERTEX
8
0
10
-25.853578
20
2.109667
30
0.0
0
VERTEX
8
0
10
-25.918891
20
2.087561
30
0.0
0
VERTEX
8
0
10
-25.975698
20
2.072185
30
0.0
0
VERTEX
8
0
10
-26.023208
20
2.062437
30
0.0
0
VERTEX
8
0
10
-26.060772
20
2.057123
30
0.0
0
VERTEX
8
0
10
-26.087903
20
2.054976
30
0.0
0
VERTEX
8
0
10
-26.104277
20
2.054678
30
0.0
0
VERTEX
8
0
10
-26.109740
20
2.054881
30
0.0
0
VERTEX
8
0
10
-26.115484
20
2.055069
30
0.0
0
VERTEX
8
0
10
-26.132692
20
2.054581
30
0.0
0
VERTEX
8
0
10
-26.161172
20
2.051852
30
0.0
0
VERTEX
8
0
10
-26.200522
20
2.045356
30
0.0
0
VERTEX
8
0
10
-26.250141
20
2.033636
30
0.0
0
VERTEX
8
0
10
-26.309238
20
2.015328
30
0.0
0
VERTEX
8
0
10
-26.376845
20
1.989185
30
0.0
0
VERTEX
8
0
10
-26.451839
20
1.954101
30
0.0
0
VERTEX
8
0
10
-26.532955
20
1.909131
30
0.0
0
VERTEX
8
0
10
-26.618816
20
1.853508
30
0.0
0
VERTEX
8
0
10
-26.707954
20
1.786655
30
0.0
0
VERTEX
8
0
10
-26.798836
20
1.708196
30
0.0
0
VERTEX
8
0
10
-26.889892
20
1.617966
30
0.0
0
VERTEX
8
0
10
-26.979546
20
1.516009
30
0.0
0
VERTEX
8
0
10
-27.066240
20
1.402581
30
0.0
0
VERTEX
8
0
10
-27.148464
20
1.278142
30
0.0
0
VERTEX
8
0
10
-27.224786
20
1.143353
30
0.0
0
VERTEX
8
0
10
-27.293871
20
0.999059
30
0.0
0
VERTEX
8
0
10
-27.354511
20
0.846274
30
0.0
0
VERTEX
8
0
10
-27.405645
20
0.686169
30
0.0
0
VERTEX
8
0
10
-27.446376
20
0.520041
30
0.0
0
VERTEX
8
0
10
-27.475992
20
0.349301
30
0.0
0
VERTEX
8
0
10
-27.493972
20
0.175438
30
0.0
0
VERTEX
8
0
10
-27.500000
20
0.000000
30
0.0
0
VERTEX
8
0
10
-27.493972
20
-0.175438
30
0.0
0
VERTEX
8
0
10
-27.475992
20
-0.349301
30
0.0
0
VERTEX
8
0
10
-27.446376
20
-0.520041
30
0.0
0
VERTEX
8
0
10
-27.405645
20
-0.686169
30
0.0
0
VERTEX
8
0
10
-27.354511
20
-0.846274
30
0.0
0
VERTEX
8
0
10
-27.293871
20
-0.999059
30
0.0
0
VERTEX
8
0
10
-27.224786
20
-1.143353
30
0.0
0
VERTEX
8
0
10
-27.148464
20
-1.278142
30
0.0
0
VERTEX
8
0
10
-27.066240
20
-1.402581
30
0.0
0
VERTEX
8
0
10
-26.979546
20
-1.516009
30
0.0
0
VERTEX
8
0
10
-26.889892
20
-1.617966
30
0.0
0
VERTEX
8
0
10
-26.798836
20
-1.708196
30
0.0
0
VERTEX
8
0
10
-26.707954
20
-1.786655
30
0.0
0
VERTEX
8
0
10
-26.618816
20
-1.853508
30
0.0
0
VERTEX
8
0
10
-26.532955
20
-1.909131
30
0.0
0
VERTEX
8
0
10
-26.451839
20
-1.954101
30
0.0
0
VERTEX
8
0
10
-26.376845
20
-1.989185
30
0.0
0
VERTEX
8
0
10
-26.309238
20
-2.015328
30
0.0
0
VERTEX
8
0
10
-26.250141
20
-2.033636
30
0.0
0
VERTEX
8
0
10
-26.200522
20
-2.045356
30
0.0
0
VERTEX
8
0
10
-26.161172
20
-2.051852
30
0.0
0
VERTEX
8
0
10
-26.132692
20
-2.054581
30
0.0
0
VERTEX
8
0
10
-26.115484
20
-2.055069
30
0.0
0
VERTEX
8
0
10
-26.109740
20
-2.054881
30
0.0
0
VERTEX
8
0
10
-26.104277
20
-2.054678
30
0.0
0
VERTEX
8
0
10
-26.087903
20
-2.054976
30
0.0
0
VERTEX
8
0
10
-26.060772
20
-2.057123
30
0.0
0
VERTEX
8
0
10
-26.023208
20
-2.062437
30
0.0
0
VERTEX
8
0
10
-25.975698
20
-2.072185
30
0.0
0
VERTEX
8
0
10
-25.918891
20
-2.087561
30
0.0
0
VERTEX
8
0
10
-25.853578
20
-2.109667
30
0.0
0
VERTEX
8
0
10
-25.780686
20
-2.139495
30
0.0
0
VERTEX
8
0
10
-25.701263
20
-2.177912
30
0.0
0
VERTEX
8
0
10
-25.616455
20
-2.225642
30
0.0
0
VERTEX
8
0
10
-25.527493
20
-2.283260
30
0.0
0
VERTEX
8
0
10
-25.435671
20
-2.351178
30
0.0
0
VERTEX
8
0
10
-25.342327
20
-2.429641
30
0.0
0
VERTEX
8
0
10
-25.248815
20
-2.518721
30
0.0
0
VERTEX
8
0
10
-25.156491
20
-2.618318
30
0.0
0
VERTEX
8
0
10
-25.066686
20
-2.728158
30
0.0
0
VERTEX
8
0
10
-24.980686
20
-2.847803
30
0.0
0
VERTEX
8
0
10
-24.899710
20
-2.976653
30
0.0
0
VERTEX
8
0
10
-24.824892
20
-3.113957
30
0.0
0
VERTEX
8
0
10
-24.757259
20
-3.258827
30
0.0
0
VERTEX
8
0
10
-24.697721
20
-3.410253
30
0.0
0
VERTEX
8
0
10
-24.647047
20
-3.567113
30
0.0
0
VERTEX
8
0
10
-24.605861
20
-3.728201
30
0.0
0
VERTEX
8
0
10
-24.574627
20
-3.892238
30
0.0
0
VERTEX
8
0
10
-24.553642
20
-4.057899
30
0.0
0
VERTEX
8
0
10
-24.543033
20
-4.223830
30
0.0
0
VERTEX
8
0
10
-24.542754
20
-4.388672
30
0.0
0
VERTEX
8
0
10
-24.552586
20
-4.551085
30
0.0
0
VERTEX
8
0
10
-24.572141
20
-4.709764
30
0.0
0
VERTEX
8
0
10
-24.600868
20
-4.863469
30
0.0
0
VERTEX
8
0
10
-24.638064
20
-5.011035
30
0.0
0
VERTEX
8
0
10
-24.682883
20
-5.151399
30
0.0
0
VERTEX
8
0
10
-24.734349
20
-5.283615
30
0.0
0
VERTEX
8
0
10
-24.791378
20
-5.406867
30
0.0
0
VERTEX
8
0
10
-24.852785
20
-5.520484
30
0.0
0
VERTEX
8
0
10
-24.917315
20
-5.623952
30
0.0
0
VERTEX
8
0
10
-24.983654
20
-5.716920
30
0.0
0
VERTEX
8
0
10
-25.050457
20
-5.799209
30
0.0
0
VERTEX
8
0
10
-25.116365
20
-5.870810
30
0.0
0
VERTEX
8
0
10
-25.180030
20
-5.931889
30
0.0
0
VERTEX
8
0
10
-25.240137
20
-5.982782
30
0.0
0
VERTEX
8
0
10
-25.295422
20
-6.023989
30
0.0
0
VERTEX
8
0
10
-25.344698
20
-6.056167
30
0.0
0
VERTEX
8
0
10
-25.386869
20
-6.080120
30
0.0
0
VERTEX
8
0
10
-25.420953
20
-6.096782
30
0.0
0
VERTEX
8
0
10
-25.446093
20
-6.107207
30
0.0
0
VERTEX
8
0
10
-25.461573
20
-6.112550
30
0.0
0
VERTEX
8
0
10
-25.466831
20
-6.114045
30
0.0
0
VERTEX
8
0
10
-25.472352
20
-6.115641
30
0.0
0
VERTEX
8
0
10
-25.488568
20
-6.121423
30
0.0
0
VERTEX
8
0
10
-25.514810
20
-6.132820
30
0.0
0
VERTEX
8
0
10
-25.550227
20
-6.151157
30
0.0
0
VERTEX
8
0
10
-25.593796
20
-6.177637
30
0.0
0
VERTEX
8
0
10
-25.644343
20
-6.213311
30
0.0
0
VERTEX
8
0
10
-25.700563
20
-6.259067
30
0.0
0
VERTEX
8
0
10
-25.761044
20
-6.315607
30
0.0
0
VERTEX
8
0
10
-25.824294
20
-6.383442
30
0.0
0
VERTEX
8
0
10
-25.888764
20
-6.462876
30
0.0
0
VERTEX
8
0
10
-25.952880
20
-6.554002
30
0.0
0
VERTEX
8
0
10
-26.015069
20
-6.656704
30
0.0
0
VERTEX
8
0
10
-26.073786
20
-6.770656
30
0.0
0
VERTEX
8
0
10
-26.127545
20
-6.895328
30
0.0
0
VERTEX
8
0
10
-26.174945
20
-7.029994
30
0.0
0
VERTEX
8
0
10
-26.214692
20
-7.173751
30
0.0
0
VERTEX
8
0
10
-26.245625
20
-7.325528
30
0.0
0
VERTEX
8
0
10
-26.266740
20
-7.484109
30
0.0
0
VERTEX
8
0
10
-26.277199
20
-7.648154
30
0.0
0
VERTEX
8
0
10
-26.276355
20
-7.816225
30
0.0
0
VERTEX
8
0
10
-26.263757
20
-7.986808
30
0.0
0
VERTEX
8
0
10
-26.239161
20
-8.158343
30
0.0
0
VERTEX
8
0
10
-26.202534
20
-8.329253
30
0.0
0
VERTEX
8
0
10
-26.154054
20
-8.497967
30
0.0
0
VERTEX
8
0
10
-26.094107
20
-8.662956
30
0.0
0
VERTEX
8
0
10
-26.023281
20
-8.822753
30
0.0
0
VERTEX
8
0
10
-25.942354
20
-8.975986
30
0.0
0
VERTEX
8
0
10
-25.852279
20
-9.121395
30
0.0
0
VERTEX
8
0
10
-25.754173
20
-9.257863
30
0.0
0
VERTEX
8
0
10
-25.649287
20
-9.384431
30
0.0
0
VERTEX
8
0
10
-25.538994
20
-9.500315
30
0.0
0
VERTEX
8
0
10
-25.424756
20
-9.604922
30
0.0
0
VERTEX
8
0
10
-25.308102
20
-9.697862
30
0.0
0
VERTEX
8
0
10
-25.190600
20
-9.778948
30
0.0
0
VERTEX
8
0
10
-25.073828
20
-9.848211
30
0.0
0
VERTEX
8
0
10
-24.959346
20
-9.905887
30
0.0
0
VERTEX
8
0
10
-24.848667
20
-9.952421
30
0.0
0
VERTEX
8
0
10
-24.743233
20
-9.988457
30
0.0
0
VERTEX
8
0
10
-24.644386
20
-10.014826
30
0.0
0
VERTEX
8
0
10
-24.553343
20
-10.032528
30
0.0
0
VERTEX
8
0
10
-24.471179
20
-10.042720
30
0.0
0
VERTEX
8
0
10
-24.398802
20
-10.046692
30
0.0
0
VERTEX
8
0
10
-24.336940
20
-10.045843
30
0.0
0
VERTEX
8
0
10
-24.286128
20
-10.041656
30
0.0
0
VERTEX
8
0
10
-24.246696
20
-10.035674
30
0.0
0
VERTEX
8
0
10
-24.218767
20
-10.029469
30
0.0
0
VERTEX
8
0
10
-24.202250
20
-10.024615
30
0.0
0
VERTEX
8
0
10
-24.196845
20
-10.022661
30
0.0
0
VERTEX
8
0
10
-24.191712
20
-10.020780
30
0.0
0
VERTEX
8
0
10
-24.176048
20
-10.016004
30
0.0
0
VERTEX
8
0
10
-24.149581
20
-10.009661
30
0.0
0
VERTEX
8
0
10
-24.112213
20
-10.003107
30
0.0
0
VERTEX
8
0
10
-24.064017
20
-9.997697
30
0.0
0
VERTEX
8
0
10
-24.005238
20
-9.994766
30
0.0
0
VERTEX
8
0
10
-23.936290
20
-9.995608
30
0.0
0
VERTEX
8
0
10
-23.857749
20
-10.001451
30
0.0
0
VERTEX
8
0
10
-23.770342
20
-10.013444
30
0.0
0
VERTEX
8
0
10
-23.674935
20
-10.032631
30
0.0
0
VERTEX
8
0
10
-23.572522
20
-10.059938
30
0.0
0
VERTEX
8
0
10
-23.464207
20
-10.096158
30
0.0
0
VERTEX
8
0
10
-23.351184
20
-10.141936
30
0.0
0
VERTEX
8
0
10
-23.234722
20
-10.197759
30
0.0
0
VERTEX
8
0
10
-23.116140
20
-10.263951
30
0.0
0
VERTEX
8
0
10
-22.996788
20
-10.340665
30
0.0
0
VERTEX
8
0
10
-22.878025
20
-10.427878
30
0.0
0
VERTEX
8
0
10
-22.761195
20
-10.525399
30
0.0
0
VERTEX
8
0
10
-22.647609
20
-10.632862
30
0.0
0
VERTEX
8
0
10
-22.538520
20
-10.749743
30
0.0
0
VERTEX
8
0
10
-22.435102
20
-10.875358
30
0.0
0
VERTEX
8
0
10
-22.338436
20
-11.008883
30
0.0
0
VERTEX
8
0
10
-22.249487
20
-11.149359
30
0.0
0
VERTEX
8
0
10
-22.169091
20
-11.295716
30
0.0
0
VERTEX
8
0
10
-22.097941
20
-11.446784
30
0.0
0
VERTEX
8
0
10
-22.036576
20
-11.601316
30
0.0
0
VERTEX
8
0
10
-21.985372
20
-11.758004
30
0.0
0
VERTEX
8
0
10
-21.944534
20
-11.915505
30
0.0
0
VERTEX
8
0
10
-21.914097
20
-12.072461
30
0.0
0
VERTEX
8
0
10
-21.893921
20
-12.227520
30
0.0
0
VERTEX
8
0
10
-21.883696
20
-12.379358
30
0.0
0
VERTEX
8
0
10
-21.882946
20
-12.526702
30
0.0
0
VERTEX
8
0
10
-21.891037
20
-12.668351
30
0.0
0
VERTEX
8
0
10
-21.907187
20
-12.803193
30
0.0
0
VERTEX
8
0
10
-21.930480
20
-12.930225
30
0.0
0
VERTEX
8
0
10
-21.959878
20
-13.048570
30
0.0
0
VERTEX
8
0
10
-21.994242
20
-13.157488
30
0.0
0
VERTEX
8
0
10
-22.032347
20
-13.256392
30
0.0
0
VERTEX
8
0
10
-22.072903
20
-13.344856
30
0.0
0
VERTEX
8
0
10
-22.114577
20
-13.422619
30
0.0
0
VERTEX
8
0
10
-22.156015
20
-13.489595
30
0.0
0
VERTEX
8
0
10
-22.195861
20
-13.545869
30
0.0
0
VERTEX
8
0
10
-22.232781
20
-13.591700
30
0.0
0
VERTEX
8
0
10
-22.265487
20
-13.627511
30
0.0
0
VERTEX
8
0
10
-22.292754
20
-13.653890
30
0.0
0
VERTEX
8
0
10
-22.313442
20
-13.671574
30
0.0
0
VERTEX
8
0
10
-22.326513
20
-13.681439
30
0.0
0
VERTEX
8
0
10
-22.331052
20
-13.684486
30
0.0
0
VERTEX
8
0
10
-22.335809
20
-13.687710
30
0.0
0
VERTEX
8
0
10
-22.349445
20
-13.698220
30
0.0
0
VERTEX
8
0
10
-22.370881
20
-13.717168
30
0.0
0
VERTEX
8
0
10
-22.398898
20
-13.745553
30
0.0
0
VERTEX
8
0
10
-22.432152
20
-13.784200
30
0.0
0
VERTEX
8
0
10
-22.469201
20
-13.833748
30
0.0
0
VERTEX
8
0
10
-22.508530
20
-13.894637
30
0.0
0
VERTEX
8
0
10
-22.548579
20
-13.967100
30
0.0
0
VERTEX
8
0
10
-22.587771
20
-14.051160
30
0.0
0
VERTEX
8
0
10
-22.624539
20
-14.146628
30
0.0
0
VERTEX
8
0
10
-22.657358
20
-14.253108
30
0.0
0
VERTEX
8
0
10
-22.684766
20
-14.370001
30
0.0
0
VERTEX
8
0
10
-22.705396
20
-14.496520
30
0.0
0
VERTEX
8
0
10
-22.717999
20
-14.631702
30
0.0
0
VERTEX
8
0
10
-22.721464
20
-14.774425
30
0.0
0
VERTEX
8
0
10
-22.714842
20
-14.923428
30
0.0
0
VERTEX
8
0
10
-22.697360
20
-15.077335
30
0.0
0
VERTEX
8
0
10
-22.668437
20
-15.234679
30
0.0
0
VERTEX
8
0
10
-22.627692
20
-15.393928
30
0.0
0
VERTEX
8
0
10
-22.574952
20
-15.553512
30
0.0
0
VERTEX
8
0
10
-22.510258
20
-15.711853
30
0.0
0
VERTEX
8
0
10
-22.433858
20
-15.867392
30
0.0
0
VERTEX
8
0
10
-22.346210
20
-16.018619
30
0.0
0
VERTEX
8
0
10
-22.247967
20
-16.164094
30
0.0
0
VERTEX
8
0
10
-22.139970
20
-16.302483
30
0.0
0
VERTEX
8
0
10
-22.023230
20
-16.432573
30
0.0
0
VERTEX
8
0
10
-21.898912
20
-16.553298
30
0.0
0
VERTEX
8
0
10
-21.768313
20
-16.663756
30
0.0
0
VERTEX
8
0
10
-21.632837
20
-16.763228
30
0.0
0
VERTEX
8
0
10
-21.493973
20
-16.851190
30
0.0
0
VERTEX
8
0
10
-21.353268
20
-16.927320
30
0.0
0
VERTEX
8
0
10
-21.212296
20
-16.991506
30
0.0
0
VERTEX
8
0
10
-21.072632
20
-17.043848
30
0.0
0
VERTEX
8
0
10
-20.935823
20
-17.084656
30
0.0
0
VERTEX
8
0
10
-20.803363
20
-17.114444
30
0.0
0
VERTEX
8
0
10
-20.676661
20
-17.133920
30
0.0
0
VERTEX
8
0
10
-20.557019
20
-17.143975
30
0.0
0
VERTEX
8
0
10
-20.445610
20
-17.145667
30
0.0
0
VERTEX
8
0
10
-20.343452
20
-17.140199
30
0.0
0
VERTEX
8
0
10
-20.251395
20
-17.128901
30
0.0
0
VERTEX
8
0
10
-20.170103
20
-17.113205
30
0.0
0
VERTEX
8
0
10
-20.100041
20
-17.094617
30
0.0
0
VERTEX
8
0
10
-20.041469
20
-17.074692
30
0.0
0
VERTEX
8
0
10
-19.994437
20
-17.055009
30
0.0
0
VERTEX
8
0
10
-19.958784
20
-17.037134
30
0.0
0
VERTEX
8
0
10
-19.934140
20
-17.022602
30
0.0
0
VERTEX
8
0
10
-19.919931
20
-17.012882
30
0.0
0
VERTEX
8
0
10
-19.915394
20
-17.009354
30
0.0
0
VERTEX
8
0
10
-19.911094
20
-17.005979
30
0.0
0
VERTEX
8
0
10
-19.897672
20
-16.996595
30
0.0
0
VERTEX
8
0
10
-19.874461
20
-16.982385
30
0.0
0
VERTEX
8
0
10
-19.840947
20
-16.964604
30
0.0
0
VERTEX
8
0
10
-19.796782
20
-16.944565
30
0.0
0
VERTEX
8
0
10
-19.741785
20
-16.923614
30
0.0
0
VERTEX
8
0
10
-19.675952
20
-16.903108
30
0.0
0
VERTEX
8
0
10
-19.599450
20
-16.884395
30
0.0
0
VERTEX
8
0
10
-19.512614
20
-16.868791
30
0.0
0
VERTEX
8
0
10
-19.415948
20
-16.857556
30
0.0
0
VERTEX
8
0
10
-19.310109
20
-16.851880
30
0.0
0
VERTEX
8
0
10
-19.195903
20
-16.852855
30
0.0
0
VERTEX
8
0
10
-19.074266
20
-16.861467
30
0.0
0
VERTEX
8
0
10
-18.946253
20
-16.878569
30
0.0
0
VERTEX
8
0
10
-18.813020
20
-16.904878
30
0.0
0
VERTEX
8
0
10
-18.675804
20
-16.940955
30
0.0
0
VERTEX
8
0
10
-18.535903
20
-16.987200
30
0.0
0
VERTEX
8
0
10
-18.394656
20
-17.043845
30
0.0
0
VERTEX
8
0
10
-18.253421
20
-17.110949
30
0.0
0
VERTEX
8
0
10
-18.113553
20
-17.188399
30
0.0
0
VERTEX
8
0
10
-17.976380
20
-17.275908
30
0.0
0
VERTEX
8
0
10
-17.843183
20
-17.373026
30
0.0
0
VERTEX
8
0
10
-17.715178
20
-17.479140
30
0.0
0
VERTEX
8
0
10
-17.593490
20
-17.593490
30
0.0
0
VERTEX
8
0
10
-17.479140
20
-17.715178
30
0.0
0
VERTEX
8
0
10
-17.373026
20
-17.843183
30
0.0
0
VERTEX
8
0
10
-17.275908
20
-17.976380
30
0.0
0
VERTEX
8
0
10
-17.188399
20
-18.113553
30
0.0
0
VERTEX
8
0
10
-17.110949
20
-18.253421
30
0.0
0
VERTEX
8
0
10
-17.043845
20
-18.394656
30
0.0
0
VERTEX
8
0
10
-16.987200
20
-18.535903
30
0.0
0
VERTEX
8
0
10
-16.940955
20
-18.675804
30
0.0
0
VERTEX
8
0
10
-16.904878
20
-18.813020
30
0.0
0
VERTEX
8
0
10
-16.878569
20
-18.946253
30
0.0
0
VERTEX
8
0
10
-16.861467
20
-19.074266
30
0.0
0
VERTEX
8
0
10
-16.852855
20
-19.195903
30
0.0
0
VERTEX
8
0
10
-16.851880
20
-19.310109
30
0.0
0
VERTEX
8
0
10
-16.857556
20
-19.415948
30
0.0
0
VERTEX
8
0
10
-16.868791
20
-19.512614
30
0.0
0
VERTEX
8
0
10
-16.884395
20
-19.599450
30
0.0
0
VERTEX
8
0
10
-16.903108
20
-19.675952
30
0.0
0
VERTEX
8
0
10
-16.923614
20
-19.741785
30
0.0
0
VERTEX
8
0
10
-16.944565
20
-19.796782
30
0.0
0
VERTEX
8
0
10
-16.964604
20
-19.840947
30
0.0
0
VERTEX
8
0
10
-16.982385
20
-19.874461
30
0.0
0
VERTEX
8
0
10
-16.996595
20
-19.897672
30
0.0
0
VERTEX
8
0
10
-17.005979
20
-19.911094
30
0.0
0
VERTEX
8
0
10
-17.009354
20
-19.915394
30
0.0
0
VERTEX
8
0
10
-17.012882
20
-19.919931
30
0.0
0
VERTEX
8
0
10
-17.022602
20
-19.934140
30
0.0
0
VERTEX
8
0
10
-17.037134
20
-19.958784
30
0.0
0
VERTEX
8
0
10
-17.055009
20
-19.994437
30
0.0
0
VERTEX
8
0
10
-17.074692
20
-20.041469
30
0.0
0
VERTEX
8
0
10
-17.094617
20
-20.100041
30
0.0
0
VERTEX
8
0
10
-17.113205
20
-20.170103
30
0.0
0
VERTEX
8
0
10
-17.128901
20
-20.251395
30
0.0
0
VERTEX
8
0
10
-17.140199
20
-20.343452
30
0.0
0
VERTEX
8
0
10
-17.145667
20
-20.445610
30
0.0
0
VERTEX
8
0
10
-17.143975
20
-20.557019
30
0.0
0
VERTEX
8
0
10
-17.133920
20
-20.676661
30
0.0
0
VERTEX
8
0
10
-17.114444
20
-20.803363
30
0.0
0
VERTEX
8
0
10
-17.084656
20
-20.935823
30
0.0
0
VERTEX
8
0
10
-17.043848
20
-21.072632
30
0.0
0
VERTEX
8
0
10
-16.991506
20
-21.212296
30
0.0
0
VERTEX
8
0
10
-16.927320
20
-21.353268
30
0.0
0
VERTEX
8
0
10
-16.851190
20
-21.493973
30
0.0
0
VERTEX
8
0
10
-16.763228
20
-21.632837
30
0.0
0
VERTEX
8
0
10
-16.663756
20
-21.768313
30
0.0
0
VERTEX
8
0
10
-16.553298
20
-21.898912
30
0.0
0
VERTEX
8
0
10
-16.432573
20
-22.023230
30
0.0
0
VERTEX
8
0
10
-16.302483
20
-22.139970
30
0.0
0
VERTEX
8
0
10
-16.164094
20
-22.247967
30
0.0
0
VERTEX
8
0
10
-16.018619
20
-22.346210
30
0.0
0
VERTEX
8
0
10
-15.867392
20
-22.433858
30
0.0
0
VERTEX
8
0
10
-15.711853
20
-22.510258
30
0.0
0
VERTEX
8
0
10
-15.553512
20
-22.574952
30
0.0
0
VERTEX
8
0
10
-15.393928
20
-22.627692
30
0.0
0
VERTEX
8
0
10
-15.234679
20
-22.668437
30
0.0
0
VERTEX
8
0
10
-15.077335
20
-22.697360
30
0.0
0
VERTEX
8
0
10
-14.923428
20
-22.714842
30
0.0
0
VERTEX
8
0
10
-14.774425
20
-22.721464
30
0.0
0
VERTEX
8
0
10
-14.631702
20
-22.717999
30
0.0
0
VERTEX
8
0
10
-14.496520
20
-22.705396
30
0.0
0
VERTEX
8
0
10
-14.370001
20
-22.684766
30
0.0
0
VERTEX
8
0
10
-14.253108
20
-22.657358
30
0.0
0
VERTEX
8
0
10
-14.146628
20
-22.624539
30
0.0
0
VERTEX
8
0
10
-14.051160
20
-22.587771
30
0.0
0
VERTEX
8
0
10
-13.967100
20
-22.548579
30
0.0
0
VERTEX
8
0
10
-13.894637
20
-22.508530
30
0.0
0
VERTEX
8
0
10
-13.833748
20
-22.469201
30
0.0
0
VERTEX
8
0
10
-13.784200
20
-22.432152
30
0.0
0
VERTEX
8
0
10
-13.745553
20
-22.398898
30
0.0
0
VERTEX
8
0
10
-13.717168
20
-22.370881
30
0.0
0
VERTEX
8
0
10
-13.698220
20
-22.349445
30
0.0
0
VERTEX
8
0
10
-13.687710
20
-22.335809
30
0.0
0
VERTEX
8
0
10
-13.684486
20
-22.331052
30
0.0
0
VERTEX
8
0
10
-13.681439
20
-22.326513
30
0.0
0
VERTEX
8
0
10
-13.671574
20
-22.313442
30
0.0
0
VERTEX
8
0
10
-13.653890
20
-22.292754
30
0.0
0
VERTEX
8
0
10
-13.627511
20
-22.265487
30
0.0
0
VERTEX
8
0
10
-13.591700
20
-22.232781
30
0.0
0
VERTEX
8
0
10
-13.545869
20
-22.195861
30
0.0
0
VERTEX
8
0
10
-13.489595
20
-22.156015
30
0.0
0
VERTEX
8
0
10
-13.422619
20
-22.114577
30
0.0
0
VERTEX
8
0
10
-13.344856
20
-22.072903
30
0.0
0
VERTEX
8
0
10
-13.256392
20
-22.032347
30
0.0
0
VERTEX
8
0
10
-13.157488
20
-21.994242
30
0.0
0
VERTEX
8
0
10
-13.048570
20
-21.959878
30
0.0
0
VERTEX
8
0
10
-12.930225
20
-21.930480
30
0.0
0
VERTEX
8
0
10
-12.803193
20
-21.907187
30
0.0
0
VERTEX
8
0
10
-12.668351
20
-21.891037
30
0.0
0
VERTEX
8
0
10
-12.526702
20
-21.882946
30
0.0
0
VERTEX
8
0
10
-12.379358
20
-21.883696
30
0.0
0
VERTEX
8
0
10
-12.227520
20
-21.893921
30
0.0
0
VERTEX
8
0
10
-12.072461
20
-21.914097
30
0.0
0
VERTEX
8
0
10
-11.915505
20
-21.944534
30
0.0
0
VERTEX
8
0
10
-11.758004
20
-21.985372
30
0.0
0
VERTEX
8
0
10
-11.601316
20
-22.036576
30
0.0
0
VERTEX
8
0
10
-11.446784
20
-22.097941
30
0.0
0
VERTEX
8
0
10
-11.295716
20
-22.169091
30
0.0
0
VERTEX
8
0
10
-11.149359
20
-22.249487
30
0.0
0
VERTEX
8
0
10
-11.008883
20
-22.338436
30
0.0
0
VERTEX
8
0
10
-10.875358
20
-22.435102
30
0.0
0
VERTEX
8
0
10
-10.749743
20
-22.538520
30
0.0
0
VERTEX
8
0
10
-10.632862
20
-22.647609
30
0.0
0
VERTEX
8
0
10
-10.525399
20
-22.761195
30
0.0
0
VERTEX
8
0
10
-10.427878
20
-22.878025
30
0.0
0
VERTEX
8
0
10
-10.340665
20
-22.996788
30
0.0
0
VERTEX
8
0
10
-10.263951
20
-23.116140
30
0.0
0
VERTEX
8
0
10
-10.197759
20
-23.234722
30
0.0
0
VERTEX
8
0
10
-10.141936
20
-23.351184
30
0.0
0
VERTEX
8
0
10
-10.096158
20
-23.464207
30
0.0
0
VERTEX
8
0
10
-10.059938
20
-23.572522
30
0.0
0
VERTEX
8
0
10
-10.032631
20
-23.674935
30
0.0
0
VERTEX
8
0
10
-10.013444
20
-23.770342
30
0.0
0
VERTEX
8
0
10
-10.001451
20
-23.857749
30
0.0
0
VERTEX
8
0
10
-9.995608
20
-23.936290
30
0.0
0
VERTEX
8
0
10
-9.994766
20
-24.005238
30
0.0
0
VERTEX
8
0
10
-9.997697
20
-24.064017
30
0.0
0
VERTEX
8
0
10
-10.003107
20
-24.112213
30
0.0
0
VERTEX
8
0
10
-10.009661
20
-24.149581
30
0.0
0
VERTEX
8
0
10
-10.016004
20
-24.176048
30
0.0
0
VERTEX
8
0
10
-10.020780
20
-24.191712
30
0.0
0
VERTEX
8
0
10
-10.022661
20
-24.196845
30
0.0
0
VERTEX
8
0
10
-10.024615
20
-24.202250
30
0.0
0
VERTEX
8
0
10
-10.029469
20
-24.218767
30
0.0
0
VERTEX
8
0
10
-10.035674
20
-24.246696
30
0.0
0
VERTEX
8
0
10
-10.041656
20
-24.286128
30
0.0
0
VERTEX
8
0
10
-10.045843
20
-24.336940
30
0.0
0
VERTEX
8
0
10
-10.046692
20
-24.398802
30
0.0
0
VERTEX
8
0
10
-10.042720
20
-24.471179
30
0.0
0
VERTEX
8
0
10
-10.032528
20
-24.553343
30
0.0
0
VERTEX
8
0
10
-10.014826
20
-24.644386
30
0.0
0
VERTEX
8
0
10
-9.988457
20
-24.743233
30
0.0
0
VERTEX
8
0
10
-9.952421
20
-24.848667
30
0.0
0
VERTEX
8
0
10
-9.905887
20
-24.959346
30
0.0
0
VERTEX
8
0
10
-9.848211
20
-25.073828
30
0.0
0
VERTEX
8
0
10
-9.778948
20
-25.190600
30
0.0
0
VERTEX
8
0
10
-9.697862
20
-25.308102
30
0.0
0
VERTEX
8
0
10
-9.604922
20
-25.424756
30
0.0
0
VERTEX
8
0
10
-9.500315
20
-25.538994
30
0.0
0
VERTEX
8
0
10
-9.384431
20
-25.649287
30
0.0
0
VERTEX
8
0
10
-9.257863
20
-25.754173
30
0.0
0
VERTEX
8
0
10
-9.121395
20
-25.852279
30
0.0
0
VERTEX
8
0
10
-8.975986
20
-25.942354
30
0.0
0
VERTEX
8
0
10
-8.822753
20
-26.023281
30
0.0
0
VERTEX
8
0
10
-8.662956
20
-26.094107
30
0.0
0
VERTEX
8
0
10
-8.497967
20
-26.154054
30
0.0
0
VERTEX
8
0
10
-8.329253
20
-26.202534
30
0.0
0
VERTEX
8
0
10
-8.158343
20
-26.239161
30
0.0
0
VERTEX
8
0
10
-7.986808
20
-26.263757
30
0.0
0
VERTEX
8
0
10
-7.816225
20
-26.276355
30
0.0
0
VERTEX
8
0
10
-7.648154
20
-26.277199
30
0.0
0
VERTEX
8
0
10
-7.484109
20
-26.266740
30
0.0
0
VERTEX
8
0
10
-7.325528
20
-26.245625
30
0.0
0
VERTEX
8
0
10
-7.173751
20
-26.214692
30
0.0
0
VERTEX
8
0
10
-7.029994
20
-26.174945
30
0.0
0
VERTEX
8
0
10
-6.895328
20
-26.127545
30
0.0
0
VERTEX
8
0
10
-6.770656
20
-26.073786
30
0.0
0
VERTEX
8
0
10
-6.656704
20
-26.015069
30
0.0
0
VERTEX
8
0
10
-6.554002
20
-25.952880
30
0.0
0
VERTEX
8
0
10
-6.462876
20
-25.888764
30
0.0
0
VERTEX
8
0
10
-6.383442
20
-25.824294
30
0.0
0
VERTEX
8
0
10
-6.315607
20
-25.761044
30
0.0
0
VERTEX
8
0
10
-6.259067
20
-25.700563
30
0.0
0
VERTEX
8
0
10
-6.213311
20
-25.644343
30
0.0
0
VERTEX
8
0
10
-6.177637
20
-25.593796
30
0.0
0
VERTEX
8
0
10
-6.151157
20
-25.550227
30
0.0
0
VERTEX
8
0
10
-6.132820
20
-25.514810
30
0.0
0
VERTEX
8
0
10
-6.121423
20
-25.488568
30
0.0
0
VERTEX
8
0
10
-6.115641
20
-25.472352
30
0.0
0
VERTEX
8
0
10
-6.114045
20
-25.466831
30
0.0
0
VERTEX
8
0
10
-6.112550
20
-25.461573
30
0.0
0
VERTEX
8
0
10
-6.107207
20
-25.446093
30
0.0
0
VERTEX
8
0
10
-6.096782
20
-25.420953
30
0.0
0
VERTEX
8
0
10
-6.080120
20
-25.386869
30
0.0
0
VERTEX
8
0
10
-6.056167
20
-25.344698
30
0.0
0
VERTEX
8
0
10
-6.023989
20
-25.295422
30
0.0
0
VERTEX
8
0
10
-5.982782
20
-25.240137
30
0.0
0
VERTEX
8
0
10
-5.931889
20
-25.180030
30
0.0
0
VERTEX
8
0
10
-5.870810
20
-25.116365
30
0.0
0
VERTEX
8
0
10
-5.799209
20
-25.050457
30
0.0
0
VERTEX
8
0
10
-5.716920
20
-24.983654
30
0.0
0
VERTEX
8
0
10
-5.623952
20
-24.917315
30
0.0
0
VERTEX
8
0
10
-5.520484
20
-24.852785
30
0.0
0
VERTEX
8
0
10
-5.406867
20
-24.791378
30
0.0
0
VERTEX
8
0
10
-5.283615
20
-24.734349
30
0.0
0
VERTEX
8
0
10
-5.151399
20
-24.682883
30
0.0
0
VERTEX
8
0
10
-5.011035
20
-24.638064
30
0.0
0
VERTEX
8
0
10
-4.863469
20
-24.600868
30
0.0
0
VERTEX
8
0
10
-4.709764
20
-24.572141
30
0.0
0
VERTEX
8
0
10
-4.551085
20
-24.552586
30
0.0
0
VERTEX
8
0
10
-4.388672
20
-24.542754
30
0.0
0
VERTEX
8
0
10
-4.223830
20
-24.543033
30
0.0
0
VERTEX
8
0
10
-4.057899
20
-24.553642
30
0.0
0
VERTEX
8
0
10
-3.892238
20
-24.574627
30
0.0
0
VERTEX
8
0
10
-3.728201
20
-24.605861
30
0.0
0
VERTEX
8
0
10
-3.567113
20
-24.647047
30
0.0
0
VERTEX
8
0
10
-3.410253
20
-24.697721
30
0.0
0
VERTEX
8
0
10
-3.258827
20
-24.757259
30
0.0
0
VERTEX
8
0
10
-3.113957
20
-24.824892
30
0.0
0
VERTEX
8
0
10
-2.976653
20
-24.899710
30
0.0
0
VERTEX
8
0
10
-2.847803
20
-24.980686
30
0.0
0
VERTEX
8
0
10
-2.728158
20
-25.066686
30
0.0
0
VERTEX
8
0
10
-2.618318
20
-25.156491
30
0.0
0
VERTEX
8
0
10
-2.518721
20
-25.248815
30
0.0
0
VERTEX
8
0
10
-2.429641
20
-25.342327
30
0.0
0
VERTEX
8
0
10
-2.351178
20
-25.435671
30
0.0
0
VERTEX
8
0
10
-2.283260
20
-25.527493
30
0.0
0
VERTEX
8
0
10
-2.225642
20
-25.616455
30
0.0
0
VERTEX
8
0
10
-2.177912
20
-25.701263
30
0.0
0
VERTEX
8
0
10
-2.139495
20
-25.780686
30
0.0
0
VERTEX
8
0
10
-2.109667
20
-25.853578
30
0.0
0
VERTEX
8
0
10
-2.087561
20
-25.918891
30
0.0
0
VERTEX
8
0
10
-2.072185
20
-25.975698
30
0.0
0
VERTEX
8
0
10
-2.062437
20
-26.023208
30
0.0
0
VERTEX
8
0
10
-2.057123
20
-26.060772
30
0.0
0
VERTEX
8
0
10
-2.054976
20
-26.087903
30
0.0
0
VERTEX
8
0
10
-2.054678
20
-26.104277
30
0.0
0
VERTEX
8
0
10
-2.054881
20
-26.109740
30
0.0
0
VERTEX
8
0
10
-2.055069
20
-26.115484
30
0.0
0
VERTEX
8
0
10
-2.054581
20
-26.132692
30
0.0
0
VERTEX
8
0
10
-2.051852
20
-26.161172
30
0.0
0
VERTEX
8
0
10
-2.045356
20
-26.200522
30
0.0
0
VERTEX
8
0
10
-2.033636
20
-26.250141
30
0.0
0
VERTEX
8
0
10
-2.015328
20
-26.309238
30
0.0
0
VERTEX
8
0
10
-1.989185
20
-26.376845
30
0.0
0
VERTEX
8
0
10
-1.954101
20
-26.451839
30
0.0
0
VERTEX
8
0
10
-1.909131
20
-26.532955
30
0.0
0
VERTEX
8
0
10
-1.853508
20
-26.618816
30
0.0
0
VERTEX
8
0
10
-1.786655
20
-26.707954
30
0.0
0
VERTEX
8
0
10
-1.708196
20
-26.798836
30
0.0
0
VERTEX
8
0
10
-1.617966
20
-26.889892
30
0.0
0
VERTEX
8
0
10
-1.516009
20
-26.979546
30
0.0
0
VERTEX
8
0
10
-1.402581
20
-27.066240
30
0.0
0
VERTEX
8
0
10
-1.278142
20
-27.148464
30
0.0
0
VERTEX
8
0
10
-1.143353
20
-27.224786
30
0.0
0
VERTEX
8
0
10
-0.999059
20
-27.293871
30
0.0
0
VERTEX
8
0
10
-0.846274
20
-27.354511
30
0.0
0
VERTEX
8
0
10
-0.686169
20
-27.405645
30
0.0
0
VERTEX
8
0
10
-0.520041
20
-27.446376
30
0.0
0
VERTEX
8
0
10
-0.349301
20
-27.475992
30
0.0
0
VERTEX
8
0
10
-0.175438
20
-27.493972
30
0.0
0
VERTEX
8
0
10
-0.000000
20
-27.500000
30
0.0
0
VERTEX
8
0
10
0.175438
20
-27.493972
30
0.0
0
VERTEX
8
0
10
0.349301
20
-27.475992
30
0.0
0
VERTEX
8
0
10
0.520041
20
-27.446376
30
0.0
0
VERTEX
8
0
10
0.686169
20
-27.405645
30
0.0
0
VERTEX
8
0
10
0.846274
20
-27.354511
30
0.0
0
VERTEX
8
0
10
0.999059
20
-27.293871
30
0.0
0
VERTEX
8
0
10
1.143353
20
-27.224786
30
0.0
0
VERTEX
8
0
10
1.278142
20
-27.148464
30
0.0
0
VERTEX
8
0
10
1.402581
20
-27.066240
30
0.0
0
VERTEX
8
0
10
1.516009
20
-26.979546
30
0.0
0
VERTEX
8
0
10
1.617966
20
-26.889892
30
0.0
0
VERTEX
8
0
10
1.708196
20
-26.798836
30
0.0
0
VERTEX
8
0
10
1.786655
20
-26.707954
30
0.0
0
VERTEX
8
0
10
1.853508
20
-26.618816
30
0.0
0
VERTEX
8
0
10
1.909131
20
-26.532955
30
0.0
0
VERTEX
8
0
10
1.954101
20
-26.451839
30
0.0
0
VERTEX
8
0
10
1.989185
20
-26.376845
30
0.0
0
VERTEX
8
0
10
2.015328
20
-26.309238
30
0.0
0
VERTEX
8
0
10
2.033636
20
-26.250141
30
0.0
0
VERTEX
8
0
10
2.045356
20
-26.200522
30
0.0
0
VERTEX
8
0
10
2.051852
20
-26.161172
30
0.0
0
VERTEX
8
0
10
2.054581
20
-26.132692
30
0.0
0
VERTEX
8
0
10
2.055069
20
-26.115484
30
0.0
0
VERTEX
8
0
10
2.054881
20
-26.109740
30
0.0
0
VERTEX
8
0
10
2.054678
20
-26.104277
30
0.0
0
VERTEX
8
0
10
2.054976
20
-26.087903
30
0.0
0
VERTEX
8
0
10
2.057123
20
-26.060772
30
0.0
0
VERTEX
8
0
10
2.062437
20
-26.023208
30
0.0
0
VERTEX
8
0
10
2.072185
20
-25.975698
30
0.0
0
VERTEX
8
0
10
2.087561
20
-25.918891
30
0.0
0
VERTEX
8
0
10
2.109667
20
-25.853578
30
0.0
0
VERTEX
8
0
10
2.139495
20
-25.780686
30
0.0
0
VERTEX
8
0
10
2.177912
20
-25.701263
30
0.0
0
VERTEX
8
0
10
2.225642
20
-25.616455
30
0.0
0
VERTEX
8
0
10
2.283260
20
-25.527493
30
0.0
0
VERTEX
8
0
10
2.351178
20
-25.435671
30
0.0
0
VERTEX
8
0
10
2.429641
20
-25.342327
30
0.0
0
VERTEX
8
0
10
2.518721
20
-25.248815
30
0.0
0
VERTEX
8
0
10
2.618318
20
-25.156491
30
0.0
0
VERTEX
8
0
10
2.728158
20
-25.066686
30
0.0
0
VERTEX
8
0
10
2.847803
20
-24.980686
30
0.0
0
VERTEX
8
0
10
2.976653
20
-24.899710
30
0.0
0
VERTEX
8
0
10
3.113957
20
-24.824892
30
0.0
0
VERTEX
8
0
10
3.258827
20
-24.757259
30
0.0
0
VERTEX
8
0
10
3.410253
20
-24.697721
30
0.0
0
VERTEX
8
0
10
3.567113
20
-24.647047
30
0.0
0
VERTEX
8
0
10
3.728201
20
-24.605861
30
0.0
0
VERTEX
8
0
10
3.892238
20
-24.574627
30
0.0
0
VERTEX
8
0
10
4.057899
20
-24.553642
30
0.0
0
VERTEX
8
0
10
4.223830
20
-24.543033
30
0.0
0
VERTEX
8
0
10
4.388672
20
-24.542754
30
0.0
0
VERTEX
8
0
10
4.551085
20
-24.552586
30
0.0
0
VERTEX
8
0
10
4.709764
20
-24.572141
30
0.0
0
VERTEX
8
0
10
4.863469
20
-24.600868
30
0.0
0
VERTEX
8
0
10
5.011035
20
-24.638064
30
0.0
0
VERTEX
8
0
10
5.151399
20
-24.682883
30
0.0
0
VERTEX
8
0
10
5.283615
20
-24.734349
30
0.0
0
VERTEX
8
0
10
5.406867
20
-24.791378
30
0.0
0
VERTEX
8
0
10
5.520484
20
-24.852785
30
0.0
0
VERTEX
8
0
10
5.623952
20
-24.917315
30
0.0
0
VERTEX
8
0
10
5.716920
20
-24.983654
30
0.0
0
VERTEX
8
0
10
5.799209
20
-25.050457
30
0.0
0
VERTEX
8
0
10
5.870810
20
-25.116365
30
0.0
0
VERTEX
8
0
10
5.931889
20
-25.180030
30
0.0
0
VERTEX
8
0
10
5.982782
20
-25.240137
30
0.0
0
VERTEX
8
0
10
6.023989
20
-25.295422
30
0.0
0
VERTEX
8
0
10
6.056167
20
-25.344698
30
0.0
0
VERTEX
8
0
10
6.080120
20
-25.386869
30
0.0
0
VERTEX
8
0
10
6.096782
20
-25.420953
30
0.0
0
VERTEX
8
0
10
6.107207
20
-25.446093
30
0.0
0
VERTEX
8
0
10
6.112550
20
-25.461573
30
0.0
0
VERTEX
8
0
10
6.114045
20
-25.466831
30
0.0
0
VERTEX
8
0
10
6.115641
20
-25.472352
30
0.0
0
VERTEX
8
0
10
6.121423
20
-25.488568
30
0.0
0
VERTEX
8
0
10
6.132820
20
-25.514810
30
0.0
0
VERTEX
8
0
10
6.151157
20
-25.550227
30
0.0
0
VERTEX
8
0
10
6.177637
20
-25.593796
30
0.0
0
VERTEX
8
0
10
6.213311
20
-25.644343
30
0.0
0
VERTEX
8
0
10
6.259067
20
-25.700563
30
0.0
0
VERTEX
8
0
10
6.315607
20
-25.761044
30
0.0
0
VERTEX
8
0
10
6.383442
20
-25.824294
30
0.0
0
VERTEX
8
0
10
6.462876
20
-25.888764
30
0.0
0
VERTEX
8
0
10
6.554002
20
-25.952880
30
0.0
0
VERTEX
8
0
10
6.656704
20
-26.015069
30
0.0
0
VERTEX
8
0
10
6.770656
20
-26.073786
30
0.0
0
VERTEX
8
0
10
6.895328
20
-26.127545
30
0.0
0
VERTEX
8
0
10
7.029994
20
-26.174945
30
0.0
0
VERTEX
8
0
10
7.173751
20
-26.214692
30
0.0
0
VERTEX
8
0
10
7.325528
20
-26.245625
30
0.0
0
VERTEX
8
0
10
7.484109
20
-26.266740
30
0.0
0
VERTEX
8
0
10
7.648154
20
-26.277199
30
0.0
0
VERTEX
8
0
10
7.816225
20
-26.276355
30
0.0
0
VERTEX
8
0
10
7.986808
20
-26.263757
30
0.0
0
VERTEX
8
0
10
8.158343
20
-26.239161
30
0.0
0
VERTEX
8
0
10
8.329253
20
-26.202534
30
0.0
0
VERTEX
8
0
10
8.497967
20
-26.154054
30
0.0
0
VERTEX
8
0
10
8.662956
20
-26.094107
30
0.0
0
VERTEX
8
0
10
8.822753
20
-26.023281
30
0.0
0
VERTEX
8
0
10
8.975986
20
-25.942354
30
0.0
0
VERTEX
8
0
10
9.121395
20
-25.852279
30
0.0
0
VERTEX
8
0
10
9.257863
20
-25.754173
30
0.0
0
VERTEX
8
0
10
9.384431
20
-25.649287
30
0.0
0
VERTEX
8
0
10
9.500315
20
-25.538994
30
0.0
0
VERTEX
8
0
10
9.604922
20
-25.424756
30
0.0
0
VERTEX
8
0
10
9.697862
20
-25.308102
30
0.0
0
VERTEX
8
0
10
9.778948
20
-25.190600
30
0.0
0
VERTEX
8
0
10
9.848211
20
-25.073828
30
0.0
0
VERTEX
8
0
10
9.905887
20
-24.959346
30
0.0
0
VERTEX
8
0
10
9.952421
20
-24.848667
30
0.0
0
VERTEX
8
0
10
9.988457
20
-24.743233
30
0.0
0
VERTEX
8
0
10
10.014826
20
-24.644386
30
0.0
0
VERTEX
8
0
10
10.032528
20
-24.553343
30
0.0
0
VERTEX
8
0
10
10.042720
20
-24.471179
30
0.0
0
VERTEX
8
0
10
10.046692
20
-24.398802
30
0.0
0
VERTEX
8
0
10
10.045843
20
-24.336940
30
0.0
0
VERTEX
8
0
10
10.041656
20
-24.286128
30
0.0
0
VERTEX
8
0
10
10.035674
20
-24.246696
30
0.0
0
VERTEX
8
0
10
10.029469
20
-24.218767
30
0.0
0
VERTEX
8
0
10
10.024615
20
-24.202250
30
0.0
0
VERTEX
8
0
10
10.022661
20
-24.196845
30
0.0
0
VERTEX
8
0
10
10.020780
20
-24.191712
30
0.0
0
VERTEX
8
0
10
10.016004
20
-24.176048
30
0.0
0
VERTEX
8
0
10
10.009661
20
-24.149581
30
0.0
0
VERTEX
8
0
10
10.003107
20
-24.112213
30
0.0
0
VERTEX
8
0
10
9.997697
20
-24.064017
30
0.0
0
VERTEX
8
0
10
9.994766
20
-24.005238
30
0.0
0
VERTEX
8
0
10
9.995608
20
-23.936290
30
0.0
0
VERTEX
8
0
10
10.001451
20
-23.857749
30
0.0
0
VERTEX
8
0
10
10.013444
20
-23.770342
30
0.0
0
VERTEX
8
0
10
10.032631
20
-23.674935
30
0.0
0
VERTEX
8
0
10
10.059938
20
-23.572522
30
0.0
0
VERTEX
8
0
10
10.096158
20
-23.464207
30
0.0
0
VERTEX
8
0
10
10.141936
20
-23.351184
30
0.0
0
VERTEX
8
0
10
10.197759
20
-23.234722
30
0.0
0
VERTEX
8
0
10
10.263951
20
-23.116140
30
0.0
0
VERTEX
8
0
10
10.340665
20
-22.996788
30
0.0
0
VERTEX
8
0
10
10.427878
20
-22.878025
30
0.0
0
VERTEX
8
0
10
10.525399
20
-22.761195
30
0.0
0
VERTEX
8
0
10
10.632862
20
-22.647609
30
0.0
0
VERTEX
8
0
10
10.749743
20
-22.538520
30
0.0
0
VERTEX
8
0
10
10.875358
20
-22.435102
30
0.0
0
VERTEX
8
0
10
11.008883
20
-22.338436
30
0.0
0
VERTEX
8
0
10
11.149359
20
-22.249487
30
0.0
0
VERTEX
8
0
10
11.295716
20
-22.169091
30
0.0
0
VERTEX
8
0
10
11.446784
20
-22.097941
30
0.0
0
VERTEX
8
0
10
11.601316
20
-22.036576
30
0.0
0
VERTEX
8
0
10
11.758004
20
-21.985372
30
0.0
0
VERTEX
8
0
10
11.915505
20
-21.944534
30
0.0
0
VERTEX
8
0
10
12.072461
20
-21.914097
30
0.0
0
VERTEX
8
0
10
12.227520
20
-21.893921
30
0.0
0
VERTEX
8
0
10
12.379358
20
-21.883696
30
0.0
0
VERTEX
8
0
10
12.526702
20
-21.882946
30
0.0
0
VERTEX
8
0
10
12.668351
20
-21.891037
30
0.0
0
VERTEX
8
0
10
12.803193
20
-21.907187
30
0.0
0
VERTEX
8
0
10
12.930225
20
-21.930480
30
0.0
0
VERTEX
8
0
10
13.048570
20
-21.959878
30
0.0
0
VERTEX
8
0
10
13.157488
20
-21.994242
30
0.0
0
VERTEX
8
0
10
13.256392
20
-22.032347
30
0.0
0
VERTEX
8
0
10
13.344856
20
-22.072903
30
0.0
0
VERTEX
8
0
10
13.422619
20
-22.114577
30
0.0
0
VERTEX
8
0
10
13.489595
20
-22.156015
30
0.0
0
VERTEX
8
0
10
13.545869
20
-22.195861
30
0.0
0
VERTEX
8
0
10
13.591700
20
-22.232781
30
0.0
0
VERTEX
8
0
10
13.627511
20
-22.265487
30
0.0
0
VERTEX
8
0
10
13.653890
20
-22.292754
30
0.0
0
VERTEX
8
0
10
13.671574
20
-22.313442
30
0.0
0
VERTEX
8
0
10
13.681439
20
-22.326513
30
0.0
0
VERTEX
8
0
10
13.684486
20
-22.331052
30
0.0
0
VERTEX
8
0
10
13.687710
20
-22.335809
30
0.0
0
VERTEX
8
0
10
13.698220
20
-22.349445
30
0.0
0
VERTEX
8
0
10
13.717168
20
-22.370881
30
0.0
0
VERTEX
8
0
10
13.745553
20
-22.398898
30
0.0
0
VERTEX
8
0
10
13.784200
20
-22.432152
30
0.0
0
VERTEX
8
0
10
13.833748
20
-22.469201
30
0.0
0
VERTEX
8
0
10
13.894637
20
-22.508530
30
0.0
0
VERTEX
8
0
10
13.967100
20
-22.548579
30
0.0
0
VERTEX
8
0
10
14.051160
20
-22.587771
30
0.0
0
VERTEX
8
0
10
14.146628
20
-22.624539
30
0.0
0
VERTEX
8
0
10
14.253108
20
-22.657358
30
0.0
0
VERTEX
8
0
10
14.370001
20
-22.684766
30
0.0
0
VERTEX
8
0
10
14.496520
20
-22.705396
30
0.0
0
VERTEX
8
0
10
14.631702
20
-22.717999
30
0.0
0
VERTEX
8
0
10
14.774425
20
-22.721464
30
0.0
0
VERTEX
8
0
10
14.923428
20
-22.714842
30
0.0
0
VERTEX
8
0
10
15.077335
20
-22.697360
30
0.0
0
VERTEX
8
0
10
15.234679
20
-22.668437
30
0.0
0
VERTEX
8
0
10
15.393928
20
-22.627692
30
0.0
0
VERTEX
8
0
10
15.553512
20
-22.574952
30
0.0
0
VERTEX
8
0
10
15.711853
20
-22.510258
30
0.0
0
VERTEX
8
0
10
15.867392
20
-22.433858
30
0.0
0
VERTEX
8
0
10
16.018619
20
-22.346210
30
0.0
0
VERTEX
8
0
10
16.164094
20
-22.247967
30
0.0
0
VERTEX
8
0
10
16.302483
20
-22.139970
30
0.0
0
VERTEX
8
0
10
16.432573
20
-22.023230
30
0.0
0
VERTEX
8
0
10
16.553298
20
-21.898912
30
0.0
0
VERTEX
8
0
10
16.663756
20
-21.768313
30
0.0
0
VERTEX
8
0
10
16.763228
20
-21.632837
30
0.0
0
VERTEX
8
0
10
16.851190
20
-21.493973
30
0.0
0
VERTEX
8
0
10
16.927320
20
-21.353268
30
0.0
0
VERTEX
8
0
10
16.991506
20
-21.212296
30
0.0
0
VERTEX
8
0
10
17.043848
20
-21.072632
30
0.0
0
VERTEX
8
0
10
17.084656
20
-20.935823
30
0.0
0
VERTEX
8
0
10
17.114444
20
-20.803363
30
0.0
0
VERTEX
8
0
10
17.133920
20
-20.676661
30
0.0
0
VERTEX
8
0
10
17.143975
20
-20.557019
30
0.0
0
VERTEX
8
0
10
17.145667
20
-20.445610
30
0.0
0
VERTEX
8
0
10
17.140199
20
-20.343452
30
0.0
0
VERTEX
8
0
10
17.128901
20
-20.251395
30
0.0
0
VERTEX
8
0
10
17.113205
20
-20.170103
30
0.0
0
VERTEX
8
0
10
17.094617
20
-20.100041
30
0.0
0
VERTEX
8
0
10
17.074692
20
-20.041469
30
0.0
0
VERTEX
8
0
10
17.055009
20
-19.994437
30
0.0
0
VERTEX
8
0
10
17.037134
20
-19.958784
30
0.0
0
VERTEX
8
0
10
17.022602
20
-19.934140
30
0.0
0
VERTEX
8
0
10
17.012882
20
-19.919931
30
0.0
0
VERTEX
8
0
10
17.009354
20
-19.915394
30
0.0
0
VERTEX
8
0
10
17.005979
20
-19.911094
30
0.0
0
VERTEX
8
0
10
16.996595
20
-19.897672
30
0.0
0
VERTEX
8
0
10
16.982385
20
-19.874461
30
0.0
0
VERTEX
8
0
10
16.964604
20
-19.840947
30
0.0
0
VERTEX
8
0
10
16.944565
20
-19.796782
30
0.0
0
VERTEX
8
0
10
16.923614
20
-19.741785
30
0.0
0
VERTEX
8
0
10
16.903108
20
-19.675952
30
0.0
0
VERTEX
8
0
10
16.884395
20
-19.599450
30
0.0
0
VERTEX
8
0
10
16.868791
20
-19.512614
30
0.0
0
VERTEX
8
0
10
16.857556
20
-19.415948
30
0.0
0
VERTEX
8
0
10
16.851880
20
-19.310109
30
0.0
0
VERTEX
8
0
10
16.852855
20
-19.195903
30
0.0
0
VERTEX
8
0
10
16.861467
20
-19.074266
30
0.0
0
VERTEX
8
0
10
16.878569
20
-18.946253
30
0.0
0
VERTEX
8
0
10
16.904878
20
-18.813020
30
0.0
0
VERTEX
8
0
10
16.940955
20
-18.675804
30
0.0
0
VERTEX
8
0
10
16.987200
20
-18.535903
30
0.0
0
VERTEX
8
0
10
17.043845
20
-18.394656
30
0.0
0
VERTEX
8
0
10
17.110949
20
-18.253421
30
0.0
0
VERTEX
8
0
10
17.188399
20
-18.113553
30
0.0
0
VERTEX
8
0
10
17.275908
20
-17.976380
30
0.0
0
VERTEX
8
0
10
17.373026
20
-17.843183
30
0.0
0
VERTEX
8
0
10
17.479140
20
-17.715178
30
0.0
0
VERTEX
8
0
10
17.593490
20
-17.593490
30
0.0
0
VERTEX
8
0
10
17.715178
20
-17.479140
30
0.0
0
VERTEX
8
0
10
17.843183
20
-17.373026
30
0.0
0
VERTEX
8
0
10
17.976380
20
-17.275908
30
0.0
0
VERTEX
8
0
10
18.113553
20
-17.188399
30
0.0
0
VERTEX
8
0
10
18.253421
20
-17.110949
30
0.0
0
VERTEX
8
0
10
18.394656
20
-17.043845
30
0.0
0
VERTEX
8
0
10
18.535903
20
-16.987200
30
0.0
0
VERTEX
8
0
10
18.675804
20
-16.940955
30
0.0
0
VERTEX
8
0
10
18.813020
20
-16.904878
30
0.0
0
VERTEX
8
0
10
18.946253
20
-16.878569
30
0.0
0
VERTEX
8
0
10
19.074266
20
-16.861467
30
0.0
0
VERTEX
8
0
10
19.195903
20
-16.852855
30
0.0
0
VERTEX
8
0
10
19.310109
20
-16.851880
30
0.0
0
VERTEX
8
0
10
19.415948
20
-16.857556
30
0.0
0
VERTEX
8
0
10
19.512614
20
-16.868791
30
0.0
0
VERTEX
8
0
10
19.599450
20
-16.884395
30
0.0
0
VERTEX
8
0
10
19.675952
20
-16.903108
30
0.0
0
VERTEX
8
0
10
19.741785
20
-16.923614
30
0.0
0
VERTEX
8
0
10
19.796782
20
-16.944565
30
0.0
0
VERTEX
8
0
10
19.840947
20
-16.964604
30
0.0
0
VERTEX
8
0
10
19.874461
20
-16.982385
30
0.0
0
VERTEX
8
0
10
19.897672
20
-16.996595
30
0.0
0
VERTEX
8
0
10
19.911094
20
-17.005979
30
0.0
0
VERTEX
8
0
10
19.915394
20
-17.009354
30
0.0
0
VERTEX
8
0
10
19.919931
20
-17.012882
30
0.0
0
VERTEX
8
0
10
19.934140
20
-17.022602
30
0.0
0
VERTEX
8
0
10
19.958784
20
-17.037134
30
0.0
0
VERTEX
8
0
10
19.994437
20
-17.055009
30
0.0
0
VERTEX
8
0
10
20.041469
20
-17.074692
30
0.0
0
VERTEX
8
0
10
20.100041
20
-17.094617
30
0.0
0
VERTEX
8
0
10
20.170103
20
-17.113205
30
0.0
0
VERTEX
8
0
10
20.251395
20
-17.128901
30
0.0
0
VERTEX
8
0
10
20.343452
20
-17.140199
30
0.0
0
VERTEX
8
0
10
20.445610
20
-17.145667
30
0.0
0
VERTEX
8
0
10
20.557019
20
-17.143975
30
0.0
0
VERTEX
8
0
10
20.676661
20
-17.133920
30
0.0
0
VERTEX
8
0
10
20.803363
20
-17.114444
30
0.0
0
VERTEX
8
0
10
20.935823
20
-17.084656
30
0.0
0
VERTEX
8
0
10
21.072632
20
-17.043848
30
0.0
0
VERTEX
8
0
10
21.212296
20
-16.991506
30
0.0
0
VERTEX
8
0
10
21.353268
20
-16.927320
30
0.0
0
VERTEX
8
0
10
21.493973
20
-16.851190
30
0.0
0
VERTEX
8
0
10
21.632837
20
-16.763228
30
0.0
0
VERTEX
8
0
10
21.768313
20
-16.663756
30
0.0
0
VERTEX
8
0
10
21.898912
20
-16.553298
30
0.0
0
VERTEX
8
0
10
22.023230
20
-16.432573
30
0.0
0
VERTEX
8
0
10
22.139970
20
-16.302483
30
0.0
0
VERTEX
8
0
10
22.247967
20
-16.164094
30
0.0
0
VERTEX
8
0
10
22.346210
20
-16.018619
30
0.0
0
VERTEX
8
0
10
22.433858
20
-15.867392
30
0.0
0
VERTEX
8
0
10
22.510258
20
-15.711853
30
0.0
0
VERTEX
8
0
10
22.574952
20
-15.553512
30
0.0
0
VERTEX
8
0
10
22.627692
20
-15.393928
30
0.0
0
VERTEX
8
0
10
22.668437
20
-15.234679
30
0.0
0
VERTEX
8
0
10
22.697360
20
-15.077335
30
0.0
0
VERTEX
8
0
10
22.714842
20
-14.923428
30
0.0
0
VERTEX
8
0
10
22.721464
20
-14.774425
30
0.0
0
VERTEX
8
0
10
22.717999
20
-14.631702
30
0.0
0
VERTEX
8
0
10
22.705396
20
-14.496520
30
0.0
0
VERTEX
8
0
10
22.684766
20
-14.370001
30
0.0
0
VERTEX
8
0
10
22.657358
20
-14.253108
30
0.0
0
VERTEX
8
0
10
22.624539
20
-14.146628
30
0.0
0
VERTEX
8
0
10
22.587771
20
-14.051160
30
0.0
0
VERTEX
8
0
10
22.548579
20
-13.967100
30
0.0
0
VERTEX
8
0
10
22.508530
20
-13.894637
30
0.0
0
VERTEX
8
0
10
22.469201
20
-13.833748
30
0.0
0
VERTEX
8
0
10
22.432152
20
-13.784200
30
0.0
0
VERTEX
8
0
10
22.398898
20
-13.745553
30
0.0
0
VERTEX
8
0
10
22.370881
20
-13.717168
30
0.0
0
VERTEX
8
0
10
22.349445
20
-13.698220
30
0.0
0
VERTEX
8
0
10
22.335809
20
-13.687710
30
0.0
0
VERTEX
8
0
10
22.331052
20
-13.684486
30
0.0
0
VERTEX
8
0
10
22.326513
20
-13.681439
30
0.0
0
VERTEX
8
0
10
22.313442
20
-13.671574
30
0.0
0
VERTEX
8
0
10
22.292754
20
-13.653890
30
0.0
0
VERTEX
8
0
10
22.265487
20
-13.627511
30
0.0
0
VERTEX
8
0
10
22.232781
20
-13.591700
30
0.0
0
VERTEX
8
0
10
22.195861
20
-13.545869
30
0.0
0
VERTEX
8
0
10
22.156015
20
-13.489595
30
0.0
0
VERTEX
8
0
10
22.114577
20
-13.422619
30
0.0
0
VERTEX
8
0
10
22.072903
20
-13.344856
30
0.0
0
VERTEX
8
0
10
22.032347
20
-13.256392
30
0.0
0
VERTEX
8
0
10
21.994242
20
-13.157488
30
0.0
0
VERTEX
8
0
10
21.959878
20
-13.048570
30
0.0
0
VERTEX
8
0
10
21.930480
20
-12.930225
30
0.0
0
VERTEX
8
0
10
21.907187
20
-12.803193
30
0.0
0
VERTEX
8
0
10
21.891037
20
-12.668351
30
0.0
0
VERTEX
8
0
10
21.882946
20
-12.526702
30
0.0
0
VERTEX
8
0
10
21.883696
20
-12.379358
30
0.0
0
VERTEX
8
0
10
21.893921
20
-12.227520
30
0.0
0
VERTEX
8
0
10
21.914097
20
-12.072461
30
0.0
0
VERTEX
8
0
10
21.944534
20
-11.915505
30
0.0
0
VERTEX
8
0
10
21.985372
20
-11.758004
30
0.0
0
VERTEX
8
0
10
22.036576
20
-11.601316
30
0.0
0
VERTEX
8
0
10
22.097941
20
-11.446784
30
0.0
0
VERTEX
8
0
10
22.169091
20
-11.295716
30
0.0
0
VERTEX
8
0
10
22.249487
20
-11.149359
30
0.0
0
VERTEX
8
0
10
22.338436
20
-11.008883
30
0.0
0
VERTEX
8
0
10
22.435102
20
-10.875358
30
0.0
0
VERTEX
8
0
10
22.538520
20
-10.749743
30
0.0
0
VERTEX
8
0
10
22.647609
20
-10.632862
30
0.0
0
VERTEX
8
0
10
22.761195
20
-10.525399
30
0.0
0
VERTEX
8
0
10
22.878025
20
-10.427878
30
0.0
0
VERTEX
8
0
10
22.996788
20
-10.340665
30
0.0
0
VERTEX
8
0
10
23.116140
20
-10.263951
30
0.0
0
VERTEX
8
0
10
23.234722
20
-10.197759
30
0.0
0
VERTEX
8
0
10
23.351184
20
-10.141936
30
0.0
0
VERTEX
8
0
10
23.464207
20
-10.096158
30
0.0
0
VERTEX
8
0
10
23.572522
20
-10.059938
30
0.0
0
VERTEX
8
0
10
23.674935
20
-10.032631
30
0.0
0
VERTEX
8
0
10
23.770342
20
-10.013444
30
0.0
0
VERTEX
8
0
10
23.857749
20
-10.001451
30
0.0
0
VERTEX
8
0
10
23.936290
20
-9.995608
30
0.0
0
VERTEX
8
0
10
24.005238
20
-9.994766
30
0.0
0
VERTEX
8
0
10
24.064017
20
-9.997697
30
0.0
0
VERTEX
8
0
10
24.112213
20
-10.003107
30
0.0
0
VERTEX
8
0
10
24.149581
20
-10.009661
30
0.0
0
VERTEX
8
0
10
24.176048
20
-10.016004
30
0.0
0
VERTEX
8
0
10
24.191712
20
-10.020780
30
0.0
0
VERTEX
8
0
10
24.196845
20
-10.022661
30
0.0
0
VERTEX
8
0
10
24.202250
20
-10.024615
30
0.0
0
VERTEX
8
0
10
24.218767
20
-10.029469
30
0.0
0
VERTEX
8
0
10
24.246696
20
-10.035674
30
0.0
0
VERTEX
8
0
10
24.286128
20
-10.041656
30
0.0
0
VERTEX
8
0
10
24.336940
20
-10.045843
30
0.0
0
VERTEX
8
0
10
24.398802
20
-10.046692
30
0.0
0
VERTEX
8
0
10
24.471179
20
-10.042720
30
0.0
0
VERTEX
8
0
10
24.553343
20
-10.032528
30
0.0
0
VERTEX
8
0
10
24.644386
20
-10.014826
30
0.0
0
VERTEX
8
0
10
24.743233
20
-9.988457
30
0.0
0
VERTEX
8
0
10
24.848667
20
-9.952421
30
0.0
0
VERTEX
8
0
10
24.959346
20
-9.905887
30
0.0
0
VERTEX
8
0
10
25.073828
20
-9.848211
30
0.0
0
VERTEX
8
0
10
25.190600
20
-9.778948
30
0.0
0
VERTEX
8
0
10
25.308102
20
-9.697862
30
0.0
0
VERTEX
8
0
10
25.424756
20
-9.604922
30
0.0
0
VERTEX
8
0
10
25.538994
20
-9.500315
30
0.0
0
VERTEX
8
0
10
25.649287
20
-9.384431
30
0.0
0
VERTEX
8
0
10
25.754173
20
-9.257863
30
0.0
0
VERTEX
8
0
10
25.852279
20
-9.121395
30
0.0
0
VERTEX
8
0
10
25.942354
20
-8.975986
30
0.0
0
VERTEX
8
0
10
26.023281
20
-8.822753
30
0.0
0
VERTEX
8
0
10
26.094107
20
-8.662956
30
0.0
0
VERTEX
8
0
10
26.154054
20
-8.497967
30
0.0
0
VERTEX
8
0
10
26.202534
20
-8.329253
30
0.0
0
VERTEX
8
0
10
26.239161
20
-8.158343
30
0.0
0
VERTEX
8
0
10
26.263757
20
-7.986808
30
0.0
0
VERTEX
8
0
10
26.276355
20
-7.816225
30
0.0
0
VERTEX
8
0
10
26.277199
20
-7.648154
30
0.0
0
VERTEX
8
0
10
26.266740
20
-7.484109
30
0.0
0
VERTEX
8
0
10
26.245625
20
-7.325528
30
0.0
0
VERTEX
8
0
10
26.214692
20
-7.173751
30
0.0
0
VERTEX
8
0
10
26.174945
20
-7.029994
30
0.0
0
VERTEX
8
0
10
26.127545
20
-6.895328
30
0.0
0
VERTEX
8
0
10
26.073786
20
-6.770656
30
0.0
0
VERTEX
8
0
10
26.015069
20
-6.656704
30
0.0
0
VERTEX
8
0
10
25.952880
20
-6.554002
30
0.0
0
VERTEX
8
0
10
25.888764
20
-6.462876
30
0.0
0
VERTEX
8
0
10
25.824294
20
-6.383442
30
0.0
0
VERTEX
8
0
10
25.761044
20
-6.315607
30
0.0
0
VERTEX
8
0
10
25.700563
20
-6.259067
30
0.0
0
VERTEX
8
0
10
25.644343
20
-6.213311
30
0.0
0
VERTEX
8
0
10
25.593796
20
-6.177637
30
0.0
0
VERTEX
8
0
10
25.550227
20
-6.151157
30
0.0
0
VERTEX
8
0
10
25.514810
20
-6.132820
30
0.0
0
VERTEX
8
0
10
25.488568
20
-6.121423
30
0.0
0
VERTEX
8
0
10
25.472352
20
-6.115641
30
0.0
0
VERTEX
8
0
10
25.466831
20
-6.114045
30
0.0
0
VERTEX
8
0
10
25.461573
20
-6.112550
30
0.0
0
VERTEX
8
0
10
25.446093
20
-6.107207
30
0.0
0
VERTEX
8
0
10
25.420953
20
-6.096782
30
0.0
0
VERTEX
8
0
10
25.386869
20
-6.080120
30
0.0
0
VERTEX
8
0
10
25.344698
20
-6.056167
30
0.0
0
VERTEX
8
0
10
25.295422
20
-6.023989
30
0.0
0
VERTEX
8
0
10
25.240137
20
-5.982782
30
0.0
0
VERTEX
8
0
10
25.180030
20
-5.931889
30
0.0
0
VERTEX
8
0
10
25.116365
20
-5.870810
30
0.0
0
VERTEX
8
0
10
25.050457
20
-5.799209
30
0.0
0
VERTEX
8
0
10
24.983654
20
-5.716920
30
0.0
0
VERTEX
8
0
10
24.917315
20
-5.623952
30
0.0
0
VERTEX
8
0
10
24.852785
20
-5.520484
30
0.0
0
VERTEX
8
0
10
24.791378
20
-5.406867
30
0.0
0
VERTEX
8
0
10
24.734349
20
-5.283615
30
0.0
0
VERTEX
8
0
10
24.682883
20
-5.151399
30
0.0
0
VERTEX
8
0
10
24.638064
20
-5.011035
30
0.0
0
VERTEX
8
0
10
24.600868
20
-4.863469
30
0.0
0
VERTEX
8
0
10
24.572141
20
-4.709764
30
0.0
0
VERTEX
8
0
10
24.552586
20
-4.551085
30
0.0
0
VERTEX
8
0
10
24.542754
20
-4.388672
30
0.0
0
VERTEX
8
0
10
24.543033
20
-4.223830
30
0.0
0
VERTEX
8
0
10
24.553642
20
-4.057899
30
0.0
0
VERTEX
8
0
10
24.574627
20
-3.892238
30
0.0
0
VERTEX
8
0
10
24.605861
20
-3.728201
30
0.0
0
VERTEX
8
0
10
24.647047
20
-3.567113
30
0.0
0
VERTEX
8
0
10
24.697721
20
-3.410253
30
0.0
0
VERTEX
8
0
10
24.757259
20
-3.258827
30
0.0
0
VERTEX
8
0
10
24.824892
20
-3.113957
30
0.0
0
VERTEX
8
0
10
24.899710
20
-2.976653
30
0.0
0
VERTEX
8
0
10
24.980686
20
-2.847803
30
0.0
0
VERTEX
8
0
10
25.066686
20
-2.728158
30
0.0
0
VERTEX
8
0
10
25.156491
20
-2.618318
30
0.0
0
VERTEX
8
0
10
25.248815
20
-2.518721
30
0.0
0
VERTEX
8
0
10
25.342327
20
-2.429641
30
0.0
0
VERTEX
8
0
10
25.435671
20
-2.351178
30
0.0
0
VERTEX
8
0
10
25.527493
20
-2.283260
30
0.0
0
VERTEX
8
0
10
25.616455
20
-2.225642
30
0.0
0
VERTEX
8
0
10
25.701263
20
-2.177912
30
0.0
0
VERTEX
8
0
10
25.780686
20
-2.139495
30
0.0
0
VERTEX
8
0
10
25.853578
20
-2.109667
30
0.0
0
VERTEX
8
0
10
25.918891
20
-2.087561
30
0.0
0
VERTEX
8
0
10
25.975698
20
-2.072185
30
0.0
0
VERTEX
8
0
10
26.023208
20
-2.062437
30
0.0
0
VERTEX
8
0
10
26.060772
20
-2.057123
30
0.0
0
VERTEX
8
0
10
26.087903
20
-2.054976
30
0.0
0
VERTEX
8
0
10
26.104277
20
-2.054678
30
0.0
0
SEQEND
0
POINT
8
0
10
0.000000
20
0.000000
30
0.0
0
POLYLINE
8
0
66
1
70
1
0
VERTEX
8
0
10
4.839369
20
2.004532
30
0.0
0
VERTEX
8
0
10
4.845056
20
2.007260
30
0.0
0
VERTEX
8
0
10
4.861453
20
2.016647
30
0.0
0
VERTEX
8
0
10
4.887369
20
2.034375
30
0.0
0
VERTEX
8
0
10
4.921377
20
2.061929
30
0.0
0
VERTEX
8
0
10
4.961844
20
2.100572
30
0.0
0
VERTEX
8
0
10
5.006969
20
2.151306
30
0.0
0
VERTEX
8
0
10
5.054816
20
2.214859
30
0.0
0
VERTEX
8
0
10
5.103364
20
2.291667
30
0.0
0
VERTEX
8
0
10
5.150546
20
2.381859
30
0.0
0
VERTEX
8
0
10
5.194294
20
2.485260
30
0.0
0
VERTEX
8
0
10
5.232589
20
2.601392
30
0.0
0
VERTEX
8
0
10
5.263498
20
2.729481
30
0.0
0
VERTEX
8
0
10
5.285220
20
2.868479
30
0.0
0
VERTEX
8
0
10
5.296127
20
3.017081
30
0.0
0
VERTEX
8
0
10
5.294795
20
3.173756
30
0.0
0
VERTEX
8
0
10
5.280039
20
3.336778
30
0.0
0
VERTEX
8
0
10
5.250936
20
3.504263
30
0.0
0
VERTEX
8
0
10
5.206849
20
3.674211
30
0.0
0
VERTEX
8
0
10
5.147437
20
3.844548
30
0.0
0
VERTEX
8
0
10
5.072665
20
4.013168
30
0.0
0
VERTEX
8
0
10
4.982806
20
4.177984
30
0.0
0
VERTEX
8
0
10
4.878433
20
4.336964
30
0.0
0
VERTEX
8
0
10
4.760409
20
4.488185
30
0.0
0
VERTEX
8
0
10
4.629866
20
4.629866
30
0.0
0
VERTEX
8
0
10
4.488185
20
4.760409
30
0.0
0
VERTEX
8
0
10
4.336964
20
4.878433
30
0.0
0
VERTEX
8
0
10
4.177984
20
4.982806
30
0.0
0
VERTEX
8
0
10
4.013168
20
5.072665
30
0.0
0
VERTEX
8
0
10
3.844548
20
5.147437
30
0.0
0
VERTEX
8
0
10
3.674211
20
5.206849
30
0.0
0
VERTEX
8
0
10
3.504263
20
5.250936
30
0.0
0
VERTEX
8
0
10
3.336778
20
5.280039
30
0.0
0
VERTEX
8
0
10
3.173756
20
5.294795
30
0.0
0
VERTEX
8
0
10
3.017081
20
5.296127
30
0.0
0
VERTEX
8
0
10
2.868479
20
5.285220
30
0.0
0
VERTEX
8
0
10
2.729481
20
5.263498
30
0.0
0
VERTEX
8
0
10
2.601392
20
5.232589
30
0.0
0
VERTEX
8
0
10
2.485260
20
5.194294
30
0.0
0
VERTEX
8
0
10
2.381859
20
5.150546
30
0.0
0
VERTEX
8
0
10
2.291667
20
5.103364
30
0.0
0
VERTEX
8
0
10
2.214859
20
5.054816
30
0.0
0
VERTEX
8
0
10
2.151306
20
5.006969
30
0.0
0
VERTEX
8
0
10
2.100572
20
4.961844
30
0.0
0
VERTEX
8
0
10
2.061929
20
4.921377
30
0.0
0
VERTEX
8
0
10
2.034375
20
4.887369
30
0.0
0
VERTEX
8
0
10
2.016647
20
4.861453
30
0.0
0
VERTEX
8
0
10
2.007260
20
4.845056
30
0.0
0
VERTEX
8
0
10
2.004532
20
4.839369
30
0.0
0
VERTEX
8
0
10
2.002507
20
4.834900
30
0.0
0
VERTEX
8
0
10
1.995864
20
4.821790
30
0.0
0
VERTEX
8
0
10
1.983790
20
4.800557
30
0.0
0
VERTEX
8
0
10
1.965540
20
4.771811
30
0.0
0
VERTEX
8
0
10
1.940445
20
4.736246
30
0.0
0
VERTEX
8
0
10
1.907920
20
4.694629
30
0.0
0
VERTEX
8
0
10
1.867471
20
4.647794
30
0.0
0
VERTEX
8
0
10
1.818705
20
4.596625
30
0.0
0
VERTEX
8
0
10
1.761334
20
4.542050
30
0.0
0
VERTEX
8
0
10
1.695178
20
4.485026
30
0.0
0
VERTEX
8
0
10
1.620166
20
4.426526
30
0.0
0
VERTEX
8
0
10
1.536345
20
4.367528
30
0.0
0
VERTEX
8
0
10
1.443868
20
4.309001
30
0.0
0
VERTEX
8
0
10
1.343003
20
4.251890
30
0.0
0
VERTEX
8
0
10
1.234123
20
4.197111
30
0.0
0
VERTEX
8
0
10
1.117703
20
4.145528
30
0.0
0
VERTEX
8
0
10
0.994315
20
4.097953
30
0.0
0
VERTEX
8
0
10
0.864622
20
4.055126
30
0.0
0
VERTEX
8
0
10
0.729365
20
4.017710
30
0.0
0
VERTEX
8
0
10
0.589358
20
3.986282
30
0.0
0
VERTEX
8
0
10
0.445476
20
3.961325
30
0.0
0
VERTEX
8
0
10
0.298643
20
3.943222
30
0.0
0
VERTEX
8
0
10
0.149822
20
3.932248
30
0.0
0
VERTEX
8
0
10
0.000000
20
3.928571
30
0.0
0
VERTEX
8
0
10
-0.149822
20
3.932248
30
0.0
0
VERTEX
8
0
10
-0.298643
20
3.943222
30
0.0
0
VERTEX
8
0
10
-0.445476
20
3.961325
30
0.0
0
VERTEX
8
0
10
-0.589358
20
3.986282
30
0.0
0
VERTEX
8
0
10
-0.729365
20
4.017710
30
0.0
0
VERTEX
8
0
10
-0.864622
20
4.055126
30
0.0
0
VERTEX
8
0
10
-0.994315
20
4.097953
30
0.0
0
VERTEX
8
0
10
-1.117703
20
4.145528
30
0.0
0
VERTEX
8
0
10
-1.234123
20
4.197111
30
0.0
0
VERTEX
8
0
10
-1.343003
20
4.251890
30
0.0
0
VERTEX
8
0
10
-1.443868
20
4.309001
30
0.0
0
VERTEX
8
0
10
-1.536345
20
4.367528
30
0.0
0
VERTEX
8
0
10
-1.620166
20
4.426526
30
0.0
0
VERTEX
8
0
10
-1.695178
20
4.485026
30
0.0
0
VERTEX
8
0
10
-1.761334
20
4.542050
30
0.0
0
VERTEX
8
0
10
-1.818705
20
4.596625
30
0.0
0
VERTEX
8
0
10
-1.867471
20
4.647794
30
0.0
0
VERTEX
8
0
10
-1.907920
20
4.694629
30
0.0
0
VERTEX
8
0
10
-1.940445
20
4.736246
30
0.0
0
VERTEX
8
0
10
-1.965540
20
4.771811
30
0.0
0
VERTEX
8
0
10
-1.983790
20
4.800557
30
0.0
0
VERTEX
8
0
10
-1.995864
20
4.821790
30
0.0
0
VERTEX
8
0
10
-2.002507
20
4.834900
30
0.0
0
VERTEX
8
0
10
-2.004532
20
4.839369
30
0.0
0
VERTEX
8
0
10
-2.007260
20
4.845056
30
0.0
0
VERTEX
8
0
10
-2.016647
20
4.861453
30
0.0
0
VERTEX
8
0
10
-2.034375
20
4.887369
30
0.0
0
VERTEX
8
0
10
-2.061929
20
4.921377
30
0.0
0
VERTEX
8
0
10
-2.100572
20
4.961844
30
0.0
0
VERTEX
8
0
10
-2.151306
20
5.006969
30
0.0
0
VERTEX
8
0
10
-2.214859
20
5.054816
30
0.0
0
VERTEX
8
0
10
-2.291667
20
5.103364
30
0.0
0
VERTEX
8
0
10
-2.381859
20
5.150546
30
0.0
0
VERTEX
8
0
10
-2.485260
20
5.194294
30
0.0
0
VERTEX
8
0
10
-2.601392
20
5.232589
30
0.0
0
VERTEX
8
0
10
-2.729481
20
5.263498
30
0.0
0
VERTEX
8
0
10
-2.868479
20
5.285220
30
0.0
0
VERTEX
8
0
10
-3.017081
20
5.296127
30
0.0
0
VERTEX
8
0
10
-3.173756
20
5.294795
30
0.0
0
VERTEX
8
0
10
-3.336778
20
5.280039
30
0.0
0
VERTEX
8
0
10
-3.504263
20
5.250936
30
0.0
0
VERTEX
8
0
10
-3.674211
20
5.206849
30
0.0
0
VERTEX
8
0
10
-3.844548
20
5.147437
30
0.0
0
VERTEX
8
0
10
-4.013168
20
5.072665
30
0.0
0
VERTEX
8
0
10
-4.177984
20
4.982806
30
0.0
0
VERTEX
8
0
10
-4.336964
20
4.878433
30
0.0
0
VERTEX
8
0
10
-4.488185
20
4.760409
30
0.0
0
VERTEX
8
0
10
-4.629866
20
4.629866
30
0.0
0
VERTEX
8
0
10
-4.760409
20
4.488185
30
0.0
0
VERTEX
8
0
10
-4.878433
20
4.336964
30
0.0
0
VERTEX
8
0
10
-4.982806
20
4.177984
30
0.0
0
VERTEX
8
0
10
-5.072665
20
4.013168
30
0.0
0
VERTEX
8
0
10
-5.147437
20
3.844548
30
0.0
0
VERTEX
8
0
10
-5.206849
20
3.674211
30
0.0
0
VERTEX
8
0
10
-5.250936
20
3.504263
30
0.0
0
VERTEX
8
0
10
-5.280039
20
3.336778
30
0.0
0
VERTEX
8
0
10
-5.294795
20
3.173756
30
0.0
0
VERTEX
8
0
10
-5.296127
20
3.017081
30
0.0
0
VERTEX
8
0
10
-5.285220
20
2.868479
30
0.0
0
VERTEX
8
0
10
-5.263498
20
2.729481
30
0.0
0
VERTEX
8
0
10
-5.232589
20
2.601392
30
0.0
0
VERTEX
8
0
10
-5.194294
20
2.485260
30
0.0
0
VERTEX
8
0
10
-5.150546
20
2.381859
30
0.0
0
VERTEX
8
0
10
-5.103364
20
2.291667
30
0.0
0
VERTEX
8
0
10
-5.054816
20
2.214859
30
0.0
0
VERTEX
8
0
10
-5.006969
20
2.151306
30
0.0
0
VERTEX
8
0
10
-4.961844
20
2.100572
30
0.0
0
VERTEX
8
0
10
-4.921377
20
2.061929
30
0.0
0
VERTEX
8
0
10
-4.887369
20
2.034375
30
0.0
0
VERTEX
8
0
10
-4.861453
20
2.016647
30
0.0
0
VERTEX
8
0
10
-4.845056
20
2.007260
30
0.0
0
VERTEX
8
0
10
-4.839369
20
2.004532
30
0.0
0
VERTEX
8
0
10
-4.834900
20
2.002507
30
0.0
0
VERTEX
8
0
10
-4.821790
20
1.995864
30
0.0
0
VERTEX
8
0
10
-4.800557
20
1.983790
30
0.0
0
VERTEX
8
0
10
-4.771811
20
1.965540
30
0.0
0
VERTEX
8
0
10
-4.736246
20
1.940445
30
0.0
0
VERTEX
8
0
10
-4.694629
20
1.907920
30
0.0
0
VERTEX
8
0
10
-4.647794
20
1.867471
30
0.0
0
VERTEX
8
0
10
-4.596625
20
1.818705
30
0.0
0
VERTEX
8
0
10
-4.542050
20
1.761334
30
0.0
0
VERTEX
8
0
10
-4.485026
20
1.695178
30
0.0
0
VERTEX
8
0
10
-4.426526
20
1.620166
30
0.0
0
VERTEX
8
0
10
-4.367528
20
1.536345
30
0.0
0
VERTEX
8
0
10
-4.309001
20
1.443868
30
0.0
0
VERTEX
8
0
10
-4.251890
20
1.343003
30
0.0
0
VERTEX
8
0
10
-4.197111
20
1.234123
30
0.0
0
VERTEX
8
0
10
-4.145528
20
1.117703
30
0.0
0
VERTEX
8
0
10
-4.097953
20
0.994315
30
0.0
0
VERTEX
8
0
10
-4.055126
20
0.864622
30
0.0
0
VERTEX
8
0
10
-4.017710
20
0.729365
30
0.0
0
VERTEX
8
0
10
-3.986282
20
0.589358
30
0.0
0
VERTEX
8
0
10
-3.961325
20
0.445476
30
0.0
0
VERTEX
8
0
10
-3.943222
20
0.298643
30
0.0
0
VERTEX
8
0
10
-3.932248
20
0.149822
30
0.0
0
VERTEX
8
0
10
-3.928571
20
0.000000
30
0.0
0
VERTEX
8
0
10
-3.932248
20
-0.149822
30
0.0
0
VERTEX
8
0
10
-3.943222
20
-0.298643
30
0.0
0
VERTEX
8
0
10
-3.961325
20
-0.445476
30
0.0
0
VERTEX
8
0
10
-3.986282
20
-0.589358
30
0.0
0
VERTEX
8
0
10
-4.017710
20
-0.729365
30
0.0
0
VERTEX
8
0
10
-4.055126
20
-0.864622
30
0.0
0
VERTEX
8
0
10
-4.097953
20
-0.994315
30
0.0
0
VERTEX
8
0
10
-4.145528
20
-1.117703
30
0.0
0
VERTEX
8
0
10
-4.197111
20
-1.234123
30
0.0
0
VERTEX
8
0
10
-4.251890
20
-1.343003
30
0.0
0
VERTEX
8
0
10
-4.309001
20
-1.443868
30
0.0
0
VERTEX
8
0
10
-4.367528
20
-1.536345
30
0.0
0
VERTEX
8
0
10
-4.426526
20
-1.620166
30
0.0
0
VERTEX
8
0
10
-4.485026
20
-1.695178
30
0.0
0
VERTEX
8
0
10
-4.542050
20
-1.761334
30
0.0
0
VERTEX
8
0
10
-4.596625
20
-1.818705
30
0.0
0
VERTEX
8
0
10
-4.647794
20
-1.867471
30
0.0
0
VERTEX
8
0
10
-4.694629
20
-1.907920
30
0.0
0
VERTEX
8
0
10
-4.736246
20
-1.940445
30
0.0
0
VERTEX
8
0
10
-4.771811
20
-1.965540
30
0.0
0
VERTEX
8
0
10
-4.800557
20
-1.983790
30
0.0
0
VERTEX
8
0
10
-4.821790
20
-1.995864
30
0.0
0
VERTEX
8
0
10
-4.834900
20
-2.002507
30
0.0
0
VERTEX
8
0
10
-4.839369
20
-2.004532
30
0.0
0
VERTEX
8
0
10
-4.845056
20
-2.007260
30
0.0
0
VERTEX
8
0
10
-4.861453
20
-2.016647
30
0.0
0
VERTEX
8
0
10
-4.887369
20
-2.034375
30
0.0
0
VERTEX
8
0
10
-4.921377
20
-2.061929
30
0.0
0
VERTEX
8
0
10
-4.961844
20
-2.100572
30
0.0
0
VERTEX
8
0
10
-5.006969
20
-2.151306
30
0.0
0
VERTEX
8
0
10
-5.054816
20
-2.214859
30
0.0
0
VERTEX
8
0
10
-5.103364
20
-2.291667
30
0.0
0
VERTEX
8
0
10
-5.150546
20
-2.381859
30
0.0
0
VERTEX
8
0
10
-5.194294
20
-2.485260
30
0.0
0
VERTEX
8
0
10
-5.232589
20
-2.601392
30
0.0
0
VERTEX
8
0
10
-5.263498
20
-2.729481
30
0.0
0
VERTEX
8
0
10
-5.285220
20
-2.868479
30
0.0
0
VERTEX
8
0
10
-5.296127
20
-3.017081
30
0.0
0
VERTEX
8
0
10
-5.294795
20
-3.173756
30
0.0
0
VERTEX
8
0
10
-5.280039
20
-3.336778
30
0.0
0
VERTEX
8
0
10
-5.250936
20
-3.504263
30
0.0
0
VERTEX
8
0
10
-5.206849
20
-3.674211
30
0.0
0
VERTEX
8
0
10
-5.147437
20
-3.844548
30
0.0
0
VERTEX
8
0
10
-5.072665
20
-4.013168
30
0.0
0
VERTEX
8
0
10
-4.982806
20
-4.177984
30
0.0
0
VERTEX
8
0
10
-4.878433
20
-4.336964
30
0.0
0
VERTEX
8
0
10
-4.760409
20
-4.488185
30
0.0
0
VERTEX
8
0
10
-4.629866
20
-4.629866
30
0.0
0
VERTEX
8
0
10
-4.488185
20
-4.760409
30
0.0
0
VERTEX
8
0
10
-4.336964
20
-4.878433
30
0.0
0
VERTEX
8
0
10
-4.177984
20
-4.982806
30
0.0
0
VERTEX
8
0
10
-4.013168
20
-5.072665
30
0.0
0
VERTEX
8
0
10
-3.844548
20
-5.147437
30
0.0
0
VERTEX
8
0
10
-3.674211
20
-5.206849
30
0.0
0
VERTEX
8
0
10
-3.504263
20
-5.250936
30
0.0
0
VERTEX
8
0
10
-3.336778
20
-5.280039
30
0.0
0
VERTEX
8
0
10
-3.173756
20
-5.294795
30
0.0
0
VERTEX
8
0
10
-3.017081
20
-5.296127
30
0.0
0
VERTEX
8
0
10
-2.868479
20
-5.285220
30
0.0
0
VERTEX
8
0
10
-2.729481
20
-5.263498
30
0.0
0
VERTEX
8
0
10
-2.601392
20
-5.232589
30
0.0
0
VERTEX
8
0
10
-2.485260
20
-5.194294
30
0.0
0
VERTEX
8
0
10
-2.381859
20
-5.150546
30
0.0
0
VERTEX
8
0
10
-2.291667
20
-5.103364
30
0.0
0
VERTEX
8
0
10
-2.214859
20
-5.054816
30
0.0
0
VERTEX
8
0
10
-2.151306
20
-5.006969
30
0.0
0
VERTEX
8
0
10
-2.100572
20
-4.961844
30
0.0
0
VERTEX
8
0
10
-2.061929
20
-4.921377
30
0.0
0
VERTEX
8
0
10
-2.034375
20
-4.887369
30
0.0
0
VERTEX
8
0
10
-2.016647
20
-4.861453
30
0.0
0
VERTEX
8
0
10
-2.007260
20
-4.845056
30
0.0
0
VERTEX
8
0
10
-2.004532
20
-4.839369
30
0.0
0
VERTEX
8
0
10
-2.002507
20
-4.834900
30
0.0
0
VERTEX
8
0
10
-1.995864
20
-4.821790
30
0.0
0
VERTEX
8
0
10
-1.983790
20
-4.800557
30
0.0
0
VERTEX
8
0
10
-1.965540
20
-4.771811
30
0.0
0
VERTEX
8
0
10
-1.940445
20
-4.736246
30
0.0
0
VERTEX
8
0
10
-1.907920
20
-4.694629
30
0.0
0
VERTEX
8
0
10
-1.867471
20
-4.647794
30
0.0
0
VERTEX
8
0
10
-1.818705
20
-4.596625
30
0.0
0
VERTEX
8
0
10
-1.761334
20
-4.542050
30
0.0
0
VERTEX
8
0
10
-1.695178
20
-4.485026
30
0.0
0
VERTEX
8
0
10
-1.620166
20
-4.426526
30
0.0
0
VERTEX
8
0
10
-1.536345
20
-4.367528
30
0.0
0
VERTEX
8
0
10
-1.443868
20
-4.309001
30
0.0
0
VERTEX
8
0
10
-1.343003
20
-4.251890
30
0.0
0
VERTEX
8
0
10
-1.234123
20
-4.197111
30
0.0
0
VERTEX
8
0
10
-1.117703
20
-4.145528
30
0.0
0
VERTEX
8
0
10
-0.994315
20
-4.097953
30
0.0
0
VERTEX
8
0
10
-0.864622
20
-4.055126
30
0.0
0
VERTEX
8
0
10
-0.729365
20
-4.017710
30
0.0
0
VERTEX
8
0
10
-0.589358
20
-3.986282
30
0.0
0
VERTEX
8
0
10
-0.445476
20
-3.961325
30
0.0
0
VERTEX
8
0
10
-0.298643
20
-3.943222
30
0.0
0
VERTEX
8
0
10
-0.149822
20
-3.932248
30
0.0
0
VERTEX
8
0
10
-0.000000
20
-3.928571
30
0.0
0
VERTEX
8
0
10
0.149822
20
-3.932248
30
0.0
0
VERTEX
8
0
10
0.298643
20
-3.943222
30
0.0
0
VERTEX
8
0
10
0.445476
20
-3.961325
30
0.0
0
VERTEX
8
0
10
0.589358
20
-3.986282
30
0.0
0
VERTEX
8
0
10
0.729365
20
-4.017710
30
0.0
0
VERTEX
8
0
10
0.864622
20
-4.055126
30
0.0
0
VERTEX
8
0
10
0.994315
20
-4.097953
30
0.0
0
VERTEX
8
0
10
1.117703
20
-4.145528
30
0.0
0
VERTEX
8
0
10
1.234123
20
-4.197111
30
0.0
0
VERTEX
8
0
10
1.343003
20
-4.251890
30
0.0
0
VERTEX
8
0
10
1.443868
20
-4.309001
30
0.0
0
VERTEX
8
0
10
1.536345
20
-4.367528
30
0.0
0
VERTEX
8
0
10
1.620166
20
-4.426526
30
0.0
0
VERTEX
8
0
10
1.695178
20
-4.485026
30
0.0
0
VERTEX
8
0
10
1.761334
20
-4.542050
30
0.0
0
VERTEX
8
0
10
1.818705
20
-4.596625
30
0.0
0
VERTEX
8
0
10
1.867471
20
-4.647794
30
0.0
0
VERTEX
8
0
10
1.907920
20
-4.694629
30
0.0
0
VERTEX
8
0
10
1.940445
20
-4.736246
30
0.0
0
VERTEX
8
0
10
1.965540
20
-4.771811
30
0.0
0
VERTEX
8
0
10
1.983790
20
-4.800557
30
0.0
0
VERTEX
8
0
10
1.995864
20
-4.821790
30
0.0
0
VERTEX
8
0
10
2.002507
20
-4.834900
30
0.0
0
VERTEX
8
0
10
2.004532
20
-4.839369
30
0.0
0
VERTEX
8
0
10
2.007260
20
-4.845056
30
0.0
0
VERTEX
8
0
10
2.016647
20
-4.861453
30
0.0
0
VERTEX
8
0
10
2.034375
20
-4.887369
30
0.0
0
VERTEX
8
0
10
2.061929
20
-4.921377
30
0.0
0
VERTEX
8
0
10
2.100572
20
-4.961844
30
0.0
0
VERTEX
8
0
10
2.151306
20
-5.006969
30
0.0
0
VERTEX
8
0
10
2.214859
20
-5.054816
30
0.0
0
VERTEX
8
0
10
2.291667
20
-5.103364
30
0.0
0
VERTEX
8
0
10
2.381859
20
-5.150546
30
0.0
0
VERTEX
8
0
10
2.485260
20
-5.194294
30
0.0
0
VERTEX
8
0
10
2.601392
20
-5.232589
30
0.0
0
VERTEX
8
0
10
2.729481
20
-5.263498
30
0.0
0
VERTEX
8
0
10
2.868479
20
-5.285220
30
0.0
0
VERTEX
8
0
10
3.017081
20
-5.296127
30
0.0
0
VERTEX
8
0
10
3.173756
20
-5.294795
30
0.0
0
VERTEX
8
0
10
3.336778
20
-5.280039
30
0.0
0
VERTEX
8
0
10
3.504263
20
-5.250936
30
0.0
0
VERTEX
8
0
10
3.674211
20
-5.206849
30
0.0
0
VERTEX
8
0
10
3.844548
20
-5.147437
30
0.0
0
VERTEX
8
0
10
4.013168
20
-5.072665
30
0.0
0
VERTEX
8
0
10
4.177984
20
-4.982806
30
0.0
0
VERTEX
8
0
10
4.336964
20
-4.878433
30
0.0
0
VERTEX
8
0
10
4.488185
20
-4.760409
30
0.0
0
VERTEX
8
0
10
4.629866
20
-4.629866
30
0.0
0
VERTEX
8
0
10
4.760409
20
-4.488185
30
0.0
0
VERTEX
8
0
10
4.878433
20
-4.336964
30
0.0
0
VERTEX
8
0
10
4.982806
20
-4.177984
30
0.0
0
VERTEX
8
0
10
5.072665
20
-4.013168
30
0.0
0
VERTEX
8
0
10
5.147437
20
-3.844548
30
0.0
0
VERTEX
8
0
10
5.206849
20
-3.674211
30
0.0
0
VERTEX
8
0
10
5.250936
20
-3.504263
30
0.0
0
VERTEX
8
0
10
5.280039
20
-3.336778
30
0.0
0
VERTEX
8
0
10
5.294795
20
-3.173756
30
0.0
0
VERTEX
8
0
10
5.296127
20
-3.017081
30
0.0
0
VERTEX
8
0
10
5.285220
20
-2.868479
30
0.0
0
VERTEX
8
0
10
5.263498
20
-2.729481
30
0.0
0
VERTEX
8
0
10
5.232589
20
-2.601392
30
0.0
0
VERTEX
8
0
10
5.194294
20
-2.485260
30
0.0
0
VERTEX
8
0
10
5.150546
20
-2.381859
30
0.0
0
VERTEX
8
0
10
5.103364
20
-2.291667
30
0.0
0
VERTEX
8
0
10
5.054816
20
-2.214859
30
0.0
0
VERTEX
8
0
10
5.006969
20
-2.151306
30
0.0
0
VERTEX
8
0
10
4.961844
20
-2.100572
30
0.0
0
VERTEX
8
0
10
4.921377
20
-2.061929
30
0.0
0
VERTEX
8
0
10
4.887369
20
-2.034375
30
0.0
0
VERTEX
8
0
10
4.861453
20
-2.016647
30
0.0
0
VERTEX
8
0
10
4.845056
20
-2.007260
30
0.0
0
VERTEX
8
0
10
4.839369
20
-2.004532
30
0.0
0
VERTEX
8
0
10
4.834900
20
-2.002507
30
0.0
0
VERTEX
8
0
10
4.821790
20
-1.995864
30
0.0
0
VERTEX
8
0
10
4.800557
20
-1.983790
30
0.0
0
VERTEX
8
0
10
4.771811
20
-1.965540
30
0.0
0
VERTEX
8
0
10
4.736246
20
-1.940445
30
0.0
0
VERTEX
8
0
10
4.694629
20
-1.907920
30
0.0
0
VERTEX
8
0
10
4.647794
20
-1.867471
30
0.0
0
VERTEX
8
0
10
4.596625
20
-1.818705
30
0.0
0
VERTEX
8
0
10
4.542050
20
-1.761334
30
0.0
0
VERTEX
8
0
10
4.485026
20
-1.695178
30
0.0
0
VERTEX
8
0
10
4.426526
20
-1.620166
30
0.0
0
VERTEX
8
0
10
4.367528
20
-1.536345
30
0.0
0
VERTEX
8
0
10
4.309001
20
-1.443868
30
0.0
0
VERTEX
8
0
10
4.251890
20
-1.343003
30
0.0
0
VERTEX
8
0
10
4.197111
20
-1.234123
30
0.0
0
VERTEX
8
0
10
4.145528
20
-1.117703
30
0.0
0
VERTEX
8
0
10
4.097953
20
-0.994315
30
0.0
0
VERTEX
8
0
10
4.055126
20
-0.864622
30
0.0
0
VERTEX
8
0
10
4.017710
20
-0.729365
30
0.0
0
VERTEX
8
0
10
3.986282
20
-0.589358
30
0.0
0
VERTEX
8
0
10
3.961325
20
-0.445476
30
0.0
0
VERTEX
8
0
10
3.943222
20
-0.298643
30
0.0
0
VERTEX
8
0
10
3.932248
20
-0.149822
30
0.0
0
VERTEX
8
0
10
3.928571
20
-0.000000
30
0.0
0
VERTEX
8
0
10
3.932248
20
0.149822
30
0.0
0
VERTEX
8
0
10
3.943222
20
0.298643
30
0.0
0
VERTEX
8
0
10
3.961325
20
0.445476
30
0.0
0
VERTEX
8
0
10
3.986282
20
0.589358
30
0.0
0
VERTEX
8
0
10
4.017710
20
0.729365
30
0.0
0
VERTEX
8
0
10
4.055126
20
0.864622
30
0.0
0
VERTEX
8
0
10
4.097953
20
0.994315
30
0.0
0
VERTEX
8
0
10
4.145528
20
1.117703
30
0.0
0
VERTEX
8
0
10
4.197111
20
1.234123
30
0.0
0
VERTEX
8
0
10
4.251890
20
1.343003
30
0.0
0
VERTEX
8
0
10
4.309001
20
1.443868
30
0.0
0
VERTEX
8
0
10
4.367528
20
1.536345
30
0.0
0
VERTEX
8
0
10
4.426526
20
1.620166
30
0.0
0
VERTEX
8
0
10
4.485026
20
1.695178
30
0.0
0
VERTEX
8
0
10
4.542050
20
1.761334
30
0.0
0
VERTEX
8
0
10
4.596625
20
1.818705
30
0.0
0
VERTEX
8
0
10
4.647794
20
1.867471
30
0.0
0
VERTEX
8
0
10
4.694629
20
1.907920
30
0.0
0
VERTEX
8
0
10
4.736246
20
1.940445
30
0.0
0
VERTEX
8
0
10
4.771811
20
1.965540
30
0.0
0
VERTEX
8
0
10
4.800557
20
1.983790
30
0.0
0
VERTEX
8
0
10
4.821790
20
1.995864
30
0.0
0
VERTEX
8
0
10
4.834900
20
2.002507
30
0.0
0
SEQEND
0
POINT
8
0
10
-0.000000
20
-0.000000
30
0.0
0
POLYLINE
8
0
66
1
70
1
0
VERTEX
8
0
10
25.989179
20
-2.043803
30
0.0
0
VERTEX
8
0
10
25.995072
20
-2.044677
30
0.0
0
VERTEX
8
0
10
26.012857
20
-2.046136
30
0.0
0
VERTEX
8
0
10
26.042512
20
-2.046428
30
0.0
0
VERTEX
8
0
10
26.083770
20
-2.043822
30
0.0
0
VERTEX
8
0
10
26.136128
20
-2.036640
30
0.0
0
VERTEX
8
0
10
26.198853
20
-2.023291
30
0.0
0
VERTEX
8
0
10
26.270997
20
-2.002300
30
0.0
0
VERTEX
8
0
10
26.351417
20
-1.972338
30
0.0
0
VERTEX
8
0
10
26.438797
20
-1.932247
30
0.0
0
VERTEX
8
0
10
26.531670
20
-1.881063
30
0.0
0
VERTEX
8
0
10
26.628450
20
-1.818033
30
0.0
0
VERTEX
8
0
10
26.727462
20
-1.742633
30
0.0
0
VERTEX
8
0
10
26.826971
20
-1.654576
30
0.0
0
VERTEX
8
0
10
26.925221
20
-1.553818
30
0.0
0
VERTEX
8
0
10
27.020465
20
-1.440559
30
0.0
0
VERTEX
8
0
10
27.111000
20
-1.315237
30
0.0
0
VERTEX
8
0
10
27.195198
20
-1.178526
30
0.0
0
VERTEX
8
0
10
27.271542
20
-1.031317
30
0.0
0
VERTEX
8
0
10
27.338649
20
-0.874701
30
0.0
0
VERTEX
8
0
10
27.395304
20
-0.709953
30
0.0
0
VERTEX
8
0
10
27.440475
20
-0.538504
30
0.0
0
VERTEX
8
0
10
27.473342
20
-0.361912
30
0.0
0
VERTEX
8
0
10
27.493305
20
-0.181835
30
0.0
0
VERTEX
8
0
10
27.500000
20
0.000000
30
0.0
0
VERTEX
8
0
10
27.493305
20
0.181835
30
0.0
0
VERTEX
8
0
10
27.473342
20
0.361912
30
0.0
0
VERTEX
8
0
10
27.440475
20
0.538504
30
0.0
0
VERTEX
8
0
10
27.395304
20
0.709953
30
0.0
0
VERTEX
8
0
10
27.338649
20
0.874701
30
0.0
0
VERTEX
8
0
10
27.271542
20
1.031317
30
0.0
0
VERTEX
8
0
10
27.195198
20
1.178526
30
0.0
0
VERTEX
8
0
10
27.111000
20
1.315237
30
0.0
0
VERTEX
8
0
10
27.020465
20
1.440559
30
0.0
0
VERTEX
8
0
10
26.925221
20
1.553818
30
0.0
0
VERTEX
8
0
10
26.826971
20
1.654576
30
0.0
0
VERTEX
8
0
10
26.727462
20
1.742633
30
0.0
0
VERTEX
8
0
10
26.628450
20
1.818033
30
0.0
0
VERTEX
8
0
10
26.531670
20
1.881063
30
0.0
0
VERTEX
8
0
10
26.438797
20
1.932247
30
0.0
0
VERTEX
8
0
10
26.351417
20
1.972338
30
0.0
0
VERTEX
8
0
10
26.270997
20
2.002300
30
0.0
0
VERTEX
8
0
10
26.198853
20
2.023291
30
0.0
0
VERTEX
8
0
10
26.136128
20
2.036640
30
0.0
0
VERTEX
8
0
10
26.083770
20
2.043822
30
0.0
0
VERTEX
8
0
10
26.042512
20
2.046428
30
0.0
0
VERTEX
8
0
10
26.012857
20
2.046136
30
0.0
0
VERTEX
8
0
10
25.995072
20
2.044677
30
0.0
0
VERTEX
8
0
10
25.989179
20
2.043803
30
0.0
0
VERTEX
8
0
10
25.983988
20
2.042975
30
0.0
0
VERTEX
8
0
10
25.968332
20
2.041289
30
0.0
0
VERTEX
8
0
10
25.942197
20
2.039948
30
0.0
0
VERTEX
8
0
10
25.905717
20
2.040146
30
0.0
0
VERTEX
8
0
10
25.859173
20
2.043054
30
0.0
0
VERTEX
8
0
10
25.802986
20
2.049798
30
0.0
0
VERTEX
8
0
10
25.737715
20
2.061445
30
0.0
0
VERTEX
8
0
10
25.664044
20
2.078986
30
0.0
0
VERTEX
8
0
10
25.582774
20
2.103321
30
0.0
0
VERTEX
8
0
10
25.494811
20
2.135244
30
0.0
0
VERTEX
8
0
10
25.401153
20
2.175434
30
0.0
0
VERTEX
8
0
10
25.302874
20
2.224442
30
0.0
0
VERTEX
8
0
10
25.201107
20
2.282683
30
0.0
0
VERTEX
8
0
10
25.097029
20
2.350431
30
0.0
0
VERTEX
8
0
10
24.991842
20
2.427815
30
0.0
0
VERTEX
8
0
10
24.886755
20
2.514814
30
0.0
0
VERTEX
8
0
10
24.782966
20
2.611261
30
0.0
0
VERTEX
8
0
10
24.681647
20
2.716842
30
0.0
0
VERTEX
8
0
10
24.583919
20
2.831104
30
0.0
0
VERTEX
8
0
10
24.490842
20
2.953461
30
0.0
0
VERTEX
8
0
10
24.403398
20
3.083199
30
0.0
0
VERTEX
8
0
10
24.322474
20
3.219490
30
0.0
0
VERTEX
8
0
10
24.248848
20
3.361407
30
0.0
0
VERTEX
8
0
10
24.183181
20
3.507931
30
0.0
0
VERTEX
8
0
10
24.126006
20
3.657973
30
0.0
0
VERTEX
8
0
10
24.077717
20
3.810385
30
0.0
0
VERTEX
8
0
10
24.038567
20
3.963980
30
0.0
0
VERTEX
8
0
10
24.008661
20
4.117551
30
0.0
0
VERTEX
8
0
10
23.987957
20
4.269884
30
0.0
0
VERTEX
8
0
10
23.976265
20
4.419784
30
0.0
0
VERTEX
8
0
10
23.973251
20
4.566086
30
0.0
0
VERTEX
8
0
10
23.978443
20
4.707673
30
0.0
0
VERTEX
8
0
10
23.991233
20
4.843498
30
0.0
0
VERTEX
8
0
10
24.010893
20
4.972595
30
0.0
0
VERTEX
8
0
10
24.036582
20
5.094095
30
0.0
0
VERTEX
8
0
10
24.067360
20
5.207238
30
0.0
0
VERTEX
8
0
10
24.102200
20
5.311385
30
0.0
0
VERTEX
8
0
10
24.140007
20
5.406030
30
0.0
0
VERTEX
8
0
10
24.179633
20
5.490802
30
0.0
0
VERTEX
8
0
10
24.219892
20
5.565476
30
0.0
0
VERTEX
8
0
10
24.259582
20
5.629973
30
0.0
0
VERTEX
8
0
10
24.297500
20
5.684363
30
0.0
0
VERTEX
8
0
10
24.332461
20
5.728861
30
0.0
0
VERTEX
8
0
10
24.363317
20
5.763829
30
0.0
0
VERTEX
8
0
10
24.388972
20
5.789764
30
0.0
0
VERTEX
8
0
10
24.408401
20
5.807296
30
0.0
0
VERTEX
8
0
10
24.420664
20
5.817174
30
0.0
0
VERTEX
8
0
10
24.424920
20
5.820260
30
0.0
0
VERTEX
8
0
10
24.429705
20
5.823808
30
0.0
0
VERTEX
8
0
10
24.443312
20
5.835353
30
0.0
0
VERTEX
8
0
10
24.464487
20
5.856116
30
0.0
0
VERTEX
8
0
10
24.491819
20
5.887133
30
0.0
0
VERTEX
8
0
10
24.523763
20
5.929233
30
0.0
0
VERTEX
8
0
10
24.558677
20
5.983025
30
0.0
0
VERTEX
8
0
10
24.594848
20
6.048882
30
0.0
0
VERTEX
8
0
10
24.630528
20
6.126934
30
0.0
0
VERTEX
8
0
10
24.663966
20
6.217070
30
0.0
0
VERTEX
8
0
10
24.693444
20
6.318934
30
0.0
0
VERTEX
8
0
10
24.717309
20
6.431936
30
0.0
0
VERTEX
8
0
10
24.734005
20
6.555264
30
0.0
0
VERTEX
8
0
10
24.742103
20
6.687893
30
0.0
0
VERTEX
8
0
10
24.740330
20
6.828613
30
0.0
0
VERTEX
8
0
10
24.727591
20
6.976047
30
0.0
0
VERTEX
8
0
10
24.702993
20
7.128681
30
0.0
0
VERTEX
8
0
10
24.665861
20
7.284887
30
0.0
0
VERTEX
8
0
10
24.615751
20
7.442963
30
0.0
0
VERTEX
8
0
10
24.552459
20
7.601159
30
0.0
0
VERTEX
8
0
10
24.476025
20
7.757714
30
0.0
0
VERTEX
8
0
10
24.386734
20
7.910889
30
0.0
0
VERTEX
8
0
10
24.285105
20
8.058998
30
0.0
0
VERTEX
8
0
10
24.171887
20
8.200447
30
0.0
0
VERTEX
8
0
10
24.048044
20
8.333758
30
0.0
0
VERTEX
8
0
10
23.914733
20
8.457602
30
0.0
0
VERTEX
8
0
10
23.773284
20
8.570819
30
0.0
0
VERTEX
8
0
10
23.625174
20
8.672448
30
0.0
0
VERTEX
8
0
10
23.472000
20
8.761740
30
0.0
0
VERTEX
8
0
10
23.315445
20
8.838173
30
0.0
0
VERTEX
8
0
10
23.157249
20
8.901465
30
0.0
0
VERTEX
8
0
10
22.999173
20
8.951575
30
0.0
0
VERTEX
8
0
10
22.842966
20
8.988707
30
0.0
0
VERTEX
8
0
10
22.690333
20
9.013305
30
0.0
0
VERTEX
8
0
10
22.542899
20
9.026044
30
0.0
0
VERTEX
8
0
10
22.402179
20
9.027817
30
0.0
0
VERTEX
8
0
10
22.269549
20
9.019719
30
0.0
0
VERTEX
8
0
10
22.146222
20
9.003023
30
0.0
0
VERTEX
8
0
10
22.033220
20
8.979158
30
0.0
0
VERTEX
8
0
10
21.931355
20
8.949680
30
0.0
0
VERTEX
8
0
10
21.841220
20
8.916242
30
0.0
0
VERTEX
8
0
10
21.763168
20
8.880562
30
0.0
0
VERTEX
8
0
10
21.697311
20
8.844391
30
0.0
0
VERTEX
8
0
10
21.643519
20
8.809477
30
0.0
0
VERTEX
8
0
10
21.601418
20
8.777533
30
0.0
0
VERTEX
8
0
10
21.570401
20
8.750202
30
0.0
0
VERTEX
8
0
10
21.549639
20
8.729026
30
0.0
0
VERTEX
8
0
10
21.538094
20
8.715419
30
0.0
0
VERTEX
8
0
10
21.534545
20
8.710634
30
0.0
0
VERTEX
8
0
10
21.531460
20
8.706378
30
0.0
0
VERTEX
8
0
10
21.521582
20
8.694115
30
0.0
0
VERTEX
8
0
10
21.504050
20
8.674686
30
0.0
0
VERTEX
8
0
10
21.478115
20
8.649031
30
0.0
0
VERTEX
8
0
10
21.443147
20
8.618176
30
0.0
0
VERTEX
8
0
10
21.398649
20
8.583214
30
0.0
0
VERTEX
8
0
10
21.344259
20
8.545297
30
0.0
0
VERTEX
8
0
10
21.279762
20
8.505607
30
0.0
0
VERTEX
8
0
10
21.205088
20
8.465347
30
0.0
0
VERTEX
8
0
10
21.120316
20
8.425722
30
0.0
0
VERTEX
8
0
10
21.025671
20
8.387914
30
0.0
0
VERTEX
8
0
10
20.921524
20
8.353074
30
0.0
0
VERTEX
8
0
10
20.808381
20
8.322297
30
0.0
0
VERTEX
8
0
10
20.686881
20
8.296607
30
0.0
0
VERTEX
8
0
10
20.557784
20
8.276947
30
0.0
0
VERTEX
8
0
10
20.421959
20
8.264157
30
0.0
0
VERTEX
8
0
10
20.280371
20
8.258966
30
0.0
0
VERTEX
8
0
10
20.134070
20
8.261979
30
0.0
0
VERTEX
8
0
10
19.984170
20
8.273671
30
0.0
0
VERTEX
8
0
10
19.831836
20
8.294375
30
0.0
0
VERTEX
8
0
10
19.678266
20
8.324281
30
0.0
0
VERTEX
8
0
10
19.524670
20
8.363432
30
0.0
0
VERTEX
8
0
10
19.372259
20
8.411721
30
0.0
0
VERTEX
8
0
10
19.222217
20
8.468896
30
0.0
0
VERTEX
8
0
10
19.075693
20
8.534562
30
0.0
0
VERTEX
8
0
10
18.933776
20
8.608188
30
0.0
0
VERTEX
8
0
10
18.797484
20
8.689113
30
0.0
0
VERTEX
8
0
10
18.667747
20
8.776557
30
0.0
0
VERTEX
8
0
10
18.545390
20
8.869633
30
0.0
0
VERTEX
8
0
10
18.431128
20
8.967361
30
0.0
0
VERTEX
8
0
10
18.325546
20
9.068681
30
0.0
0
VERTEX
8
0
10
18.229100
20
9.172469
30
0.0
0
VERTEX
8
0
10
18.142101
20
9.277556
30
0.0
0
VERTEX
8
0
10
18.064717
20
9.382743
30
0.0
0
VERTEX
8
0
10
17.996969
20
9.486821
30
0.0
0
VERTEX
8
0
10
17.938728
20
9.588589
30
0.0
0
VERTEX
8
0
10
17.889720
20
9.686868
30
0.0
0
VERTEX
8
0
10
17.849530
20
9.780525
30
0.0
0
VERTEX
8
0
10
17.817607
20
9.868488
30
0.0
0
VERTEX
8
0
10
17.793272
20
9.949758
30
0.0
0
VERTEX
8
0
10
17.775731
20
10.023429
30
0.0
0
VERTEX
8
0
10
17.764083
20
10.088701
30
0.0
0
VERTEX
8
0
10
17.757339
20
10.144887
30
0.0
0
VERTEX
8
0
10
17.754432
20
10.191431
30
0.0
0
VERTEX
8
0
10
17.754234
20
10.227911
30
0.0
0
VERTEX
8
0
10
17.755575
20
10.254046
30
0.0
0
VERTEX
8
0
10
17.757261
20
10.269702
30
0.0
0
VERTEX
8
0
10
17.758089
20
10.274893
30
0.0
0
VERTEX
8
0
10
17.758963
20
10.280786
30
0.0
0
VERTEX
8
0
10
17.760422
20
10.298571
30
0.0
0
VERTEX
8
0
10
17.760714
20
10.328226
30
0.0
0
VERTEX
8
0
10
17.758107
20
10.369484
30
0.0
0
VERTEX
8
0
10
17.750926
20
10.421842
30
0.0
0
VERTEX
8
0
10
17.737577
20
10.484567
30
0.0
0
VERTEX
8
0
10
17.716586
20
10.556711
30
0.0
0
VERTEX
8
0
10
17.686624
20
10.637132
30
0.0
0
VERTEX
8
0
10
17.646533
20
10.724511
30
0.0
0
VERTEX
8
0
10
17.595348
20
10.817384
30
0.0
0
VERTEX
8
0
10
17.532319
20
10.914165
30
0.0
0
VERTEX
8
0
10
17.456919
20
11.013176
30
0.0
0
VERTEX
8
0
10
17.368862
20
11.112685
30
0.0
0
VERTEX
8
0
10
17.268104
20
11.210935
30
0.0
0
VERTEX
8
0
10
17.154844
20
11.306179
30
0.0
0
VERTEX
8
0
10
17.029523
20
11.396714
30
0.0
0
VERTEX
8
0
10
16.892812
20
11.480912
30
0.0
0
VERTEX
8
0
10
16.745602
20
11.557256
30
0.0
0
VERTEX
8
0
10
16.588987
20
11.624363
30
0.0
0
VERTEX
8
0
10
16.424239
20
11.681018
30
0.0
0
VERTEX
8
0
10
16.252790
20
11.726190
30
0.0
0
VERTEX
8
0
10
16.076198
20
11.759056
30
0.0
0
VERTEX
8
0
10
15.896121
20
11.779019
30
0.0
0
VERTEX
8
0
10
15.714286
20
11.785714
30
0.0
0
VERTEX
8
0
10
15.532450
20
11.779019
30
0.0
0
VERTEX
8
0
10
15.352374
20
11.759056
30
0.0
0
VERTEX
8
0
10
15.175782
20
11.726190
30
0.0
0
VERTEX
8
0
10
15.004332
20
11.681018
30
0.0
0
VERTEX
8
0
10
14.839585
20
11.624363
30
0.0
0
VERTEX
8
0
10
14.682969
20
11.557256
30
0.0
0
VERTEX
8
0
10
14.535759
20
11.480912
30
0.0
0
VERTEX
8
0
10
14.399048
20
11.396714
30
0.0
0
VERTEX
8
0
10
14.273727
20
11.306179
30
0.0
0
VERTEX
8
0
10
14.160467
20
11.210935
30
0.0
0
VERTEX
8
0
10
14.059709
20
11.112685
30
0.0
0
VERTEX
8
0
10
13.971653
20
11.013176
30
0.0
0
VERTEX
8
0
10
13.896253
20
10.914165
30
0.0
0
VERTEX
8
0
10
13.833223
20
10.817384
30
0.0
0
VERTEX
8
0
10
13.782039
20
10.724511
30
0.0
0
VERTEX
8
0
10
13.741947
20
10.637132
30
0.0
0
VERTEX
8
0
10
13.711985
20
10.556711
30
0.0
0
VERTEX
8
0
10
13.690995
20
10.484567
30
0.0
0
VERTEX
8
0
10
13.677646
20
10.421842
30
0.0
0
VERTEX
8
0
10
13.670464
20
10.369484
30
0.0
0
VERTEX
8
0
10
13.667858
20
10.328226
30
0.0
0
VERTEX
8
0
10
13.668150
20
10.298571
30
0.0
0
VERTEX
8
0
10
13.669608
20
10.280786
30
0.0
0
VERTEX
8
0
10
13.670482
20
10.274893
30
0.0
0
VERTEX
8
0
10
13.671310
20
10.269702
30
0.0
0
VERTEX
8
0
10
13.672996
20
10.254046
30
0.0
0
VERTEX
8
0
10
13.674338
20
10.227911
30
0.0
0
VERTEX
8
0
10
13.674140
20
10.191431
30
0.0
0
VERTEX
8
0
10
13.671232
20
10.144887
30
0.0
0
VERTEX
8
0
10
13.664488
20
10.088701
30
0.0
0
VERTEX
8
0
10
13.652841
20
10.023429
30
0.0
0
VERTEX
8
0
10
13.635300
20
9.949758
30
0.0
0
VERTEX
8
0
10
13.610965
20
9.868488
30
0.0
0
VERTEX
8
0
10
13.579041
20
9.780525
30
0.0
0
VERTEX
8
0
10
13.538851
20
9.686868
30
0.0
0
VERTEX
8
0
10
13.489844
20
9.588589
30
0.0
0
VERTEX
8
0
10
13.431603
20
9.486821
30
0.0
0
VERTEX
8
0
10
13.363854
20
9.382743
30
0.0
0
VERTEX
8
0
10
13.286471
20
9.277556
30
0.0
0
VERTEX
8
0
10
13.199472
20
9.172469
30
0.0
0
VERTEX
8
0
10
13.103025
20
9.068681
30
0.0
0
VERTEX
8
0
10
12.997444
20
8.967361
30
0.0
0
VERTEX
8
0
10
12.883181
20
8.869633
30
0.0
0
VERTEX
8
0
10
12.760825
20
8.776557
30
0.0
0
VERTEX
8
0
10
12.631087
20
8.689113
30
0.0
0
VERTEX
8
0
10
12.494795
20
8.608188
30
0.0
0
VERTEX
8
0
10
12.352879
20
8.534562
30
0.0
0
VERTEX
8
0
10
12.206354
20
8.468896
30
0.0
0
VERTEX
8
0
10
12.056313
20
8.411721
30
0.0
0
VERTEX
8
0
10
11.903901
20
8.363432
30
0.0
0
VERTEX
8
0
10
11.750306
20
8.324281
30
0.0
0
VERTEX
8
0
10
11.596735
20
8.294375
30
0.0
0
VERTEX
8
0
10
11.444401
20
8.273671
30
0.0
0
VERTEX
8
0
10
11.294501
20
8.261979
30
0.0
0
VERTEX
8
0
10
11.148200
20
8.258966
30
0.0
0
VERTEX
8
0
10
11.006613
20
8.264157
30
0.0
0
VERTEX
8
0
10
10.870787
20
8.276947
30
0.0
0
VERTEX
8
0
10
10.741690
20
8.296607
30
0.0
0
VERTEX
8
0
10
10.620191
20
8.322297
30
0.0
0
VERTEX
8
0
10
10.507048
20
8.353074
30
0.0
0
VERTEX
8
0
10
10.402900
20
8.387914
30
0.0
0
VERTEX
8
0
10
10.308256
20
8.425722
30
0.0
0
VERTEX
8
0
10
10.223484
20
8.465347
30
0.0
0
VERTEX
8
0
10
10.148810
20
8.505607
30
0.0
0
VERTEX
8
0
10
10.084312
20
8.545297
30
0.0
0
VERTEX
8
0
10
10.029923
20
8.583214
30
0.0
0
VERTEX
8
0
10
9.985424
20
8.618176
30
0.0
0
VERTEX
8
0
10
9.950457
20
8.649031
30
0.0
0
VERTEX
8
0
10
9.924521
20
8.674686
30
0.0
0
VERTEX
8
0
10
9.906990
20
8.694115
30
0.0
0
VERTEX
8
0
10
9.897111
20
8.706378
30
0.0
0
VERTEX
8
0
10
9.894026
20
8.710634
30
0.0
0
VERTEX
8
0
10
9.890477
20
8.715419
30
0.0
0
VERTEX
8
0
10
9.878933
20
8.729026
30
0.0
0
VERTEX
8
0
10
9.858170
20
8.750202
30
0.0
0
VERTEX
8
0
10
9.827153
20
8.777533
30
0.0
0
VERTEX
8
0
10
9.785052
20
8.809477
30
0.0
0
VERTEX
8
0
10
9.731260
20
8.844391
30
0.0
0
VERTEX
8
0
10
9.665404
20
8.880562
30
0.0
0
VERTEX
8
0
10
9.587352
20
8.916242
30
0.0
0
VERTEX
8
0
10
9.497216
20
8.949680
30
0.0
0
VERTEX
8
0
10
9.395352
20
8.979158
30
0.0
0
VERTEX
8
0
10
9.282349
20
9.003023
30
0.0
0
VERTEX
8
0
10
9.159022
20
9.019719
30
0.0
0
VERTEX
8
0
10
9.026393
20
9.027817
30
0.0
0
VERTEX
8
0
10
8.885673
20
9.026044
30
0.0
0
VERTEX
8
0
10
8.738238
20
9.013305
30
0.0
0
VERTEX
8
0
10
8.585605
20
8.988707
30
0.0
0
VERTEX
8
0
10
8.429399
20
8.951575
30
0.0
0
VERTEX
8
0
10
8.271323
20
8.901465
30
0.0
0
VERTEX
8
0
10
8.113126
20
8.838173
30
0.0
0
VERTEX
8
0
10
7.956571
20
8.761740
30
0.0
0
VERTEX
8
0
10
7.803397
20
8.672448
30
0.0
0
VERTEX
8
0
10
7.655287
20
8.570819
30
0.0
0
VERTEX
8
0
10
7.513838
20
8.457602
30
0.0
0
VERTEX
8
0
10
7.380527
20
8.333758
30
0.0
0
VERTEX
8
0
10
7.256684
20
8.200447
30
0.0
0
VERTEX
8
0
10
7.143467
20
8.058998
30
0.0
0
VERTEX
8
0
10
7.041838
20
7.910889
30
0.0
0
VERTEX
8
0
10
6.952546
20
7.757714
30
0.0
0
VERTEX
8
0
10
6.876113
20
7.601159
30
0.0
0
VERTEX
8
0
10
6.812821
20
7.442963
30
0.0
0
VERTEX
8
0
10
6.762711
20
7.284887
30
0.0
0
VERTEX
8
0
10
6.725579
20
7.128681
30
0.0
0
VERTEX
8
0
10
6.700981
20
6.976047
30
0.0
0
VERTEX
8
0
10
6.688242
20
6.828613
30
0.0
0
VERTEX
8
0
10
6.686468
20
6.687893
30
0.0
0
VERTEX
8
0
10
6.694567
20
6.555264
30
0.0
0
VERTEX
8
0
10
6.711263
20
6.431936
30
0.0
0
VERTEX
8
0
10
6.735128
20
6.318934
30
0.0
0
VERTEX
8
0
10
6.764606
20
6.217070
30
0.0
0
VERTEX
8
0
10
6.798044
20
6.126934
30
0.0
0
VERTEX
8
0
10
6.833724
20
6.048882
30
0.0
0
VERTEX
8
0
10
6.869894
20
5.983025
30
0.0
0
VERTEX
8
0
10
6.904808
20
5.929233
30
0.0
0
VERTEX
8
0
10
6.936753
20
5.887133
30
0.0
0
VERTEX
8
0
10
6.964084
20
5.856116
30
0.0
0
VERTEX
8
0
10
6.985260
20
5.835353
30
0.0
0
VERTEX
8
0
10
6.998867
20
5.823808
30
0.0
0
VERTEX
8
0
10
7.003652
20
5.820260
30
0.0
0
VERTEX
8
0
10
7.007908
20
5.817174
30
0.0
0
VERTEX
8
0
10
7.020171
20
5.807296
30
0.0
0
VERTEX
8
0
10
7.039600
20
5.789764
30
0.0
0
VERTEX
8
0
10
7.065255
20
5.763829
30
0.0
0
VERTEX
8
0
10
7.096110
20
5.728861
30
0.0
0
VERTEX
8
0
10
7.131071
20
5.684363
30
0.0
0
VERTEX
8
0
10
7.168989
20
5.629973
30
0.0
0
VERTEX
8
0
10
7.208679
20
5.565476
30
0.0
0
VERTEX
8
0
10
7.248938
20
5.490802
30
0.0
0
VERTEX
8
0
10
7.288564
20
5.406030
30
0.0
0
VERTEX
8
0
10
7.326371
20
5.311385
30
0.0
0
VERTEX
8
0
10
7.361212
20
5.207238
30
0.0
0
VERTEX
8
0
10
7.391989
20
5.094095
30
0.0
0
VERTEX
8
0
10
7.417678
20
4.972595
30
0.0
0
VERTEX
8
0
10
7.437339
20
4.843498
30
0.0
0
VERTEX
8
0
10
7.450129
20
4.707673
30
0.0
0
VERTEX
8
0
10
7.455320
20
4.566086
30
0.0
0
VERTEX
8
0
10
7.452307
20
4.419784
30
0.0
0
VERTEX
8
0
10
7.440615
20
4.269884
30
0.0
0
VERTEX
8
0
10
7.419911
20
4.117551
30
0.0
0
VERTEX
8
0
10
7.390005
20
3.963980
30
0.0
0
VERTEX
8
0
10
7.350854
20
3.810385
30
0.0
0
VERTEX
8
0
10
7.302565
20
3.657973
30
0.0
0
VERTEX
8
0
10
7.245390
20
3.507931
30
0.0
0
VERTEX
8
0
10
7.179724
20
3.361407
30
0.0
0
VERTEX
8
0
10
7.106098
20
3.219490
30
0.0
0
VERTEX
8
0
10
7.025173
20
3.083199
30
0.0
0
VERTEX
8
0
10
6.937729
20
2.953461
30
0.0
0
VERTEX
8
0
10
6.844653
20
2.831104
30
0.0
0
VERTEX
8
0
10
6.746925
20
2.716842
30
0.0
0
VERTEX
8
0
10
6.645605
20
2.611261
30
0.0
0
VERTEX
8
0
10
6.541817
20
2.514814
30
0.0
0
VERTEX
8
0
10
6.436730
20
2.427815
30
0.0
0
VERTEX
8
0
10
6.331542
20
2.350431
30
0.0
0
VERTEX
8
0
10
6.227464
20
2.282683
30
0.0
0
VERTEX
8
0
10
6.125697
20
2.224442
30
0.0
0
VERTEX
8
0
10
6.027418
20
2.175434
30
0.0
0
VERTEX
8
0
10
5.933760
20
2.135244
30
0.0
0
VERTEX
8
0
10
5.845798
20
2.103321
30
0.0
0
VERTEX
8
0
10
5.764528
20
2.078986
30
0.0
0
VERTEX
8
0
10
5.690856
20
2.061445
30
0.0
0
VERTEX
8
0
10
5.625585
20
2.049798
30
0.0
0
VERTEX
8
0
10
5.569399
20
2.043054
30
0.0
0
VERTEX
8
0
10
5.522854
20
2.040146
30
0.0
0
VERTEX
8
0
10
5.486375
20
2.039948
30
0.0
0
VERTEX
8
0
10
5.460240
20
2.041289
30
0.0
0
VERTEX
8
0
10
5.444583
20
2.042975
30
0.0
0
VERTEX
8
0
10
5.439392
20
2.043803
30
0.0
0
VERTEX
8
0
10
5.433500
20
2.044677
30
0.0
0
VERTEX
8
0
10
5.415715
20
2.046136
30
0.0
0
VERTEX
8
0
10
5.386060
20
2.046428
30
0.0
0
VERTEX
8
0
10
5.344801
20
2.043822
30
0.0
0
VERTEX
8
0
10
5.292443
20
2.036640
30
0.0
0
VERTEX
8
0
10
5.229719
20
2.023291
30
0.0
0
VERTEX
8
0
10
5.157575
20
2.002300
30
0.0
0
VERTEX
8
0
10
5.077154
20
1.972338
30
0.0
0
VERTEX
8
0
10
4.989774
20
1.932247
30
0.0
0
VERTEX
8
0
10
4.896901
20
1.881063
30
0.0
0
VERTEX
8
0
10
4.800121
20
1.818033
30
0.0
0
VERTEX
8
0
10
4.701110
20
1.742633
30
0.0
0
VERTEX
8
0
10
4.601600
20
1.654576
30
0.0
0
VERTEX
8
0
10
4.503350
20
1.553818
30
0.0
0
VERTEX
8
0
10
4.408106
20
1.440559
30
0.0
0
VERTEX
8
0
10
4.317572
20
1.315237
30
0.0
0
VERTEX
8
0
10
4.233373
20
1.178526
30
0.0
0
VERTEX
8
0
10
4.157030
20
1.031317
30
0.0
0
VERTEX
8
0
10
4.089922
20
0.874701
30
0.0
0
VERTEX
8
0
10
4.033268
20
0.709953
30
0.0
0
VERTEX
8
0
10
3.988096
20
0.538504
30
0.0
0
VERTEX
8
0
10
3.955229
20
0.361912
30
0.0
0
VERTEX
8
0
10
3.935266
20
0.181835
30
0.0
0
VERTEX
8
0
10
3.928571
20
0.000000
30
0.0
0
VERTEX
8
0
10
3.935266
20
-0.181835
30
0.0
0
VERTEX
8
0
10
3.955229
20
-0.361912
30
0.0
0
VERTEX
8
0
10
3.988096
20
-0.538504
30
0.0
0
VERTEX
8
0
10
4.033268
20
-0.709953
30
0.0
0
VERTEX
8
0
10
4.089922
20
-0.874701
30
0.0
0
VERTEX
8
0
10
4.157030
20
-1.031317
30
0.0
0
VERTEX
8
0
10
4.233373
20
-1.178526
30
0.0
0
VERTEX
8
0
10
4.317572
20
-1.315237
30
0.0
0
VERTEX
8
0
10
4.408106
20
-1.440559
30
0.0
0
VERTEX
8
0
10
4.503350
20
-1.553818
30
0.0
0
VERTEX
8
0
10
4.601600
20
-1.654576
30
0.0
0
VERTEX
8
0
10
4.701110
20
-1.742633
30
0.0
0
VERTEX
8
0
10
4.800121
20
-1.818033
30
0.0
0
VERTEX
8
0
10
4.896901
20
-1.881063
30
0.0
0
VERTEX
8
0
10
4.989774
20
-1.932247
30
0.0
0
VERTEX
8
0
10
5.077154
20
-1.972338
30
0.0
0
VERTEX
8
0
10
5.157575
20
-2.002300
30
0.0
0
VERTEX
8
0
10
5.229719
20
-2.023291
30
0.0
0
VERTEX
8
0
10
5.292443
20
-2.036640
30
0.0
0
VERTEX
8
0
10
5.344801
20
-2.043822
30
0.0
0
VERTEX
8
0
10
5.386060
20
-2.046428
30
0.0
0
VERTEX
8
0
10
5.415715
20
-2.046136
30
0.0
0
VERTEX
8
0
10
5.433500
20
-2.044677
30
0.0
0
VERTEX
8
0
10
5.439392
20
-2.043803
30
0.0
0
VERTEX
8
0
10
5.444583
20
-2.042975
30
0.0
0
VERTEX
8
0
10
5.460240
20
-2.041289
30
0.0
0
VERTEX
8
0
10
5.486375
20
-2.039948
30
0.0
0
VERTEX
8
0
10
5.522854
20
-2.040146
30
0.0
0
VERTEX
8
0
10
5.569399
20
-2.043054
30
0.0
0
VERTEX
8
0
10
5.625585
20
-2.049798
30
0.0
0
VERTEX
8
0
10
5.690856
20
-2.061445
30
0.0
0
VERTEX
8
0
10
5.764528
20
-2.078986
30
0.0
0
VERTEX
8
0
10
5.845798
20
-2.103321
30
0.0
0
VERTEX
8
0
10
5.933760
20
-2.135244
30
0.0
0
VERTEX
8
0
10
6.027418
20
-2.175434
30
0.0
0
VERTEX
8
0
10
6.125697
20
-2.224442
30
0.0
0
VERTEX
8
0
10
6.227464
20
-2.282683
30
0.0
0
VERTEX
8
0
10
6.331542
20
-2.350431
30
0.0
0
VERTEX
8
0
10
6.436730
20
-2.427815
30
0.0
0
VERTEX
8
0
10
6.541817
20
-2.514814
30
0.0
0
VERTEX
8
0
10
6.645605
20
-2.611261
30
0.0
0
VERTEX
8
0
10
6.746925
20
-2.716842
30
0.0
0
VERTEX
8
0
10
6.844653
20
-2.831104
30
0.0
0
VERTEX
8
0
10
6.937729
20
-2.953461
30
0.0
0
VERTEX
8
0
10
7.025173
20
-3.083199
30
0.0
0
VERTEX
8
0
10
7.106098
20
-3.219490
30
0.0
0
VERTEX
8
0
10
7.179724
20
-3.361407
30
0.0
0
VERTEX
8
0
10
7.245390
20
-3.507931
30
0.0
0
VERTEX
8
0
10
7.302565
20
-3.657973
30
0.0
0
VERTEX
8
0
10
7.350854
20
-3.810385
30
0.0
0
VERTEX
8
0
10
7.390005
20
-3.963980
30
0.0
0
VERTEX
8
0
10
7.419911
20
-4.117551
30
0.0
0
VERTEX
8
0
10
7.440615
20
-4.269884
30
0.0
0
VERTEX
8
0
10
7.452307
20
-4.419784
30
0.0
0
VERTEX
8
0
10
7.455320
20
-4.566086
30
0.0
0
VERTEX
8
0
10
7.450129
20
-4.707673
30
0.0
0
VERTEX
8
0
10
7.437339
20
-4.843498
30
0.0
0
VERTEX
8
0
10
7.417678
20
-4.972595
30
0.0
0
VERTEX
8
0
10
7.391989
20
-5.094095
30
0.0
0
VERTEX
8
0
10
7.361212
20
-5.207238
30
0.0
0
VERTEX
8
0
10
7.326371
20
-5.311385
30
0.0
0
VERTEX
8
0
10
7.288564
20
-5.406030
30
0.0
0
VERTEX
8
0
10
7.248938
20
-5.490802
30
0.0
0
VERTEX
8
0
10
7.208679
20
-5.565476
30
0.0
0
VERTEX
8
0
10
7.168989
20
-5.629973
30
0.0
0
VERTEX
8
0
10
7.131071
20
-5.684363
30
0.0
0
VERTEX
8
0
10
7.096110
20
-5.728861
30
0.0
0
VERTEX
8
0
10
7.065255
20
-5.763829
30
0.0
0
VERTEX
8
0
10
7.039600
20
-5.789764
30
0.0
0
VERTEX
8
0
10
7.020171
20
-5.807296
30
0.0
0
VERTEX
8
0
10
7.007908
20
-5.817174
30
0.0
0
VERTEX
8
0
10
7.003652
20
-5.820260
30
0.0
0
VERTEX
8
0
10
6.998867
20
-5.823808
30
0.0
0
VERTEX
8
0
10
6.985260
20
-5.835353
30
0.0
0
VERTEX
8
0
10
6.964084
20
-5.856116
30
0.0
0
VERTEX
8
0
10
6.936753
20
-5.887133
30
0.0
0
VERTEX
8
0
10
6.904808
20
-5.929233
30
0.0
0
VERTEX
8
0
10
6.869894
20
-5.983025
30
0.0
0
VERTEX
8
0
10
6.833724
20
-6.048882
30
0.0
0
VERTEX
8
0
10
6.798044
20
-6.126934
30
0.0
0
VERTEX
8
0
10
6.764606
20
-6.217070
30
0.0
0
VERTEX
8
0
10
6.735128
20
-6.318934
30
0.0
0
VERTEX
8
0
10
6.711263
20
-6.431936
30
0.0
0
VERTEX
8
0
10
6.694567
20
-6.555264
30
0.0
0
VERTEX
8
0
10
6.686468
20
-6.687893
30
0.0
0
VERTEX
8
0
10
6.688242
20
-6.828613
30
0.0
0
VERTEX
8
0
10
6.700981
20
-6.976047
30
0.0
0
VERTEX
8
0
10
6.725579
20
-7.128681
30
0.0
0
VERTEX
8
0
10
6.762711
20
-7.284887
30
0.0
0
VERTEX
8
0
10
6.812821
20
-7.442963
30
0.0
0
VERTEX
8
0
10
6.876113
20
-7.601159
30
0.0
0
VERTEX
8
0
10
6.952546
20
-7.757714
30
0.0
0
VERTEX
8
0
10
7.041838
20
-7.910889
30
0.0
0
VERTEX
8
0
10
7.143467
20
-8.058998
30
0.0
0
VERTEX
8
0
10
7.256684
20
-8.200447
30
0.0
0
VERTEX
8
0
10
7.380527
20
-8.333758
30
0.0
0
VERTEX
8
0
10
7.513838
20
-8.457602
30
0.0
0
VERTEX
8
0
10
7.655287
20
-8.570819
30
0.0
0
VERTEX
8
0
10
7.803397
20
-8.672448
30
0.0
0
VERTEX
8
0
10
7.956571
20
-8.761740
30
0.0
0
VERTEX
8
0
10
8.113126
20
-8.838173
30
0.0
0
VERTEX
8
0
10
8.271323
20
-8.901465
30
0.0
0
VERTEX
8
0
10
8.429399
20
-8.951575
30
0.0
0
VERTEX
8
0
10
8.585605
20
-8.988707
30
0.0
0
VERTEX
8
0
10
8.738238
20
-9.013305
30
0.0
0
VERTEX
8
0
10
8.885673
20
-9.026044
30
0.0
0
VERTEX
8
0
10
9.026393
20
-9.027817
30
0.0
0
VERTEX
8
0
10
9.159022
20
-9.019719
30
0.0
0
VERTEX
8
0
10
9.282349
20
-9.003023
30
0.0
0
VERTEX
8
0
10
9.395352
20
-8.979158
30
0.0
0
VERTEX
8
0
10
9.497216
20
-8.949680
30
0.0
0
VERTEX
8
0
10
9.587352
20
-8.916242
30
0.0
0
VERTEX
8
0
10
9.665404
20
-8.880562
30
0.0
0
VERTEX
8
0
10
9.731260
20
-8.844391
30
0.0
0
VERTEX
8
0
10
9.785052
20
-8.809477
30
0.0
0
VERTEX
8
0
10
9.827153
20
-8.777533
30
0.0
0
VERTEX
8
0
10
9.858170
20
-8.750202
30
0.0
0
VERTEX
8
0
10
9.878933
20
-8.729026
30
0.0
0
VERTEX
8
0
10
9.890477
20
-8.715419
30
0.0
0
VERTEX
8
0
10
9.894026
20
-8.710634
30
0.0
0
VERTEX
8
0
10
9.897111
20
-8.706378
30
0.0
0
VERTEX
8
0
10
9.906990
20
-8.694115
30
0.0
0
VERTEX
8
0
10
9.924521
20
-8.674686
30
0.0
0
VERTEX
8
0
10
9.950457
20
-8.649031
30
0.0
0
VERTEX
8
0
10
9.985424
20
-8.618176
30
0.0
0
VERTEX
8
0
10
10.029923
20
-8.583214
30
0.0
0
VERTEX
8
0
10
10.084312
20
-8.545297
30
0.0
0
VERTEX
8
0
10
10.148810
20
-8.505607
30
0.0
0
VERTEX
8
0
10
10.223484
20
-8.465347
30
0.0
0
VERTEX
8
0
10
10.308256
20
-8.425722
30
0.0
0
VERTEX
8
0
10
10.402900
20
-8.387914
30
0.0
0
VERTEX
8
0
10
10.507048
20
-8.353074
30
0.0
0
VERTEX
8
0
10
10.620191
20
-8.322297
30
0.0
0
VERTEX
8
0
10
10.741690
20
-8.296607
30
0.0
0
VERTEX
8
0
10
10.870787
20
-8.276947
30
0.0
0
VERTEX
8
0
10
11.006613
20
-8.264157
30
0.0
0
VERTEX
8
0
10
11.148200
20
-8.258966
30
0.0
0
VERTEX
8
0
10
11.294501
20
-8.261979
30
0.0
0
VERTEX
8
0
10
11.444401
20
-8.273671
30
0.0
0
VERTEX
8
0
10
11.596735
20
-8.294375
30
0.0
0
VERTEX
8
0
10
11.750306
20
-8.324281
30
0.0
0
VERTEX
8
0
10
11.903901
20
-8.363432
30
0.0
0
VERTEX
8
0
10
12.056313
20
-8.411721
30
0.0
0
VERTEX
8
0
10
12.206354
20
-8.468896
30
0.0
0
VERTEX
8
0
10
12.352879
20
-8.534562
30
0.0
0
VERTEX
8
0
10
12.494795
20
-8.608188
30
0.0
0
VERTEX
8
0
10
12.631087
20
-8.689113
30
0.0
0
VERTEX
8
0
10
12.760825
20
-8.776557
30
0.0
0
VERTEX
8
0
10
12.883181
20
-8.869633
30
0.0
0
VERTEX
8
0
10
12.997444
20
-8.967361
30
0.0
0
VERTEX
8
0
10
13.103025
20
-9.068681
30
0.0
0
VERTEX
8
0
10
13.199472
20
-9.172469
30
0.0
0
VERTEX
8
0
10
13.286471
20
-9.277556
30
0.0
0
VERTEX
8
0
10
13.363854
20
-9.382743
30
0.0
0
VERTEX
8
0
10
13.431603
20
-9.486821
30
0.0
0
VERTEX
8
0
10
13.489844
20
-9.588589
30
0.0
0
VERTEX
8
0
10
13.538851
20
-9.686868
30
0.0
0
VERTEX
8
0
10
13.579041
20
-9.780525
30
0.0
0
VERTEX
8
0
10
13.610965
20
-9.868488
30
0.0
0
VERTEX
8
0
10
13.635300
20
-9.949758
30
0.0
0
VERTEX
8
0
10
13.652841
20
-10.023429
30
0.0
0
VERTEX
8
0
10
13.664488
20
-10.088701
30
0.0
0
VERTEX
8
0
10
13.671232
20
-10.144887
30
0.0
0
VERTEX
8
0
10
13.674140
20
-10.191431
30
0.0
0
VERTEX
8
0
10
13.674338
20
-10.227911
30
0.0
0
VERTEX
8
0
10
13.672996
20
-10.254046
30
0.0
0
VERTEX
8
0
10
13.671310
20
-10.269702
30
0.0
0
VERTEX
8
0
10
13.670482
20
-10.274893
30
0.0
0
VERTEX
8
0
10
13.669608
20
-10.280786
30
0.0
0
VERTEX
8
0
10
13.668150
20
-10.298571
30
0.0
0
VERTEX
8
0
10
13.667858
20
-10.328226
30
0.0
0
VERTEX
8
0
10
13.670464
20
-10.369484
30
0.0
0
VERTEX
8
0
10
13.677646
20
-10.421842
30
0.0
0
VERTEX
8
0
10
13.690995
20
-10.484567
30
0.0
0
VERTEX
8
0
10
13.711985
20
-10.556711
30
0.0
0
VERTEX
8
0
10
13.741947
20
-10.637132
30
0.0
0
VERTEX
8
0
10
13.782039
20
-10.724511
30
0.0
0
VERTEX
8
0
10
13.833223
20
-10.817384
30
0.0
0
VERTEX
8
0
10
13.896253
20
-10.914165
30
0.0
0
VERTEX
8
0
10
13.971653
20
-11.013176
30
0.0
0
VERTEX
8
0
10
14.059709
20
-11.112685
30
0.0
0
VERTEX
8
0
10
14.160467
20
-11.210935
30
0.0
0
VERTEX
8
0
10
14.273727
20
-11.306179
30
0.0
0
VERTEX
8
0
10
14.399048
20
-11.396714
30
0.0
0
VERTEX
8
0
10
14.535759
20
-11.480912
30
0.0
0
VERTEX
8
0
10
14.682969
20
-11.557256
30
0.0
0
VERTEX
8
0
10
14.839585
20
-11.624363
30
0.0
0
VERTEX
8
0
10
15.004332
20
-11.681018
30
0.0
0
VERTEX
8
0
10
15.175782
20
-11.726190
30
0.0
0
VERTEX
8
0
10
15.352374
20
-11.759056
30
0.0
0
VERTEX
8
0
10
15.532450
20
-11.779019
30
0.0
0
VERTEX
8
0
10
15.714286
20
-11.785714
30
0.0
0
VERTEX
8
0
10
15.896121
20
-11.779019
30
0.0
0
VERTEX
8
0
10
16.076198
20
-11.759056
30
0.0
0
VERTEX
8
0
10
16.252790
20
-11.726190
30
0.0
0
VERTEX
8
0
10
16.424239
20
-11.681018
30
0.0
0
VERTEX
8
0
10
16.588987
20
-11.624363
30
0.0
0
VERTEX
8
0
10
16.745602
20
-11.557256
30
0.0
0
VERTEX
8
0
10
16.892812
20
-11.480912
30
0.0
0
VERTEX
8
0
10
17.029523
20
-11.396714
30
0.0
0
VERTEX
8
0
10
17.154844
20
-11.306179
30
0.0
0
VERTEX
8
0
10
17.268104
20
-11.210935
30
0.0
0
VERTEX
8
0
10
17.368862
20
-11.112685
30
0.0
0
VERTEX
8
0
10
17.456919
20
-11.013176
30
0.0
0
VERTEX
8
0
10
17.532319
20
-10.914165
30
0.0
0
VERTEX
8
0
10
17.595348
20
-10.817384
30
0.0
0
VERTEX
8
0
10
17.646533
20
-10.724511
30
0.0
0
VERTEX
8
0
10
17.686624
20
-10.637132
30
0.0
0
VERTEX
8
0
10
17.716586
20
-10.556711
30
0.0
0
VERTEX
8
0
10
17.737577
20
-10.484567
30
0.0
0
VERTEX
8
0
10
17.750926
20
-10.421842
30
0.0
0
VERTEX
8
0
10
17.758107
20
-10.369484
30
0.0
0
VERTEX
8
0
10
17.760714
20
-10.328226
30
0.0
0
VERTEX
8
0
10
17.760422
20
-10.298571
30
0.0
0
VERTEX
8
0
10
17.758963
20
-10.280786
30
0.0
0
VERTEX
8
0
10
17.758089
20
-10.274893
30
0.0
0
VERTEX
8
0
10
17.757261
20
-10.269702
30
0.0
0
VERTEX
8
0
10
17.755575
20
-10.254046
30
0.0
0
VERTEX
8
0
10
17.754234
20
-10.227911
30
0.0
0
VERTEX
8
0
10
17.754432
20
-10.191431
30
0.0
0
VERTEX
8
0
10
17.757339
20
-10.144887
30
0.0
0
VERTEX
8
0
10
17.764083
20
-10.088701
30
0.0
0
VERTEX
8
0
10
17.775731
20
-10.023429
30
0.0
0
VERTEX
8
0
10
17.793272
20
-9.949758
30
0.0
0
VERTEX
8
0
10
17.817607
20
-9.868488
30
0.0
0
VERTEX
8
0
10
17.849530
20
-9.780525
30
0.0
0
VERTEX
8
0
10
17.889720
20
-9.686868
30
0.0
0
VERTEX
8
0
10
17.938728
20
-9.588589
30
0.0
0
VERTEX
8
0
10
17.996969
20
-9.486821
30
0.0
0
VERTEX
8
0
10
18.064717
20
-9.382743
30
0.0
0
VERTEX
8
0
10
18.142101
20
-9.277556
30
0.0
0
VERTEX
8
0
10
18.229100
20
-9.172469
30
0.0
0
VERTEX
8
0
10
18.325546
20
-9.068681
30
0.0
0
VERTEX
8
0
10
18.431128
20
-8.967361
30
0.0
0
VERTEX
8
0
10
18.545390
20
-8.869633
30
0.0
0
VERTEX
8
0
10
18.667747
20
-8.776557
30
0.0
0
VERTEX
8
0
10
18.797484
20
-8.689113
30
0.0
0
VERTEX
8
0
10
18.933776
20
-8.608188
30
0.0
0
VERTEX
8
0
10
19.075693
20
-8.534562
30
0.0
0
VERTEX
8
0
10
19.222217
20
-8.468896
30
0.0
0
VERTEX
8
0
10
19.372259
20
-8.411721
30
0.0
0
VERTEX
8
0
10
19.524670
20
-8.363432
30
0.0
0
VERTEX
8
0
10
19.678266
20
-8.324281
30
0.0
0
VERTEX
8
0
10
19.831836
20
-8.294375
30
0.0
0
VERTEX
8
0
10
19.984170
20
-8.273671
30
0.0
0
VERTEX
8
0
10
20.134070
20
-8.261979
30
0.0
0
VERTEX
8
0
10
20.280371
20
-8.258966
30
0.0
0
VERTEX
8
0
10
20.421959
20
-8.264157
30
0.0
0
VERTEX
8
0
10
20.557784
20
-8.276947
30
0.0
0
VERTEX
8
0
10
20.686881
20
-8.296607
30
0.0
0
VERTEX
8
0
10
20.808381
20
-8.322297
30
0.0
0
VERTEX
8
0
10
20.921524
20
-8.353074
30
0.0
0
VERTEX
8
0
10
21.025671
20
-8.387914
30
0.0
0
VERTEX
8
0
10
21.120316
20
-8.425722
30
0.0
0
VERTEX
8
0
10
21.205088
20
-8.465347
30
0.0
0
VERTEX
8
0
10
21.279762
20
-8.505607
30
0.0
0
VERTEX
8
0
10
21.344259
20
-8.545297
30
0.0
0
VERTEX
8
0
10
21.398649
20
-8.583214
30
0.0
0
VERTEX
8
0
10
21.443147
20
-8.618176
30
0.0
0
VERTEX
8
0
10
21.478115
20
-8.649031
30
0.0
0
VERTEX
8
0
10
21.504050
20
-8.674686
30
0.0
0
VERTEX
8
0
10
21.521582
20
-8.694115
30
0.0
0
VERTEX
8
0
10
21.531460
20
-8.706378
30
0.0
0
VERTEX
8
0
10
21.534545
20
-8.710634
30
0.0
0
VERTEX
8
0
10
21.538094
20
-8.715419
30
0.0
0
VERTEX
8
0
10
21.549639
20
-8.729026
30
0.0
0
VERTEX
8
0
10
21.570401
20
-8.750202
30
0.0
0
VERTEX
8
0
10
21.601418
20
-8.777533
30
0.0
0
VERTEX
8
0
10
21.643519
20
-8.809477
30
0.0
0
VERTEX
8
0
10
21.697311
20
-8.844391
30
0.0
0
VERTEX
8
0
10
21.763168
20
-8.880562
30
0.0
0
VERTEX
8
0
10
21.841220
20
-8.916242
30
0.0
0
VERTEX
8
0
10
21.931355
20
-8.949680
30
0.0
0
VERTEX
8
0
10
22.033220
20
-8.979158
30
0.0
0
VERTEX
8
0
10
22.146222
20
-9.003023
30
0.0
0
VERTEX
8
0
10
22.269549
20
-9.019719
30
0.0
0
VERTEX
8
0
10
22.402179
20
-9.027817
30
0.0
0
VERTEX
8
0
10
22.542899
20
-9.026044
30
0.0
0
VERTEX
8
0
10
22.690333
20
-9.013305
30
0.0
0
VERTEX
8
0
10
22.842966
20
-8.988707
30
0.0
0
VERTEX
8
0
10
22.999173
20
-8.951575
30
0.0
0
VERTEX
8
0
10
23.157249
20
-8.901465
30
0.0
0
VERTEX
8
0
10
23.315445
20
-8.838173
30
0.0
0
VERTEX
8
0
10
23.472000
20
-8.761740
30
0.0
0
VERTEX
8
0
10
23.625174
20
-8.672448
30
0.0
0
VERTEX
8
0
10
23.773284
20
-8.570819
30
0.0
0
VERTEX
8
0
10
23.914733
20
-8.457602
30
0.0
0
VERTEX
8
0
10
24.048044
20
-8.333758
30
0.0
0
VERTEX
8
0
10
24.171887
20
-8.200447
30
0.0
0
VERTEX
8
0
10
24.285105
20
-8.058998
30
0.0
0
VERTEX
8
0
10
24.386734
20
-7.910889
30
0.0
0
VERTEX
8
0
10
24.476025
20
-7.757714
30
0.0
0
VERTEX
8
0
10
24.552459
20
-7.601159
30
0.0
0
VERTEX
8
0
10
24.615751
20
-7.442963
30
0.0
0
VERTEX
8
0
10
24.665861
20
-7.284887
30
0.0
0
VERTEX
8
0
10
24.702993
20
-7.128681
30
0.0
0
VERTEX
8
0
10
24.727591
20
-6.976047
30
0.0
0
VERTEX
8
0
10
24.740330
20
-6.828613
30
0.0
0
VERTEX
8
0
10
24.742103
20
-6.687893
30
0.0
0
VERTEX
8
0
10
24.734005
20
-6.555264
30
0.0
0
VERTEX
8
0
10
24.717309
20
-6.431936
30
0.0
0
VERTEX
8
0
10
24.693444
20
-6.318934
30
0.0
0
VERTEX
8
0
10
24.663966
20
-6.217070
30
0.0
0
VERTEX
8
0
10
24.630528
20
-6.126934
30
0.0
0
VERTEX
8
0
10
24.594848
20
-6.048882
30
0.0
0
VERTEX
8
0
10
24.558677
20
-5.983025
30
0.0
0
VERTEX
8
0
10
24.523763
20
-5.929233
30
0.0
0
VERTEX
8
0
10
24.491819
20
-5.887133
30
0.0
0
VERTEX
8
0
10
24.464487
20
-5.856116
30
0.0
0
VERTEX
8
0
10
24.443312
20
-5.835353
30
0.0
0
VERTEX
8
0
10
24.429705
20
-5.823808
30
0.0
0
VERTEX
8
0
10
24.424920
20
-5.820260
30
0.0
0
VERTEX
8
0
10
24.420664
20
-5.817174
30
0.0
0
VERTEX
8
0
10
24.408401
20
-5.807296
30
0.0
0
VERTEX
8
0
10
24.388972
20
-5.789764
30
0.0
0
VERTEX
8
0
10
24.363317
20
-5.763829
30
0.0
0
VERTEX
8
0
10
24.332461
20
-5.728861
30
0.0
0
VERTEX
8
0
10
24.297500
20
-5.684363
30
0.0
0
VERTEX
8
0
10
24.259582
20
-5.629973
30
0.0
0
VERTEX
8
0
10
24.219892
20
-5.565476
30
0.0
0
VERTEX
8
0
10
24.179633
20
-5.490802
30
0.0
0
VERTEX
8
0
10
24.140007
20
-5.406030
30
0.0
0
VERTEX
8
0
10
24.102200
20
-5.311385
30
0.0
0
VERTEX
8
0
10
24.067360
20
-5.207238
30
0.0
0
VERTEX
8
0
10
24.036582
20
-5.094095
30
0.0
0
VERTEX
8
0
10
24.010893
20
-4.972595
30
0.0
0
VERTEX
8
0
10
23.991233
20
-4.843498
30
0.0
0
VERTEX
8
0
10
23.978443
20
-4.707673
30
0.0
0
VERTEX
8
0
10
23.973251
20
-4.566086
30
0.0
0
VERTEX
8
0
10
23.976265
20
-4.419784
30
0.0
0
VERTEX
8
0
10
23.987957
20
-4.269884
30
0.0
0
VERTEX
8
0
10
24.008661
20
-4.117551
30
0.0
0
VERTEX
8
0
10
24.038567
20
-3.963980
30
0.0
0
VERTEX
8
0
10
24.077717
20
-3.810385
30
0.0
0
VERTEX
8
0
10
24.126006
20
-3.657973
30
0.0
0
VERTEX
8
0
10
24.183181
20
-3.507931
30
0.0
0
VERTEX
8
0
10
24.248848
20
-3.361407
30
0.0
0
VERTEX
8
0
10
24.322474
20
-3.219490
30
0.0
0
VERTEX
8
0
10
24.403398
20
-3.083199
30
0.0
0
VERTEX
8
0
10
24.490842
20
-2.953461
30
0.0
0
VERTEX
8
0
10
24.583919
20
-2.831104
30
0.0
0
VERTEX
8
0
10
24.681647
20
-2.716842
30
0.0
0
VERTEX
8
0
10
24.782966
20
-2.611261
30
0.0
0
VERTEX
8
0
10
24.886755
20
-2.514814
30
0.0
0
VERTEX
8
0
10
24.991842
20
-2.427815
30
0.0
0
VERTEX
8
0
10
25.097029
20
-2.350431
30
0.0
0
VERTEX
8
0
10
25.201107
20
-2.282683
30
0.0
0
VERTEX
8
0
10
25.302874
20
-2.224442
30
0.0
0
VERTEX
8
0
10
25.401153
20
-2.175434
30
0.0
0
VERTEX
8
0
10
25.494811
20
-2.135244
30
0.0
0
VERTEX
8
0
10
25.582774
20
-2.103321
30
0.0
0
VERTEX
8
0
10
25.664044
20
-2.078986
30
0.0
0
VERTEX
8
0
10
25.737715
20
-2.061445
30
0.0
0
VERTEX
8
0
10
25.802986
20
-2.049798
30
0.0
0
VERTEX
8
0
10
25.859173
20
-2.043054
30
0.0
0
VERTEX
8
0
10
25.905717
20
-2.040146
30
0.0
0
VERTEX
8
0
10
25.942197
20
-2.039948
30
0.0
0
VERTEX
8
0
10
25.968332
20
-2.041289
30
0.0
0
VERTEX
8
0
10
25.983988
20
-2.042975
30
0.0
0
SEQEND
0
POINT
8
0
10
15.714286
20
-0.000000
30
0.0
0
POLYLINE
8
0
66
1
70
1
0
VERTEX
8
0
10
-18.132036
20
15.652774
30
0.0
0
VERTEX
8
0
10
-18.137929
20
15.653648
30
0.0
0
VERTEX
8
0
10
-18.155714
20
15.655107
30
0.0
0
VERTEX
8
0
10
-18.185369
20
15.655398
30
0.0
0
VERTEX
8
0
10
-18.226627
20
15.652792
30
0.0
0
VERTEX
8
0
10
-18.278985
20
15.645611
30
0.0
0
VERTEX
8
0
10
-18.341710
20
15.632262
30
0.0
0
VERTEX
8
0
10
-18.413854
20
15.611271
30
0.0
0
VERTEX
8
0
10
-18.494275
20
15.581309
30
0.0
0
VERTEX
8
0
10
-18.581654
20
15.541218
30
0.0
0
VERTEX
8
0
10
-18.674527
20
15.490033
30
0.0
0
VERTEX
8
0
10
-18.771307
20
15.427003
30
0.0
0
VERTEX
8
0
10
-18.870319
20
15.351604
30
0.0
0
VERTEX
8
0
10
-18.969828
20
15.263547
30
0.0
0
VERTEX
8
0
10
-19.068078
20
15.162789
30
0.0
0
VERTEX
8
0
10
-19.163322
20
15.049529
30
0.0
0
VERTEX
8
0
10
-19.253857
20
14.924208
30
0.0
0
VERTEX
8
0
10
-19.338055
20
14.787497
30
0.0
0
VERTEX
8
0
10
-19.414399
20
14.640287
30
0.0
0
VERTEX
8
0
10
-19.481506
20
14.483672
30
0.0
0
VERTEX
8
0
10
-19.538161
20
14.318924
30
0.0
0
VERTEX
8
0
10
-19.583333
20
14.147474
30
0.0
0
VERTEX
8
0
10
-19.616199
20
13.970882
30
0.0
0
VERTEX
8
0
10
-19.636162
20
13.790806
30
0.0
0
VERTEX
8
0
10
-19.642857
20
13.608971
30
0.0
0
VERTEX
8
0
10
-19.636162
20
13.427135
30
0.0
0
VERTEX
8
0
10
-19.616199
20
13.247059
30
0.0
0
VERTEX
8
0
10
-19.583333
20
13.070467
30
0.0
0
VERTEX
8
0
10
-19.538161
20
12.899017
30
0.0
0
VERTEX
8
0
10
-19.481506
20
12.734270
30
0.0
0
VERTEX
8
0
10
-19.414399
20
12.577654
30
0.0
0
VERTEX
8
0
10
-19.338055
20
12.430444
30
0.0
0
VERTEX
8
0
10
-19.253857
20
12.293733
30
0.0
0
VERTEX
8
0
10
-19.163322
20
12.168412
30
0.0
0
VERTEX
8
0
10
-19.068078
20
12.055152
30
0.0
0
VERTEX
8
0
10
-18.969828
20
11.954394
30
0.0
0
VERTEX
8
0
10
-18.870319
20
11.866337
30
0.0
0
VERTEX
8
0
10
-18.771307
20
11.790938
30
0.0
0
VERTEX
8
0
10
-18.674527
20
11.727908
30
0.0
0
VERTEX
8
0
10
-18.581654
20
11.676723
30
0.0
0
VERTEX
8
0
10
-18.494275
20
11.636632
30
0.0
0
VERTEX
8
0
10
-18.413854
20
11.606670
30
0.0
0
VERTEX
8
0
10
-18.341710
20
11.585679
30
0.0
0
VERTEX
8
0
10
-18.278985
20
11.572331
30
0.0
0
VERTEX
8
0
10
-18.226627
20
11.565149
30
0.0
0
VERTEX
8
0
10
-18.185369
20
11.562543
30
0.0
0
VERTEX
8
0
10
-18.155714
20
11.562835
30
0.0
0
VERTEX
8
0
10
-18.137929
20
11.564293
30
0.0
0
VERTEX
8
0
10
-18.132036
20
11.565167
30
0.0
0
VERTEX
8
0
10
-18.126845
20
11.565995
30
0.0
0
VERTEX
8
0
10
-18.111189
20
11.567681
30
0.0
0
VERTEX
8
0
10
-18.085054
20
11.569023
30
0.0
0
VERTEX
8
0
10
-18.048574
20
11.568825
30
0.0
0
VERTEX
8
0
10
-18.002030
20
11.565917
30
0.0
0
VERTEX
8
0
10
-17.945844
20
11.559173
30
0.0
0
VERTEX
8
0
10
-17.880572
20
11.547526
30
0.0
0
VERTEX
8
0
10
-17.806901
20
11.529984
30
0.0
0
VERTEX
8
0
10
-17.725631
20
11.505650
30
0.0
0
VERTEX
8
0
10
-17.637668
20
11.473726
30
0.0
0
VERTEX
8
0
10
-17.544011
20
11.433536
30
0.0
0
VERTEX
8
0
10
-17.445731
20
11.384528
30
0.0
0
VERTEX
8
0
10
-17.343964
20
11.326287
30
0.0
0
VERTEX
8
0
10
-17.239886
20
11.258539
30
0.0
0
VERTEX
8
0
10
-17.134699
20
11.181156
30
0.0
0
VERTEX
8
0
10
-17.029612
20
11.094157
30
0.0
0
VERTEX
8
0
10
-16.925824
20
10.997710
30
0.0
0
VERTEX
8
0
10
-16.824504
20
10.892129
30
0.0
0
VERTEX
8
0
10
-16.726776
20
10.777866
30
0.0
0
VERTEX
8
0
10
-16.633700
20
10.655510
30
0.0
0
VERTEX
8
0
10
-16.546256
20
10.525772
30
0.0
0
VERTEX
8
0
10
-16.465331
20
10.389480
30
0.0
0
VERTEX
8
0
10
-16.391705
20
10.247564
30
0.0
0
VERTEX
8
0
10
-16.326039
20
10.101039
30
0.0
0
VERTEX
8
0
10
-16.268863
20
9.950998
30
0.0
0
VERTEX
8
0
10
-16.220574
20
9.798586
30
0.0
0
VERTEX
8
0
10
-16.181424
20
9.644991
30
0.0
0
VERTEX
8
0
10
-16.151518
20
9.491420
30
0.0
0
VERTEX
8
0
10
-16.130814
20
9.339086
30
0.0
0
VERTEX
8
0
10
-16.119122
20
9.189186
30
0.0
0
VERTEX
8
0
10
-16.116109
20
9.042885
30
0.0
0
VERTEX
8
0
10
-16.121300
20
8.901298
30
0.0
0
VERTEX
8
0
10
-16.134090
20
8.765472
30
0.0
0
VERTEX
8
0
10
-16.153750
20
8.636375
30
0.0
0
VERTEX
8
0
10
-16.179439
20
8.514876
30
0.0
0
VERTEX
8
0
10
-16.210217
20
8.401733
30
0.0
0
VERTEX
8
0
10
-16.245057
20
8.297585
30
0.0
0
VERTEX
8
0
10
-16.282865
20
8.202941
30
0.0
0
VERTEX
8
0
10
-16.322490
20
8.118168
30
0.0
0
VERTEX
8
0
10
-16.362750
20
8.043494
30
0.0
0
VERTEX
8
0
10
-16.402439
20
7.978997
30
0.0
0
VERTEX
8
0
10
-16.440357
20
7.924608
30
0.0
0
VERTEX
8
0
10
-16.475318
20
7.880109
30
0.0
0
VERTEX
8
0
10
-16.506174
20
7.845142
30
0.0
0
VERTEX
8
0
10
-16.531829
20
7.819206
30
0.0
0
VERTEX
8
0
10
-16.551258
20
7.801675
30
0.0
0
VERTEX
8
0
10
-16.563521
20
7.791796
30
0.0
0
VERTEX
8
0
10
-16.567777
20
7.788711
30
0.0
0
VERTEX
8
0
10
-16.572562
20
7.785162
30
0.0
0
VERTEX
8
0
10
-16.586169
20
7.773618
30
0.0
0
VERTEX
8
0
10
-16.607344
20
7.752855
30
0.0
0
VERTEX
8
0
10
-16.634676
20
7.721838
30
0.0
0
VERTEX
8
0
10
-16.666620
20
7.679737
30
0.0
0
VERTEX
8
0
10
-16.701534
20
7.625945
30
0.0
0
VERTEX
8
0
10
-16.737705
20
7.560089
30
0.0
0
VERTEX
8
0
10
-16.773385
20
7.482036
30
0.0
0
VERTEX
8
0
10
-16.806823
20
7.391901
30
0.0
0
VERTEX
8
0
10
-16.836301
20
7.290037
30
0.0
0
VERTEX
8
0
10
-16.860166
20
7.177034
30
0.0
0
VERTEX
8
0
10
-16.876862
20
7.053707
30
0.0
0
VERTEX
8
0
10
-16.884960
20
6.921078
30
0.0
0
VERTEX
8
0
10
-16.883187
20
6.780358
30
0.0
0
VERTEX
8
0
10
-16.870448
20
6.632923
30
0.0
0
VERTEX
8
0
10
-16.845850
20
6.480290
30
0.0
0
VERTEX
8
0
10
-16.808718
20
6.324084
30
0.0
0
VERTEX
8
0
10
-16.758608
20
6.166008
30
0.0
0
VERTEX
8
0
10
-16.695316
20
6.007811
30
0.0
0
VERTEX
8
0
10
-16.618883
20
5.851256
30
0.0
0
VERTEX
8
0
10
-16.529591
20
5.698082
30
0.0
0
VERTEX
8
0
10
-16.427962
20
5.549972
30
0.0
0
VERTEX
8
0
10
-16.314744
20
5.408523
30
0.0
0
VERTEX
8
0
10
-16.190901
20
5.275212
30
0.0
0
VERTEX
8
0
10
-16.057590
20
5.151369
30
0.0
0
VERTEX
8
0
10
-15.916141
20
5.038152
30
0.0
0
VERTEX
8
0
10
-15.768031
20
4.936523
30
0.0
0
VERTEX
8
0
10
-15.614857
20
4.847231
30
0.0
0
VERTEX
8
0
10
-15.458302
20
4.770797
30
0.0
0
VERTEX
8
0
10
-15.300106
20
4.707506
30
0.0
0
VERTEX
8
0
10
-15.142030
20
4.657396
30
0.0
0
VERTEX
8
0
10
-14.985823
20
4.620264
30
0.0
0
VERTEX
8
0
10
-14.833190
20
4.595666
30
0.0
0
VERTEX
8
0
10
-14.685756
20
4.582927
30
0.0
0
VERTEX
8
0
10
-14.545036
20
4.581153
30
0.0
0
VERTEX
8
0
10
-14.412406
20
4.589252
30
0.0
0
VERTEX
8
0
10
-14.289079
20
4.605948
30
0.0
0
VERTEX
8
0
10
-14.176077
20
4.629813
30
0.0
0
VERTEX
8
0
10
-14.074213
20
4.659291
30
0.0
0
VERTEX
8
0
10
-13.984077
20
4.692729
30
0.0
0
VERTEX
8
0
10
-13.906025
20
4.728408
30
0.0
0
VERTEX
8
0
10
-13.840168
20
4.764579
30
0.0
0
VERTEX
8
0
10
-13.786376
20
4.799493
30
0.0
0
VERTEX
8
0
10
-13.744275
20
4.831438
30
0.0
0
VERTEX
8
0
10
-13.713258
20
4.858769
30
0.0
0
VERTEX
8
0
10
-13.692496
20
4.879944
30
0.0
0
VERTEX
8
0
10
-13.680951
20
4.893552
30
0.0
0
VERTEX
8
0
10
-13.677402
20
4.898337
30
0.0
0
VERTEX
8
0
10
-13.674317
20
4.902593
30
0.0
0
VERTEX
8
0
10
-13.664439
20
4.914855
30
0.0
0
VERTEX
8
0
10
-13.646907
20
4.934284
30
0.0
0
VERTEX
8
0
10
-13.620972
20
4.959939
30
0.0
0
VERTEX
8
0
10
-13.586004
20
4.990795
30
0.0
0
VERTEX
8
0
10
-13.541506
20
5.025756
30
0.0
0
VERTEX
8
0
10
-13.487116
20
5.063674
30
0.0
0
VERTEX
8
0
10
-13.422619
20
5.103364
30
0.0
0
VERTEX
8
0
10
-13.347945
20
5.143623
30
0.0
0
VERTEX
8
0
10
-13.263173
20
5.183249
30
0.0
0
VERTEX
8
0
10
-13.168528
20
5.221056
30
0.0
0
VERTEX
8
0
10
-13.064381
20
5.255897
30
0.0
0
VERTEX
8
0
10
-12.951238
20
5.286674
30
0.0
0
VERTEX
8
0
10
-12.829738
20
5.312363
30
0.0
0
VERTEX
8
0
10
-12.700641
20
5.332023
30
0.0
0
VERTEX
8
0
10
-12.564816
20
5.344814
30
0.0
0
VERTEX
8
0
10
-12.423228
20
5.350005
30
0.0
0
VERTEX
8
0
10
-12.276927
20
5.346992
30
0.0
0
VERTEX
8
0
10
-12.127027
20
5.335300
30
0.0
0
VERTEX
8
0
10
-11.974693
20
5.314596
30
0.0
0
VERTEX
8
0
10
-11.821123
20
5.284690
30
0.0
0
VERTEX
8
0
10
-11.667528
20
5.245539
30
0.0
0
VERTEX
8
0
10
-11.515116
20
5.197250
30
0.0
0
VERTEX
8
0
10
-11.365074
20
5.140075
30
0.0
0
VERTEX
8
0
10
-11.218550
20
5.074408
30
0.0
0
VERTEX
8
0
10
-11.076633
20
5.000783
30
0.0
0
VERTEX
8
0
10
-10.940341
20
4.919858
30
0.0
0
VERTEX
8
0
10
-10.810604
20
4.832414
30
0.0
0
VERTEX
8
0
10
-10.688247
20
4.739338
30
0.0
0
VERTEX
8
0
10
-10.573985
20
4.641610
30
0.0
0
VERTEX
8
0
10
-10.468403
20
4.540290
30
0.0
0
VERTEX
8
0
10
-10.371957
20
4.436502
30
0.0
0
VERTEX
8
0
10
-10.284958
20
4.331415
30
0.0
0
VERTEX
8
0
10
-10.207574
20
4.226227
30
0.0
0
VERTEX
8
0
10
-10.139826
20
4.122149
30
0.0
0
VERTEX
8
0
10
-10.081585
20
4.020382
30
0.0
0
VERTEX
8
0
10
-10.032577
20
3.922103
30
0.0
0
VERTEX
8
0
10
-9.992387
20
3.828445
30
0.0
0
VERTEX
8
0
10
-9.960464
20
3.740483
30
0.0
0
VERTEX
8
0
10
-9.936129
20
3.659213
30
0.0
0
VERTEX
8
0
10
-9.918588
20
3.585541
30
0.0
0
VERTEX
8
0
10
-9.906940
20
3.520270
30
0.0
0
VERTEX
8
0
10
-9.900196
20
3.464084
30
0.0
0
VERTEX
8
0
10
-9.897289
20
3.417539
30
0.0
0
VERTEX
8
0
10
-9.897091
20
3.381060
30
0.0
0
VERTEX
8
0
10
-9.898432
20
3.354924
30
0.0
0
VERTEX
8
0
10
-9.900118
20
3.339268
30
0.0
0
VERTEX
8
0
10
-9.900946
20
3.334077
30
0.0
0
VERTEX
8
0
10
-9.901820
20
3.328185
30
0.0
0
VERTEX
8
0
10
-9.903279
20
3.310399
30
0.0
0
VERTEX
8
0
10
-9.903571
20
3.280745
30
0.0
0
VERTEX
8
0
10
-9.900965
20
3.239486
30
0.0
0
VERTEX
8
0
10
-9.893783
20
3.187128
30
0.0
0
VERTEX
8
0
10
-9.880434
20
3.124404
30
0.0
0
VERTEX
8
0
10
-9.859443
20
3.052259
30
0.0
0
VERTEX
8
0
10
-9.829481
20
2.971839
30
0.0
0
VERTEX
8
0
10
-9.789390
20
2.884459
30
0.0
0
VERTEX
8
0
10
-9.738205
20
2.791586
30
0.0
0
VERTEX
8
0
10
-9.675176
20
2.694806
30
0.0
0
VERTEX
8
0
10
-9.599776
20
2.595795
30
0.0
0
VERTEX
8
0
10
-9.511719
20
2.496285
30
0.0
0
VERTEX
8
0
10
-9.410961
20
2.398035
30
0.0
0
VERTEX
8
0
10
-9.297701
20
2.302791
30
0.0
0
VERTEX
8
0
10
-9.172380
20
2.212257
30
0.0
0
VERTEX
8
0
10
-9.035669
20
2.128058
30
0.0
0
VERTEX
8
0
10
-8.888459
20
2.051715
30
0.0
0
VERTEX
8
0
10
-8.731844
20
1.984607
30
0.0
0
VERTEX
8
0
10
-8.567096
20
1.927953
30
0.0
0
VERTEX
8
0
10
-8.395647
20
1.882781
30
0.0
0
VERTEX
8
0
10
-8.219055
20
1.849914
30
0.0
0
VERTEX
8
0
10
-8.038978
20
1.829951
30
0.0
0
VERTEX
8
0
10
-7.857143
20
1.823256
30
0.0
0
VERTEX
8
0
10
-7.675307
20
1.829951
30
0.0
0
VERTEX
8
0
10
-7.495231
20
1.849914
30
0.0
0
VERTEX
8
0
10
-7.318639
20
1.882781
30
0.0
0
VERTEX
8
0
10
-7.147190
20
1.927953
30
0.0
0
VERTEX
8
0
10
-6.982442
20
1.984607
30
0.0
0
VERTEX
8
0
10
-6.825826
20
2.051715
30
0.0
0
VERTEX
8
0
10
-6.678617
20
2.128058
30
0.0
0
VERTEX
8
0
10
-6.541906
20
2.212257
30
0.0
0
VERTEX
8
0
10
-6.416584
20
2.302791
30
0.0
0
VERTEX
8
0
10
-6.303325
20
2.398035
30
0.0
0
VERTEX
8
0
10
-6.202566
20
2.496285
30
0.0
0
VERTEX
8
0
10
-6.114510
20
2.595795
30
0.0
0
VERTEX
8
0
10
-6.039110
20
2.694806
30
0.0
0
VERTEX
8
0
10
-5.976080
20
2.791586
30
0.0
0
VERTEX
8
0
10
-5.924896
20
2.884459
30
0.0
0
VERTEX
8
0
10
-5.884804
20
2.971839
30
0.0
0
VERTEX
8
0
10
-5.854843
20
3.052259
30
0.0
0
VERTEX
8
0
10
-5.833852
20
3.124404
30
0.0
0
VERTEX
8
0
10
-5.820503
20
3.187128
30
0.0
0
VERTEX
8
0
10
-5.813321
20
3.239486
30
0.0
0
VERTEX
8
0
10
-5.810715
20
3.280745
30
0.0
0
VERTEX
8
0
10
-5.811007
20
3.310399
30
0.0
0
VERTEX
8
0
10
-5.812465
20
3.328185
30
0.0
0
VERTEX
8
0
10
-5.813339
20
3.334077
30
0.0
0
VERTEX
8
0
10
-5.814167
20
3.339268
30
0.0
0
VERTEX
8
0
10
-5.815853
20
3.354924
30
0.0
0
VERTEX
8
0
10
-5.817195
20
3.381060
30
0.0
0
VERTEX
8
0
10
-5.816997
20
3.417539
30
0.0
0
VERTEX
8
0
10
-5.814089
20
3.464084
30
0.0
0
VERTEX
8
0
10
-5.807345
20
3.520270
30
0.0
0
VERTEX
8
0
10
-5.795698
20
3.585541
30
0.0
0
VERTEX
8
0
10
-5.778157
20
3.659213
30
0.0
0
VERTEX
8
0
10
-5.753822
20
3.740483
30
0.0
0
VERTEX
8
0
10
-5.721898
20
3.828445
30
0.0
0
VERTEX
8
0
10
-5.681708
20
3.922103
30
0.0
0
VERTEX
8
0
10
-5.632701
20
4.020382
30
0.0
0
VERTEX
8
0
10
-5.574460
20
4.122149
30
0.0
0
VERTEX
8
0
10
-5.506711
20
4.226227
30
0.0
0
VERTEX
8
0
10
-5.429328
20
4.331415
30
0.0
0
VERTEX
8
0
10
-5.342329
20
4.436502
30
0.0
0
VERTEX
8
0
10
-5.245882
20
4.540290
30
0.0
0
VERTEX
8
0
10
-5.140301
20
4.641610
30
0.0
0
VERTEX
8
0
10
-5.026038
20
4.739338
30
0.0
0
VERTEX
8
0
10
-4.903682
20
4.832414
30
0.0
0
VERTEX
8
0
10
-4.773944
20
4.919858
30
0.0
0
VERTEX
8
0
10
-4.637653
20
5.000783
30
0.0
0
VERTEX
8
0
10
-4.495736
20
5.074408
30
0.0
0
VERTEX
8
0
10
-4.349211
20
5.140075
30
0.0
0
VERTEX
8
0
10
-4.199170
20
5.197250
30
0.0
0
VERTEX
8
0
10
-4.046758
20
5.245539
30
0.0
0
VERTEX
8
0
10
-3.893163
20
5.284690
30
0.0
0
VERTEX
8
0
10
-3.739592
20
5.314596
30
0.0
0
VERTEX
8
0
10
-3.587258
20
5.335300
30
0.0
0
VERTEX
8
0
10
-3.437358
20
5.346992
30
0.0
0
VERTEX
8
0
10
-3.291057
20
5.350005
30
0.0
0
VERTEX
8
0
10
-3.149470
20
5.344814
30
0.0
0
VERTEX
8
0
10
-3.013645
20
5.332023
30
0.0
0
VERTEX
8
0
10
-2.884548
20
5.312363
30
0.0
0
VERTEX
8
0
10
-2.763048
20
5.286674
30
0.0
0
VERTEX
8
0
10
-2.649905
20
5.255897
30
0.0
0
VERTEX
8
0
10
-2.545757
20
5.221056
30
0.0
0
VERTEX
8
0
10
-2.451113
20
5.183249
30
0.0
0
VERTEX
8
0
10
-2.366341
20
5.143623
30
0.0
0
VERTEX
8
0
10
-2.291667
20
5.103364
30
0.0
0
VERTEX
8
0
10
-2.227170
20
5.063674
30
0.0
0
VERTEX
8
0
10
-2.172780
20
5.025756
30
0.0
0
VERTEX
8
0
10
-2.128281
20
4.990795
30
0.0
0
VERTEX
8
0
10
-2.093314
20
4.959939
30
0.0
0
VERTEX
8
0
10
-2.067379
20
4.934284
30
0.0
0
VERTEX
8
0
10
-2.049847
20
4.914855
30
0.0
0
VERTEX
8
0
10
-2.039968
20
4.902593
30
0.0
0
VERTEX
8
0
10
-2.036883
20
4.898337
30
0.0
0
VERTEX
8
0
10
-2.033335
20
4.893552
30
0.0
0
VERTEX
8
0
10
-2.021790
20
4.879944
30
0.0
0
VERTEX
8
0
10
-2.001027
20
4.858769
30
0.0
0
VERTEX
8
0
10
-1.970010
20
4.831438
30
0.0
0
VERTEX
8
0
10
-1.927909
20
4.799493
30
0.0
0
VERTEX
8
0
10
-1.874117
20
4.764579
30
0.0
0
VERTEX
8
0
10
-1.808261
20
4.728408
30
0.0
0
VERTEX
8
0
10
-1.730209
20
4.692729
30
0.0
0
VERTEX
8
0
10
-1.640073
20
4.659291
30
0.0
0
VERTEX
8
0
10
-1.538209
20
4.629813
30
0.0
0
VERTEX
8
0
10
-1.425206
20
4.605948
30
0.0
0
VERTEX
8
0
10
-1.301879
20
4.589252
30
0.0
0
VERTEX
8
0
10
-1.169250
20
4.581153
30
0.0
0
VERTEX
8
0
10
-1.028530
20
4.582927
30
0.0
0
VERTEX
8
0
10
-0.881095
20
4.595666
30
0.0
0
VERTEX
8
0
10
-0.728462
20
4.620264
30
0.0
0
VERTEX
8
0
10
-0.572256
20
4.657396
30
0.0
0
VERTEX
8
0
10
-0.414180
20
4.707506
30
0.0
0
VERTEX
8
0
10
-0.255984
20
4.770797
30
0.0
0
VERTEX
8
0
10
-0.099429
20
4.847231
30
0.0
0
VERTEX
8
0
10
0.053746
20
4.936523
30
0.0
0
VERTEX
8
0
10
0.201855
20
5.038152
30
0.0
0
VERTEX
8
0
10
0.343304
20
5.151369
30
0.0
0
VERTEX
8
0
10
0.476616
20
5.275212
30
0.0
0
VERTEX
8
0
10
0.600459
20
5.408523
30
0.0
0
VERTEX
8
0
10
0.713676
20
5.549972
30
0.0
0
VERTEX
8
0
10
0.815305
20
5.698082
30
0.0
0
VERTEX
8
0
10
0.904597
20
5.851256
30
0.0
0
VERTEX
8
0
10
0.981030
20
6.007811
30
0.0
0
VERTEX
8
0
10
1.044322
20
6.166008
30
0.0
0
VERTEX
8
0
10
1.094432
20
6.324084
30
0.0
0
VERTEX
8
0
10
1.131564
20
6.480290
30
0.0
0
VERTEX
8
0
10
1.156162
20
6.632923
30
0.0
0
VERTEX
8
0
10
1.168901
20
6.780358
30
0.0
0
VERTEX
8
0
10
1.170674
20
6.921078
30
0.0
0
VERTEX
8
0
10
1.162576
20
7.053707
30
0.0
0
VERTEX
8
0
10
1.145880
20
7.177034
30
0.0
0
VERTEX
8
0
10
1.122015
20
7.290037
30
0.0
0
VERTEX
8
0
10
1.092537
20
7.391901
30
0.0
0
VERTEX
8
0
10
1.059099
20
7.482036
30
0.0
0
VERTEX
8
0
10
1.023419
20
7.560089
30
0.0
0
VERTEX
8
0
10
0.987248
20
7.625945
30
0.0
0
VERTEX
8
0
10
0.952334
20
7.679737
30
0.0
0
VERTEX
8
0
10
0.920390
20
7.721838
30
0.0
0
VERTEX
8
0
10
0.893059
20
7.752855
30
0.0
0
VERTEX
8
0
10
0.871883
20
7.773618
30
0.0
0
VERTEX
8
0
10
0.858276
20
7.785162
30
0.0
0
VERTEX
8
0
10
0.853491
20
7.788711
30
0.0
0
VERTEX
8
0
10
0.849235
20
7.791796
30
0.0
0
VERTEX
8
0
10
0.836972
20
7.801675
30
0.0
0
VERTEX
8
0
10
0.817543
20
7.819206
30
0.0
0
VERTEX
8
0
10
0.791888
20
7.845142
30
0.0
0
VERTEX
8
0
10
0.761033
20
7.880109
30
0.0
0
VERTEX
8
0
10
0.726072
20
7.924608
30
0.0
0
VERTEX
8
0
10
0.688154
20
7.978997
30
0.0
0
VERTEX
8
0
10
0.648464
20
8.043494
30
0.0
0
VERTEX
8
0
10
0.608205
20
8.118168
30
0.0
0
VERTEX
8
0
10
0.568579
20
8.202941
30
0.0
0
VERTEX
8
0
10
0.530771
20
8.297585
30
0.0
0
VERTEX
8
0
10
0.495931
20
8.401733
30
0.0
0
VERTEX
8
0
10
0.465154
20
8.514876
30
0.0
0
VERTEX
8
0
10
0.439465
20
8.636375
30
0.0
0
VERTEX
8
0
10
0.419804
20
8.765472
30
0.0
0
VERTEX
8
0
10
0.407014
20
8.901298
30
0.0
0
VERTEX
8
0
10
0.401823
20
9.042885
30
0.0
0
VERTEX
8
0
10
0.404836
20
9.189186
30
0.0
0
VERTEX
8
0
10
0.416528
20
9.339086
30
0.0
0
VERTEX
8
0
10
0.437232
20
9.491420
30
0.0
0
VERTEX
8
0
10
0.467138
20
9.644991
30
0.0
0
VERTEX
8
0
10
0.506289
20
9.798586
30
0.0
0
VERTEX
8
0
10
0.554578
20
9.950998
30
0.0
0
VERTEX
8
0
10
0.611753
20
10.101039
30
0.0
0
VERTEX
8
0
10
0.677419
20
10.247564
30
0.0
0
VERTEX
8
0
10
0.751045
20
10.389480
30
0.0
0
VERTEX
8
0
10
0.831970
20
10.525772
30
0.0
0
VERTEX
8
0
10
0.919414
20
10.655510
30
0.0
0
VERTEX
8
0
10
1.012490
20
10.777866
30
0.0
0
VERTEX
8
0
10
1.110218
20
10.892129
30
0.0
0
VERTEX
8
0
10
1.211538
20
10.997710
30
0.0
0
VERTEX
8
0
10
1.315326
20
11.094157
30
0.0
0
VERTEX
8
0
10
1.420413
20
11.181156
30
0.0
0
VERTEX
8
0
10
1.525600
20
11.258539
30
0.0
0
VERTEX
8
0
10
1.629679
20
11.326287
30
0.0
0
VERTEX
8
0
10
1.731446
20
11.384528
30
0.0
0
VERTEX
8
0
10
1.829725
20
11.433536
30
0.0
0
VERTEX
8
0
10
1.923383
20
11.473726
30
0.0
0
VERTEX
8
0
10
2.011345
20
11.505650
30
0.0
0
VERTEX
8
0
10
2.092615
20
11.529984
30
0.0
0
VERTEX
8
0
10
2.166287
20
11.547526
30
0.0
0
VERTEX
8
0
10
2.231558
20
11.559173
30
0.0
0
VERTEX
8
0
10
2.287744
20
11.565917
30
0.0
0
VERTEX
8
0
10
2.334288
20
11.568825
30
0.0
0
VERTEX
8
0
10
2.370768
20
11.569023
30
0.0
0
VERTEX
8
0
10
2.396903
20
11.567681
30
0.0
0
VERTEX
8
0
10
2.412560
20
11.565995
30
0.0
0
VERTEX
8
0
10
2.417751
20
11.565167
30
0.0
0
VERTEX
8
0
10
2.423643
20
11.564293
30
0.0
0
VERTEX
8
0
10
2.441428
20
11.562835
30
0.0
0
VERTEX
8
0
10
2.471083
20
11.562543
30
0.0
0
VERTEX
8
0
10
2.512342
20
11.565149
30
0.0
0
VERTEX
8
0
10
2.564699
20
11.572331
30
0.0
0
VERTEX
8
0
10
2.627424
20
11.585679
30
0.0
0
VERTEX
8
0
10
2.699568
20
11.606670
30
0.0
0
VERTEX
8
0
10
2.779989
20
11.636632
30
0.0
0
VERTEX
8
0
10
2.867369
20
11.676723
30
0.0
0
VERTEX
8
0
10
2.960242
20
11.727908
30
0.0
0
VERTEX
8
0
10
3.057022
20
11.790938
30
0.0
0
VERTEX
8
0
10
3.156033
20
11.866337
30
0.0
0
VERTEX
8
0
10
3.255542
20
11.954394
30
0.0
0
VERTEX
8
0
10
3.353793
20
12.055152
30
0.0
0
VERTEX
8
0
10
3.449037
20
12.168412
30
0.0
0
VERTEX
8
0
10
3.539571
20
12.293733
30
0.0
0
VERTEX
8
0
10
3.623769
20
12.430444
30
0.0
0
VERTEX
8
0
10
3.700113
20
12.577654
30
0.0
0
VERTEX
8
0
10
3.767221
20
12.734270
30
0.0
0
VERTEX
8
0
10
3.823875
20
12.899017
30
0.0
0
VERTEX
8
0
10
3.869047
20
13.070467
30
0.0
0
VERTEX
8
0
10
3.901914
20
13.247059
30
0.0
0
VERTEX
8
0
10
3.921876
20
13.427135
30
0.0
0
VERTEX
8
0
10
3.928571
20
13.608971
30
0.0
0
VERTEX
8
0
10
3.921876
20
13.790806
30
0.0
0
VERTEX
8
0
10
3.901914
20
13.970882
30
0.0
0
VERTEX
8
0
10
3.869047
20
14.147474
30
0.0
0
VERTEX
8
0
10
3.823875
20
14.318924
30
0.0
0
VERTEX
8
0
10
3.767221
20
14.483672
30
0.0
0
VERTEX
8
0
10
3.700113
20
14.640287
30
0.0
0
VERTEX
8
0
10
3.623769
20
14.787497
30
0.0
0
VERTEX
8
0
10
3.539571
20
14.924208
30
0.0
0
VERTEX
8
0
10
3.449037
20
15.049529
30
0.0
0
VERTEX
8
0
10
3.353793
20
15.162789
30
0.0
0
VERTEX
8
0
10
3.255542
20
15.263547
30
0.0
0
VERTEX
8
0
10
3.156033
20
15.351604
30
0.0
0
VERTEX
8
0
10
3.057022
20
15.427003
30
0.0
0
VERTEX
8
0
10
2.960242
20
15.490033
30
0.0
0
VERTEX
8
0
10
2.867369
20
15.541218
30
0.0
0
VERTEX
8
0
10
2.779989
20
15.581309
30
0.0
0
VERTEX
8
0
10
2.699568
20
15.611271
30
0.0
0
VERTEX
8
0
10
2.627424
20
15.632262
30
0.0
0
VERTEX
8
0
10
2.564699
20
15.645611
30
0.0
0
VERTEX
8
0
10
2.512342
20
15.652792
30
0.0
0
VERTEX
8
0
10
2.471083
20
15.655398
30
0.0
0
VERTEX
8
0
10
2.441428
20
15.655107
30
0.0
0
VERTEX
8
0
10
2.423643
20
15.653648
30
0.0
0
VERTEX
8
0
10
2.417751
20
15.652774
30
0.0
0
VERTEX
8
0
10
2.412560
20
15.651946
30
0.0
0
VERTEX
8
0
10
2.396903
20
15.650260
30
0.0
0
VERTEX
8
0
10
2.370768
20
15.648918
30
0.0
0
VERTEX
8
0
10
2.334288
20
15.649117
30
0.0
0
VERTEX
8
0
10
2.287744
20
15.652024
30
0.0
0
VERTEX
8
0
10
2.231558
20
15.658768
30
0.0
0
VERTEX
8
0
10
2.166287
20
15.670416
30
0.0
0
VERTEX
8
0
10
2.092615
20
15.687957
30
0.0
0
VERTEX
8
0
10
2.011345
20
15.712292
30
0.0
0
VERTEX
8
0
10
1.923383
20
15.744215
30
0.0
0
VERTEX
8
0
10
1.829725
20
15.784405
30
0.0
0
VERTEX
8
0
10
1.731446
20
15.833413
30
0.0
0
VERTEX
8
0
10
1.629679
20
15.891654
30
0.0
0
VERTEX
8
0
10
1.525600
20
15.959402
30
0.0
0
VERTEX
8
0
10
1.420413
20
16.036786
30
0.0
0
VERTEX
8
0
10
1.315326
20
16.123785
30
0.0
0
VERTEX
8
0
10
1.211538
20
16.220231
30
0.0
0
VERTEX
8
0
10
1.110218
20
16.325813
30
0.0
0
VERTEX
8
0
10
1.012490
20
16.440075
30
0.0
0
VERTEX
8
0
10
0.919414
20
16.562432
30
0.0
0
VERTEX
8
0
10
0.831970
20
16.692169
30
0.0
0
VERTEX
8
0
10
0.751045
20
16.828461
30
0.0
0
VERTEX
8
0
10
0.677419
20
16.970378
30
0.0
0
VERTEX
8
0
10
0.611753
20
17.116902
30
0.0
0
VERTEX
8
0
10
0.554578
20
17.266944
30
0.0
0
VERTEX
8
0
10
0.506289
20
17.419355
30
0.0
0
VERTEX
8
0
10
0.467138
20
17.572951
30
0.0
0
VERTEX
8
0
10
0.437232
20
17.726521
30
0.0
0
VERTEX
8
0
10
0.416528
20
17.878855
30
0.0
0
VERTEX
8
0
10
0.404836
20
18.028755
30
0.0
0
VERTEX
8
0
10
0.401823
20
18.175056
30
0.0
0
VERTEX
8
0
10
0.407014
20
18.316644
30
0.0
0
VERTEX
8
0
10
0.419804
20
18.452469
30
0.0
0
VERTEX
8
0
10
0.439465
20
18.581566
30
0.0
0
VERTEX
8
0
10
0.465154
20
18.703066
30
0.0
0
VERTEX
8
0
10
0.495931
20
18.816208
30
0.0
0
VERTEX
8
0
10
0.530771
20
18.920356
30
0.0
0
VERTEX
8
0
10
0.568579
20
19.015001
30
0.0
0
VERTEX
8
0
10
0.608205
20
19.099773
30
0.0
0
VERTEX
8
0
10
0.648464
20
19.174447
30
0.0
0
VERTEX
8
0
10
0.688154
20
19.238944
30
0.0
0
VERTEX
8
0
10
0.726072
20
19.293334
30
0.0
0
VERTEX
8
0
10
0.761033
20
19.337832
30
0.0
0
VERTEX
8
0
10
0.791888
20
19.372800
30
0.0
0
VERTEX
8
0
10
0.817543
20
19.398735
30
0.0
0
VERTEX
8
0
10
0.836972
20
19.416267
30
0.0
0
VERTEX
8
0
10
0.849235
20
19.426145
30
0.0
0
VERTEX
8
0
10
0.853491
20
19.429230
30
0.0
0
VERTEX
8
0
10
0.858276
20
19.432779
30
0.0
0
VERTEX
8
0
10
0.871883
20
19.444323
30
0.0
0
VERTEX
8
0
10
0.893059
20
19.465086
30
0.0
0
VERTEX
8
0
10
0.920390
20
19.496103
30
0.0
0
VERTEX
8
0
10
0.952334
20
19.538204
30
0.0
0
VERTEX
8
0
10
0.987248
20
19.591996
30
0.0
0
VERTEX
8
0
10
1.023419
20
19.657853
30
0.0
0
VERTEX
8
0
10
1.059099
20
19.735905
30
0.0
0
VERTEX
8
0
10
1.092537
20
19.826040
30
0.0
0
VERTEX
8
0
10
1.122015
20
19.927904
30
0.0
0
VERTEX
8
0
10
1.145880
20
20.040907
30
0.0
0
VERTEX
8
0
10
1.162576
20
20.164234
30
0.0
0
VERTEX
8
0
10
1.170674
20
20.296864
30
0.0
0
VERTEX
8
0
10
1.168901
20
20.437584
30
0.0
0
VERTEX
8
0
10
1.156162
20
20.585018
30
0.0
0
VERTEX
8
0
10
1.131564
20
20.737651
30
0.0
0
VERTEX
8
0
10
1.094432
20
20.893858
30
0.0
0
VERTEX
8
0
10
1.044322
20
21.051934
30
0.0
0
VERTEX
8
0
10
0.981030
20
21.210130
30
0.0
0
VERTEX
8
0
10
0.904597
20
21.366685
30
0.0
0
VERTEX
8
0
10
0.815305
20
21.519859
30
0.0
0
VERTEX
8
0
10
0.713676
20
21.667969
30
0.0
0
VERTEX
8
0
10
0.600459
20
21.809418
30
0.0
0
VERTEX
8
0
10
0.476616
20
21.942729
30
0.0
0
VERTEX
8
0
10
0.343304
20
22.066572
30
0.0
0
VERTEX
8
0
10
0.201855
20
22.179789
30
0.0
0
VERTEX
8
0
10
0.053746
20
22.281419
30
0.0
0
VERTEX
8
0
10
-0.099429
20
22.370710
30
0.0
0
VERTEX
8
0
10
-0.255984
20
22.447144
30
0.0
0
VERTEX
8
0
10
-0.414180
20
22.510436
30
0.0
0
VERTEX
8
0
10
-0.572256
20
22.560545
30
0.0
0
VERTEX
8
0
10
-0.728462
20
22.597678
30
0.0
0
VERTEX
8
0
10
-0.881095
20
22.622275
30
0.0
0
VERTEX
8
0
10
-1.028530
20
22.635015
30
0.0
0
VERTEX
8
0
10
-1.169250
20
22.636788
30
0.0
0
VERTEX
8
0
10
-1.301879
20
22.628690
30
0.0
0
VERTEX
8
0
10
-1.425206
20
22.611994
30
0.0
0
VERTEX
8
0
10
-1.538209
20
22.588129
30
0.0
0
VERTEX
8
0
10
-1.640073
20
22.558651
30
0.0
0
VERTEX
8
0
10
-1.730209
20
22.525212
30
0.0
0
VERTEX
8
0
10
-1.808261
20
22.489533
30
0.0
0
VERTEX
8
0
10
-1.874117
20
22.453362
30
0.0
0
VERTEX
8
0
10
-1.927909
20
22.418448
30
0.0
0
VERTEX
8
0
10
-1.970010
20
22.386504
30
0.0
0
VERTEX
8
0
10
-2.001027
20
22.359172
30
0.0
0
VERTEX
8
0
10
-2.021790
20
22.337997
30
0.0
0
VERTEX
8
0
10
-2.033335
20
22.324390
30
0.0
0
VERTEX
8
0
10
-2.036883
20
22.319605
30
0.0
0
VERTEX
8
0
10
-2.039968
20
22.315349
30
0.0
0
VERTEX
8
0
10
-2.049847
20
22.303086
30
0.0
0
VERTEX
8
0
10
-2.067379
20
22.283657
30
0.0
0
VERTEX
8
0
10
-2.093314
20
22.258002
30
0.0
0
VERTEX
8
0
10
-2.128281
20
22.227146
30
0.0
0
VERTEX
8
0
10
-2.172780
20
22.192185
30
0.0
0
VERTEX
8
0
10
-2.227170
20
22.154267
30
0.0
0
VERTEX
8
0
10
-2.291667
20
22.114577
30
0.0
0
VERTEX
8
0
10
-2.366341
20
22.074318
30
0.0
0
VERTEX
8
0
10
-2.451113
20
22.034692
30
0.0
0
VERTEX
8
0
10
-2.545757
20
21.996885
30
0.0
0
VERTEX
8
0
10
-2.649905
20
21.962045
30
0.0
0
VERTEX
8
0
10
-2.763048
20
21.931267
30
0.0
0
VERTEX
8
0
10
-2.884548
20
21.905578
30
0.0
0
VERTEX
8
0
10
-3.013645
20
21.885918
30
0.0
0
VERTEX
8
0
10
-3.149470
20
21.873128
30
0.0
0
VERTEX
8
0
10
-3.291057
20
21.867936
30
0.0
0
VERTEX
8
0
10
-3.437358
20
21.870950
30
0.0
0
VERTEX
8
0
10
-3.587258
20
21.882641
30
0.0
0
VERTEX
8
0
10
-3.739592
20
21.903346
30
0.0
0
VERTEX
8
0
10
-3.893163
20
21.933252
30
0.0
0
VERTEX
8
0
10
-4.046758
20
21.972402
30
0.0
0
VERTEX
8
0
10
-4.199170
20
22.020691
30
0.0
0
VERTEX
8
0
10
-4.349211
20
22.077866
30
0.0
0
VERTEX
8
0
10
-4.495736
20
22.143533
30
0.0
0
VERTEX
8
0
10
-4.637653
20
22.217159
30
0.0
0
VERTEX
8
0
10
-4.773944
20
22.298083
30
0.0
0
VERTEX
8
0
10
-4.903682
20
22.385527
30
0.0
0
VERTEX
8
0
10
-5.026038
20
22.478604
30
0.0
0
VERTEX
8
0
10
-5.140301
20
22.576332
30
0.0
0
VERTEX
8
0
10
-5.245882
20
22.677651
30
0.0
0
VERTEX
8
0
10
-5.342329
20
22.781440
30
0.0
0
VERTEX
8
0
10
-5.429328
20
22.886527
30
0.0
0
VERTEX
8
0
10
-5.506711
20
22.991714
30
0.0
0
VERTEX
8
0
10
-5.574460
20
23.095792
30
0.0
0
VERTEX
8
0
10
-5.632701
20
23.197559
30
0.0
0
VERTEX
8
0
10
-5.681708
20
23.295838
30
0.0
0
VERTEX
8
0
10
-5.721898
20
23.389496
30
0.0
0
VERTEX
8
0
10
-5.753822
20
23.477459
30
0.0
0
VERTEX
8
0
10
-5.778157
20
23.558729
30
0.0
0
VERTEX
8
0
10
-5.795698
20
23.632400
30
0.0
0
VERTEX
8
0
10
-5.807345
20
23.697671
30
0.0
0
VERTEX
8
0
10
-5.814089
20
23.753858
30
0.0
0
VERTEX
8
0
10
-5.816997
20
23.800402
30
0.0
0
VERTEX
8
0
10
-5.817195
20
23.836882
30
0.0
0
VERTEX
8
0
10
-5.815853
20
23.863017
30
0.0
0
VERTEX
8
0
10
-5.814167
20
23.878673
30
0.0
0
VERTEX
8
0
10
-5.813339
20
23.883864
30
0.0
0
VERTEX
8
0
10
-5.812465
20
23.889757
30
0.0
0
VERTEX
8
0
10
-5.811007
20
23.907542
30
0.0
0
VERTEX
8
0
10
-5.810715
20
23.937197
30
0.0
0
VERTEX
8
0
10
-5.813321
20
23.978455
30
0.0
0
VERTEX
8
0
10
-5.820503
20
24.030813
30
0.0
0
VERTEX
8
0
10
-5.833852
20
24.093538
30
0.0
0
VERTEX
8
0
10
-5.854843
20
24.165682
30
0.0
0
VERTEX
8
0
10
-5.884804
20
24.246102
30
0.0
0
VERTEX
8
0
10
-5.924896
20
24.333482
30
0.0
0
VERTEX
8
0
10
-5.976080
20
24.426355
30
0.0
0
VERTEX
8
0
10
-6.039110
20
24.523135
30
0.0
0
VERTEX
8
0
10
-6.114510
20
24.622147
30
0.0
0
VERTEX
8
0
10
-6.202566
20
24.721656
30
0.0
0
VERTEX
8
0
10
-6.303325
20
24.819906
30
0.0
0
VERTEX
8
0
10
-6.416584
20
24.915150
30
0.0
0
VERTEX
8
0
10
-6.541906
20
25.005685
30
0.0
0
VERTEX
8
0
10
-6.678617
20
25.089883
30
0.0
0
VERTEX
8
0
10
-6.825826
20
25.166227
30
0.0
0
VERTEX
8
0
10
-6.982442
20
25.233334
30
0.0
0
VERTEX
8
0
10
-7.147190
20
25.289989
30
0.0
0
VERTEX
8
0
10
-7.318639
20
25.335160
30
0.0
0
VERTEX
8
0
10
-7.495231
20
25.368027
30
0.0
0
VERTEX
8
0
10
-7.675307
20
25.387990
30
0.0
0
VERTEX
8
0
10
-7.857143
20
25.394685
30
0.0
0
VERTEX
8
0
10
-8.038978
20
25.387990
30
0.0
0
VERTEX
8
0
10
-8.219055
20
25.368027
30
0.0
0
VERTEX
8
0
10
-8.395647
20
25.335160
30
0.0
0
VERTEX
8
0
10
-8.567096
20
25.289989
30
0.0
0
VERTEX
8
0
10
-8.731844
20
25.233334
30
0.0
0
VERTEX
8
0
10
-8.888459
20
25.166227
30
0.0
0
VERTEX
8
0
10
-9.035669
20
25.089883
30
0.0
0
VERTEX
8
0
10
-9.172380
20
25.005685
30
0.0
0
VERTEX
8
0
10
-9.297701
20
24.915150
30
0.0
0
VERTEX
8
0
10
-9.410961
20
24.819906
30
0.0
0
VERTEX
8
0
10
-9.511719
20
24.721656
30
0.0
0
VERTEX
8
0
10
-9.599776
20
24.622147
30
0.0
0
VERTEX
8
0
10
-9.675176
20
24.523135
30
0.0
0
VERTEX
8
0
10
-9.738205
20
24.426355
30
0.0
0
VERTEX
8
0
10
-9.789390
20
24.333482
30
0.0
0
VERTEX
8
0
10
-9.829481
20
24.246102
30
0.0
0
VERTEX
8
0
10
-9.859443
20
24.165682
30
0.0
0
VERTEX
8
0
10
-9.880434
20
24.093538
30
0.0
0
VERTEX
8
0
10
-9.893783
20
24.030813
30
0.0
0
VERTEX
8
0
10
-9.900965
20
23.978455
30
0.0
0
VERTEX
8
0
10
-9.903571
20
23.937197
30
0.0
0
VERTEX
8
0
10
-9.903279
20
23.907542
30
0.0
0
VERTEX
8
0
10
-9.901820
20
23.889757
30
0.0
0
VERTEX
8
0
10
-9.900946
20
23.883864
30
0.0
0
VERTEX
8
0
10
-9.900118
20
23.878673
30
0.0
0
VERTEX
8
0
10
-9.898432
20
23.863017
30
0.0
0
VERTEX
8
0
10
-9.897091
20
23.836882
30
0.0
0
VERTEX
8
0
10
-9.897289
20
23.800402
30
0.0
0
VERTEX
8
0
10
-9.900196
20
23.753858
30
0.0
0
VERTEX
8
0
10
-9.906940
20
23.697671
30
0.0
0
VERTEX
8
0
10
-9.918588
20
23.632400
30
0.0
0
VERTEX
8
0
10
-9.936129
20
23.558729
30
0.0
0
VERTEX
8
0
10
-9.960464
20
23.477459
30
0.0
0
VERTEX
8
0
10
-9.992387
20
23.389496
30
0.0
0
VERTEX
8
0
10
-10.032577
20
23.295838
30
0.0
0
VERTEX
8
0
10
-10.081585
20
23.197559
30
0.0
0
VERTEX
8
0
10
-10.139826
20
23.095792
30
0.0
0
VERTEX
8
0
10
-10.207574
20
22.991714
30
0.0
0
VERTEX
8
0
10
-10.284958
20
22.886527
30
0.0
0
VERTEX
8
0
10
-10.371957
20
22.781440
30
0.0
0
VERTEX
8
0
10
-10.468403
20
22.677651
30
0.0
0
VERTEX
8
0
10
-10.573985
20
22.576332
30
0.0
0
VERTEX
8
0
10
-10.688247
20
22.478604
30
0.0
0
VERTEX
8
0
10
-10.810604
20
22.385527
30
0.0
0
VERTEX
8
0
10
-10.940341
20
22.298083
30
0.0
0
VERTEX
8
0
10
-11.076633
20
22.217159
30
0.0
0
VERTEX
8
0
10
-11.218550
20
22.143533
30
0.0
0
VERTEX
8
0
10
-11.365074
20
22.077866
30
0.0
0
VERTEX
8
0
10
-11.515116
20
22.020691
30
0.0
0
VERTEX
8
0
10
-11.667528
20
21.972402
30
0.0
0
VERTEX
8
0
10
-11.821123
20
21.933252
30
0.0
0
VERTEX
8
0
10
-11.974693
20
21.903346
30
0.0
0
VERTEX
8
0
10
-12.127027
20
21.882641
30
0.0
0
VERTEX
8
0
10
-12.276927
20
21.870950
30
0.0
0
VERTEX
8
0
10
-12.423228
20
21.867936
30
0.0
0
VERTEX
8
0
10
-12.564816
20
21.873128
30
0.0
0
VERTEX
8
0
10
-12.700641
20
21.885918
30
0.0
0
VERTEX
8
0
10
-12.829738
20
21.905578
30
0.0
0
VERTEX
8
0
10
-12.951238
20
21.931267
30
0.0
0
VERTEX
8
0
10
-13.064381
20
21.962045
30
0.0
0
VERTEX
8
0
10
-13.168528
20
21.996885
30
0.0
0
VERTEX
8
0
10
-13.263173
20
22.034692
30
0.0
0
VERTEX
8
0
10
-13.347945
20
22.074318
30
0.0
0
VERTEX
8
0
10
-13.422619
20
22.114577
30
0.0
0
VERTEX
8
0
10
-13.487116
20
22.154267
30
0.0
0
VERTEX
8
0
10
-13.541506
20
22.192185
30
0.0
0
VERTEX
8
0
10
-13.586004
20
22.227146
30
0.0
0
VERTEX
8
0
10
-13.620972
20
22.258002
30
0.0
0
VERTEX
8
0
10
-13.646907
20
22.283657
30
0.0
0
VERTEX
8
0
10
-13.664439
20
22.303086
30
0.0
0
VERTEX
8
0
10
-13.674317
20
22.315349
30
0.0
0
VERTEX
8
0
10
-13.677402
20
22.319605
30
0.0
0
VERTEX
8
0
10
-13.680951
20
22.324390
30
0.0
0
VERTEX
8
0
10
-13.692496
20
22.337997
30
0.0
0
VERTEX
8
0
10
-13.713258
20
22.359172
30
0.0
0
VERTEX
8
0
10
-13.744275
20
22.386504
30
0.0
0
VERTEX
8
0
10
-13.786376
20
22.418448
30
0.0
0
VERTEX
8
0
10
-13.840168
20
22.453362
30
0.0
0
VERTEX
8
0
10
-13.906025
20
22.489533
30
0.0
0
VERTEX
8
0
10
-13.984077
20
22.525212
30
0.0
0
VERTEX
8
0
10
-14.074213
20
22.558651
30
0.0
0
VERTEX
8
0
10
-14.176077
20
22.588129
30
0.0
0
VERTEX
8
0
10
-14.289079
20
22.611994
30
0.0
0
VERTEX
8
0
10
-14.412406
20
22.628690
30
0.0
0
VERTEX
8
0
10
-14.545036
20
22.636788
30
0.0
0
VERTEX
8
0
10
-14.685756
20
22.635015
30
0.0
0
VERTEX
8
0
10
-14.833190
20
22.622275
30
0.0
0
VERTEX
8
0
10
-14.985823
20
22.597678
30
0.0
0
VERTEX
8
0
10
-15.142030
20
22.560545
30
0.0
0
VERTEX
8
0
10
-15.300106
20
22.510436
30
0.0
0
VERTEX
8
0
10
-15.458302
20
22.447144
30
0.0
0
VERTEX
8
0
10
-15.614857
20
22.370710
30
0.0
0
VERTEX
8
0
10
-15.768031
20
22.281419
30
0.0
0
VERTEX
8
0
10
-15.916141
20
22.179789
30
0.0
0
VERTEX
8
0
10
-16.057590
20
22.066572
30
0.0
0
VERTEX
8
0
10
-16.190901
20
21.942729
30
0.0
0
VERTEX
8
0
10
-16.314744
20
21.809418
30
0.0
0
VERTEX
8
0
10
-16.427962
20
21.667969
30
0.0
0
VERTEX
8
0
10
-16.529591
20
21.519859
30
0.0
0
VERTEX
8
0
10
-16.618883
20
21.366685
30
0.0
0
VERTEX
8
0
10
-16.695316
20
21.210130
30
0.0
0
VERTEX
8
0
10
-16.758608
20
21.051934
30
0.0
0
VERTEX
8
0
10
-16.808718
20
20.893858
30
0.0
0
VERTEX
8
0
10
-16.845850
20
20.737651
30
0.0
0
VERTEX
8
0
10
-16.870448
20
20.585018
30
0.0
0
VERTEX
8
0
10
-16.883187
20
20.437584
30
0.0
0
VERTEX
8
0
10
-16.884960
20
20.296864
30
0.0
0
VERTEX
8
0
10
-16.876862
20
20.164234
30
0.0
0
VERTEX
8
0
10
-16.860166
20
20.040907
30
0.0
0
VERTEX
8
0
10
-16.836301
20
19.927904
30
0.0
0
VERTEX
8
0
10
-16.806823
20
19.826040
30
0.0
0
VERTEX
8
0
10
-16.773385
20
19.735905
30
0.0
0
VERTEX
8
0
10
-16.737705
20
19.657853
30
0.0
0
VERTEX
8
0
10
-16.701534
20
19.591996
30
0.0
0
VERTEX
8
0
10
-16.666620
20
19.538204
30
0.0
0
VERTEX
8
0
10
-16.634676
20
19.496103
30
0.0
0
VERTEX
8
0
10
-16.607344
20
19.465086
30
0.0
0
VERTEX
8
0
10
-16.586169
20
19.444323
30
0.0
0
VERTEX
8
0
10
-16.572562
20
19.432779
30
0.0
0
VERTEX
8
0
10
-16.567777
20
19.429230
30
0.0
0
VERTEX
8
0
10
-16.563521
20
19.426145
30
0.0
0
VERTEX
8
0
10
-16.551258
20
19.416267
30
0.0
0
VERTEX
8
0
10
-16.531829
20
19.398735
30
0.0
0
VERTEX
8
0
10
-16.506174
20
19.372800
30
0.0
0
VERTEX
8
0
10
-16.475318
20
19.337832
30
0.0
0
VERTEX
8
0
10
-16.440357
20
19.293334
30
0.0
0
VERTEX
8
0
10
-16.402439
20
19.238944
30
0.0
0
VERTEX
8
0
10
-16.362750
20
19.174447
30
0.0
0
VERTEX
8
0
10
-16.322490
20
19.099773
30
0.0
0
VERTEX
8
0
10
-16.282865
20
19.015001
30
0.0
0
VERTEX
8
0
10
-16.245057
20
18.920356
30
0.0
0
VERTEX
8
0
10
-16.210217
20
18.816208
30
0.0
0
VERTEX
8
0
10
-16.179439
20
18.703066
30
0.0
0
VERTEX
8
0
10
-16.153750
20
18.581566
30
0.0
0
VERTEX
8
0
10
-16.134090
20
18.452469
30
0.0
0
VERTEX
8
0
10
-16.121300
20
18.316644
30
0.0
0
VERTEX
8
0
10
-16.116109
20
18.175056
30
0.0
0
VERTEX
8
0
10
-16.119122
20
18.028755
30
0.0
0
VERTEX
8
0
10
-16.130814
20
17.878855
30
0.0
0
VERTEX
8
0
10
-16.151518
20
17.726521
30
0.0
0
VERTEX
8
0
10
-16.181424
20
17.572951
30
0.0
0
VERTEX
8
0
10
-16.220574
20
17.419355
30
0.0
0
VERTEX
8
0
10
-16.268863
20
17.266944
30
0.0
0
VERTEX
8
0
10
-16.326039
20
17.116902
30
0.0
0
VERTEX
8
0
10
-16.391705
20
16.970378
30
0.0
0
VERTEX
8
0
10
-16.465331
20
16.828461
30
0.0
0
VERTEX
8
0
10
-16.546256
20
16.692169
30
0.0
0
VERTEX
8
0
10
-16.633700
20
16.562432
30
0.0
0
VERTEX
8
0
10
-16.726776
20
16.440075
30
0.0
0
VERTEX
8
0
10
-16.824504
20
16.325813
30
0.0
0
VERTEX
8
0
10
-16.925824
20
16.220231
30
0.0
0
VERTEX
8
0
10
-17.029612
20
16.123785
30
0.0
0
VERTEX
8
0
10
-17.134699
20
16.036786
30
0.0
0
VERTEX
8
0
10
-17.239886
20
15.959402
30
0.0
0
VERTEX
8
0
10
-17.343964
20
15.891654
30
0.0
0
VERTEX
8
0
10
-17.445731
20
15.833413
30
0.0
0
VERTEX
8
0
10
-17.544011
20
15.784405
30
0.0
0
VERTEX
8
0
10
-17.637668
20
15.744215
30
0.0
0
VERTEX
8
0
10
-17.725631
20
15.712292
30
0.0
0
VERTEX
8
0
10
-17.806901
20
15.687957
30
0.0
0
VERTEX
8
0
10
-17.880572
20
15.670416
30
0.0
0
VERTEX
8
0
10
-17.945844
20
15.658768
30
0.0
0
VERTEX
8
0
10
-18.002030
20
15.652024
30
0.0
0
VERTEX
8
0
10
-18.048574
20
15.649117
30
0.0
0
VERTEX
8
0
10
-18.085054
20
15.648918
30
0.0
0
VERTEX
8
0
10
-18.111189
20
15.650260
30
0.0
0
VERTEX
8
0
10
-18.126845
20
15.651946
30
0.0
0
SEQEND
0
POINT
8
0
10
-7.857143
20
13.608971
30
0.0
0
POLYLINE
8
0
66
1
70
1
0
VERTEX
8
0
10
2.417751
20
-15.652774
30
0.0
0
VERTEX
8
0
10
2.423643
20
-15.653648
30
0.0
0
VERTEX
8
0
10
2.441428
20
-15.655107
30
0.0
0
VERTEX
8
0
10
2.471083
20
-15.655398
30
0.0
0
VERTEX
8
0
10
2.512342
20
-15.652792
30
0.0
0
VERTEX
8
0
10
2.564699
20
-15.645611
30
0.0
0
VERTEX
8
0
10
2.627424
20
-15.632262
30
0.0
0
VERTEX
8
0
10
2.699568
20
-15.611271
30
0.0
0
VERTEX
8
0
10
2.779989
20
-15.581309
30
0.0
0
VERTEX
8
0
10
2.867369
20
-15.541218
30
0.0
0
VERTEX
8
0
10
2.960242
20
-15.490033
30
0.0
0
VERTEX
8
0
10
3.057022
20
-15.427003
30
0.0
0
VERTEX
8
0
10
3.156033
20
-15.351604
30
0.0
0
VERTEX
8
0
10
3.255542
20
-15.263547
30
0.0
0
VERTEX
8
0
10
3.353793
20
-15.162789
30
0.0
0
VERTEX
8
0
10
3.449037
20
-15.049529
30
0.0
0
VERTEX
8
0
10
3.539571
20
-14.924208
30
0.0
0
VERTEX
8
0
10
3.623769
20
-14.787497
30
0.0
0
VERTEX
8
0
10
3.700113
20
-14.640287
30
0.0
0
VERTEX
8
0
10
3.767221
20
-14.483672
30
0.0
0
VERTEX
8
0
10
3.823875
20
-14.318924
30
0.0
0
VERTEX
8
0
10
3.869047
20
-14.147474
30
0.0
0
VERTEX
8
0
10
3.901914
20
-13.970882
30
0.0
0
VERTEX
8
0
10
3.921876
20
-13.790806
30
0.0
0
VERTEX
8
0
10
3.928571
20
-13.608971
30
0.0
0
VERTEX
8
0
10
3.921876
20
-13.427135
30
0.0
0
VERTEX
8
0
10
3.901914
20
-13.247059
30
0.0
0
VERTEX
8
0
10
3.869047
20
-13.070467
30
0.0
0
VERTEX
8
0
10
3.823875
20
-12.899017
30
0.0
0
VERTEX
8
0
10
3.767221
20
-12.734270
30
0.0
0
VERTEX
8
0
10
3.700113
20
-12.577654
30
0.0
0
VERTEX
8
0
10
3.623769
20
-12.430444
30
0.0
0
VERTEX
8
0
10
3.539571
20
-12.293733
30
0.0
0
VERTEX
8
0
10
3.449037
20
-12.168412
30
0.0
0
VERTEX
8
0
10
3.353793
20
-12.055152
30
0.0
0
VERTEX
8
0
10
3.255542
20
-11.954394
30
0.0
0
VERTEX
8
0
10
3.156033
20
-11.866337
30
0.0
0
VERTEX
8
0
10
3.057022
20
-11.790938
30
0.0
0
VERTEX
8
0
10
2.960242
20
-11.727908
30
0.0
0
VERTEX
8
0
10
2.867369
20
-11.676723
30
0.0
0
VERTEX
8
0
10
2.779989
20
-11.636632
30
0.0
0
VERTEX
8
0
10
2.699568
20
-11.606670
30
0.0
0
VERTEX
8
0
10
2.627424
20
-11.585679
30
0.0
0
VERTEX
8
0
10
2.564699
20
-11.572331
30
0.0
0
VERTEX
8
0
10
2.512342
20
-11.565149
30
0.0
0
VERTEX
8
0
10
2.471083
20
-11.562543
30
0.0
0
VERTEX
8
0
10
2.441428
20
-11.562835
30
0.0
0
VERTEX
8
0
10
2.423643
20
-11.564293
30
0.0
0
VERTEX
8
0
10
2.417751
20
-11.565167
30
0.0
0
VERTEX
8
0
10
2.412560
20
-11.565995
30
0.0
0
VERTEX
8
0
10
2.396903
20
-11.567681
30
0.0
0
VERTEX
8
0
10
2.370768
20
-11.569023
30
0.0
0
VERTEX
8
0
10
2.334288
20
-11.568825
30
0.0
0
VERTEX
8
0
10
2.287744
20
-11.565917
30
0.0
0
VERTEX
8
0
10
2.231558
20
-11.559173
30
0.0
0
VERTEX
8
0
10
2.166287
20
-11.547526
30
0.0
0
VERTEX
8
0
10
2.092615
20
-11.529984
30
0.0
0
VERTEX
8
0
10
2.011345
20
-11.505650
30
0.0
0
VERTEX
8
0
10
1.923383
20
-11.473726
30
0.0
0
VERTEX
8
0
10
1.829725
20
-11.433536
30
0.0
0
VERTEX
8
0
10
1.731446
20
-11.384528
30
0.0
0
VERTEX
8
0
10
1.629679
20
-11.326287
30
0.0
0
VERTEX
8
0
10
1.525600
20
-11.258539
30
0.0
0
VERTEX
8
0
10
1.420413
20
-11.181156
30
0.0
0
VERTEX
8
0
10
1.315326
20
-11.094157
30
0.0
0
VERTEX
8
0
10
1.211538
20
-10.997710
30
0.0
0
VERTEX
8
0
10
1.110218
20
-10.892129
30
0.0
0
VERTEX
8
0
10
1.012490
20
-10.777866
30
0.0
0
VERTEX
8
0
10
0.919414
20
-10.655510
30
0.0
0
VERTEX
8
0
10
0.831970
20
-10.525772
30
0.0
0
VERTEX
8
0
10
0.751045
20
-10.389480
30
0.0
0
VERTEX
8
0
10
0.677419
20
-10.247564
30
0.0
0
VERTEX
8
0
10
0.611753
20
-10.101039
30
0.0
0
VERTEX
8
0
10
0.554578
20
-9.950998
30
0.0
0
VERTEX
8
0
10
0.506289
20
-9.798586
30
0.0
0
VERTEX
8
0
10
0.467138
20
-9.644991
30
0.0
0
VERTEX
8
0
10
0.437232
20
-9.491420
30
0.0
0
VERTEX
8
0
10
0.416528
20
-9.339086
30
0.0
0
VERTEX
8
0
10
0.404836
20
-9.189186
30
0.0
0
VERTEX
8
0
10
0.401823
20
-9.042885
30
0.0
0
VERTEX
8
0
10
0.407014
20
-8.901298
30
0.0
0
VERTEX
8
0
10
0.419804
20
-8.765472
30
0.0
0
VERTEX
8
0
10
0.439465
20
-8.636375
30
0.0
0
VERTEX
8
0
10
0.465154
20
-8.514876
30
0.0
0
VERTEX
8
0
10
0.495931
20
-8.401733
30
0.0
0
VERTEX
8
0
10
0.530771
20
-8.297585
30
0.0
0
VERTEX
8
0
10
0.568579
20
-8.202941
30
0.0
0
VERTEX
8
0
10
0.608205
20
-8.118168
30
0.0
0
VERTEX
8
0
10
0.648464
20
-8.043494
30
0.0
0
VERTEX
8
0
10
0.688154
20
-7.978997
30
0.0
0
VERTEX
8
0
10
0.726072
20
-7.924608
30
0.0
0
VERTEX
8
0
10
0.761033
20
-7.880109
30
0.0
0
VERTEX
8
0
10
0.791888
20
-7.845142
30
0.0
0
VERTEX
8
0
10
0.817543
20
-7.819206
30
0.0
0
VERTEX
8
0
10
0.836972
20
-7.801675
30
0.0
0
VERTEX
8
0
10
0.849235
20
-7.791796
30
0.0
0
VERTEX
8
0
10
0.853491
20
-7.788711
30
0.0
0
VERTEX
8
0
10
0.858276
20
-7.785162
30
0.0
0
VERTEX
8
0
10
0.871883
20
-7.773618
30
0.0
0
VERTEX
8
0
10
0.893059
20
-7.752855
30
0.0
0
VERTEX
8
0
10
0.920390
20
-7.721838
30
0.0
0
VERTEX
8
0
10
0.952334
20
-7.679737
30
0.0
0
VERTEX
8
0
10
0.987248
20
-7.625945
30
0.0
0
VERTEX
8
0
10
1.023419
20
-7.560089
30
0.0
0
VERTEX
8
0
10
1.059099
20
-7.482036
30
0.0
0
VERTEX
8
0
10
1.092537
20
-7.391901
30
0.0
0
VERTEX
8
0
10
1.122015
20
-7.290037
30
0.0
0
VERTEX
8
0
10
1.145880
20
-7.177034
30
0.0
0
VERTEX
8
0
10
1.162576
20
-7.053707
30
0.0
0
VERTEX
8
0
10
1.170674
20
-6.921078
30
0.0
0
VERTEX
8
0
10
1.168901
20
-6.780358
30
0.0
0
VERTEX
8
0
10
1.156162
20
-6.632923
30
0.0
0
VERTEX
8
0
10
1.131564
20
-6.480290
30
0.0
0
VERTEX
8
0
10
1.094432
20
-6.324084
30
0.0
0
VERTEX
8
0
10
1.044322
20
-6.166008
30
0.0
0
VERTEX
8
0
10
0.981030
20
-6.007811
30
0.0
0
VERTEX
8
0
10
0.904597
20
-5.851256
30
0.0
0
VERTEX
8
0
10
0.815305
20
-5.698082
30
0.0
0
VERTEX
8
0
10
0.713676
20
-5.549972
30
0.0
0
VERTEX
8
0
10
0.600459
20
-5.408523
30
0.0
0
VERTEX
8
0
10
0.476616
20
-5.275212
30
0.0
0
VERTEX
8
0
10
0.343304
20
-5.151369
30
0.0
0
VERTEX
8
0
10
0.201855
20
-5.038152
30
0.0
0
VERTEX
8
0
10
0.053746
20
-4.936523
30
0.0
0
VERTEX
8
0
10
-0.099429
20
-4.847231
30
0.0
0
VERTEX
8
0
10
-0.255984
20
-4.770797
30
0.0
0
VERTEX
8
0
10
-0.414180
20
-4.707506
30
0.0
0
VERTEX
8
0
10
-0.572256
20
-4.657396
30
0.0
0
VERTEX
8
0
10
-0.728462
20
-4.620264
30
0.0
0
VERTEX
8
0
10
-0.881095
20
-4.595666
30
0.0
0
VERTEX
8
0
10
-1.028530
20
-4.582927
30
0.0
0
VERTEX
8
0
10
-1.169250
20
-4.581153
30
0.0
0
VERTEX
8
0
10
-1.301879
20
-4.589252
30
0.0
0
VERTEX
8
0
10
-1.425206
20
-4.605948
30
0.0
0
VERTEX
8
0
10
-1.538209
20
-4.629813
30
0.0
0
VERTEX
8
0
10
-1.640073
20
-4.659291
30
0.0
0
VERTEX
8
0
10
-1.730209
20
-4.692729
30
0.0
0
VERTEX
8
0
10
-1.808261
20
-4.728408
30
0.0
0
VERTEX
8
0
10
-1.874117
20
-4.764579
30
0.0
0
VERTEX
8
0
10
-1.927909
20
-4.799493
30
0.0
0
VERTEX
8
0
10
-1.970010
20
-4.831438
30
0.0
0
VERTEX
8
0
10
-2.001027
20
-4.858769
30
0.0
0
VERTEX
8
0
10
-2.021790
20
-4.879944
30
0.0
0
VERTEX
8
0
10
-2.033335
20
-4.893552
30
0.0
0
VERTEX
8
0
10
-2.036883
20
-4.898337
30
0.0
0
VERTEX
8
0
10
-2.039968
20
-4.902593
30
0.0
0
VERTEX
8
0
10
-2.049847
20
-4.914855
30
0.0
0
VERTEX
8
0
10
-2.067379
20
-4.934284
30
0.0
0
VERTEX
8
0
10
-2.093314
20
-4.959939
30
0.0
0
VERTEX
8
0
10
-2.128281
20
-4.990795
30
0.0
0
VERTEX
8
0
10
-2.172780
20
-5.025756
30
0.0
0
VERTEX
8
0
10
-2.227170
20
-5.063674
30
0.0
0
VERTEX
8
0
10
-2.291667
20
-5.103364
30
0.0
0
VERTEX
8
0
10
-2.366341
20
-5.143623
30
0.0
0
VERTEX
8
0
10
-2.451113
20
-5.183249
30
0.0
0
VERTEX
8
0
10
-2.545757
20
-5.221056
30
0.0
0
VERTEX
8
0
10
-2.649905
20
-5.255897
30
0.0
0
VERTEX
8
0
10
-2.763048
20
-5.286674
30
0.0
0
VERTEX
8
0
10
-2.884548
20
-5.312363
30
0.0
0
VERTEX
8
0
10
-3.013645
20
-5.332023
30
0.0
0
VERTEX
8
0
10
-3.149470
20
-5.344814
30
0.0
0
VERTEX
8
0
10
-3.291057
20
-5.350005
30
0.0
0
VERTEX
8
0
10
-3.437358
20
-5.346992
30
0.0
0
VERTEX
8
0
10
-3.587258
20
-5.335300
30
0.0
0
VERTEX
8
0
10
-3.739592
20
-5.314596
30
0.0
0
VERTEX
8
0
10
-3.893163
20
-5.284690
30
0.0
0
VERTEX
8
0
10
-4.046758
20
-5.245539
30
0.0
0
VERTEX
8
0
10
-4.199170
20
-5.197250
30
0.0
0
VERTEX
8
0
10
-4.349211
20
-5.140075
30
0.0
0
VERTEX
8
0
10
-4.495736
20
-5.074408
30
0.0
0
VERTEX
8
0
10
-4.637653
20
-5.000783
30
0.0
0
VERTEX
8
0
10
-4.773944
20
-4.919858
30
0.0
0
VERTEX
8
0
10
-4.903682
20
-4.832414
30
0.0
0
VERTEX
8
0
10
-5.026038
20
-4.739338
30
0.0
0
VERTEX
8
0
10
-5.140301
20
-4.641610
30
0.0
0
VERTEX
8
0
10
-5.245882
20
-4.540290
30
0.0
0
VERTEX
8
0
10
-5.342329
20
-4.436502
30
0.0
0
VERTEX
8
0
10
-5.429328
20
-4.331415
30
0.0
0
VERTEX
8
0
10
-5.506711
20
-4.226227
30
0.0
0
VERTEX
8
0
10
-5.574460
20
-4.122149
30
0.0
0
VERTEX
8
0
10
-5.632701
20
-4.020382
30
0.0
0
VERTEX
8
0
10
-5.681708
20
-3.922103
30
0.0
0
VERTEX
8
0
10
-5.721898
20
-3.828445
30
0.0
0
VERTEX
8
0
10
-5.753822
20
-3.740483
30
0.0
0
VERTEX
8
0
10
-5.778157
20
-3.659213
30
0.0
0
VERTEX
8
0
10
-5.795698
20
-3.585541
30
0.0
0
VERTEX
8
0
10
-5.807345
20
-3.520270
30
0.0
0
VERTEX
8
0
10
-5.814089
20
-3.464084
30
0.0
0
VERTEX
8
0
10
-5.816997
20
-3.417539
30
0.0
0
VERTEX
8
0
10
-5.817195
20
-3.381060
30
0.0
0
VERTEX
8
0
10
-5.815853
20
-3.354924
30
0.0
0
VERTEX
8
0
10
-5.814167
20
-3.339268
30
0.0
0
VERTEX
8
0
10
-5.813339
20
-3.334077
30
0.0
0
VERTEX
8
0
10
-5.812465
20
-3.328185
30
0.0
0
VERTEX
8
0
10
-5.811007
20
-3.310399
30
0.0
0
VERTEX
8
0
10
-5.810715
20
-3.280745
30
0.0
0
VERTEX
8
0
10
-5.813321
20
-3.239486
30
0.0
0
VERTEX
8
0
10
-5.820503
20
-3.187128
30
0.0
0
VERTEX
8
0
10
-5.833852
20
-3.124404
30
0.0
0
VERTEX
8
0
10
-5.854843
20
-3.052259
30
0.0
0
VERTEX
8
0
10
-5.884804
20
-2.971839
30
0.0
0
VERTEX
8
0
10
-5.924896
20
-2.884459
30
0.0
0
VERTEX
8
0
10
-5.976080
20
-2.791586
30
0.0
0
VERTEX
8
0
10
-6.039110
20
-2.694806
30
0.0
0
VERTEX
8
0
10
-6.114510
20
-2.595795
30
0.0
0
VERTEX
8
0
10
-6.202566
20
-2.496285
30
0.0
0
VERTEX
8
0
10
-6.303325
20
-2.398035
30
0.0
0
VERTEX
8
0
10
-6.416584
20
-2.302791
30
0.0
0
VERTEX
8
0
10
-6.541906
20
-2.212257
30
0.0
0
VERTEX
8
0
10
-6.678617
20
-2.128058
30
0.0
0
VERTEX
8
0
10
-6.825826
20
-2.051715
30
0.0
0
VERTEX
8
0
10
-6.982442
20
-1.984607
30
0.0
0
VERTEX
8
0
10
-7.147190
20
-1.927953
30
0.0
0
VERTEX
8
0
10
-7.318639
20
-1.882781
30
0.0
0
VERTEX
8
0
10
-7.495231
20
-1.849914
30
0.0
0
VERTEX
8
0
10
-7.675307
20
-1.829951
30
0.0
0
VERTEX
8
0
10
-7.857143
20
-1.823256
30
0.0
0
VERTEX
8
0
10
-8.038978
20
-1.829951
30
0.0
0
VERTEX
8
0
10
-8.219055
20
-1.849914
30
0.0
0
VERTEX
8
0
10
-8.395647
20
-1.882781
30
0.0
0
VERTEX
8
0
10
-8.567096
20
-1.927953
30
0.0
0
VERTEX
8
0
10
-8.731844
20
-1.984607
30
0.0
0
VERTEX
8
0
10
-8.888459
20
-2.051715
30
0.0
0
VERTEX
8
0
10
-9.035669
20
-2.128058
30
0.0
0
VERTEX
8
0
10
-9.172380
20
-2.212257
30
0.0
0
VERTEX
8
0
10
-9.297701
20
-2.302791
30
0.0
0
VERTEX
8
0
10
-9.410961
20
-2.398035
30
0.0
0
VERTEX
8
0
10
-9.511719
20
-2.496285
30
0.0
0
VERTEX
8
0
10
-9.599776
20
-2.595795
30
0.0
0
VERTEX
8
0
10
-9.675176
20
-2.694806
30
0.0
0
VERTEX
8
0
10
-9.738205
20
-2.791586
30
0.0
0
VERTEX
8
0
10
-9.789390
20
-2.884459
30
0.0
0
VERTEX
8
0
10
-9.829481
20
-2.971839
30
0.0
0
VERTEX
8
0
10
-9.859443
20
-3.052259
30
0.0
0
VERTEX
8
0
10
-9.880434
20
-3.124404
30
0.0
0
VERTEX
8
0
10
-9.893783
20
-3.187128
30
0.0
0
VERTEX
8
0
10
-9.900965
20
-3.239486
30
0.0
0
VERTEX
8
0
10
-9.903571
20
-3.280745
30
0.0
0
VERTEX
8
0
10
-9.903279
20
-3.310399
30
0.0
0
VERTEX
8
0
10
-9.901820
20
-3.328185
30
0.0
0
VERTEX
8
0
10
-9.900946
20
-3.334077
30
0.0
0
VERTEX
8
0
10
-9.900118
20
-3.339268
30
0.0
0
VERTEX
8
0
10
-9.898432
20
-3.354924
30
0.0
0
VERTEX
8
0
10
-9.897091
20
-3.381060
30
0.0
0
VERTEX
8
0
10
-9.897289
20
-3.417539
30
0.0
0
VERTEX
8
0
10
-9.900196
20
-3.464084
30
0.0
0
VERTEX
8
0
10
-9.906940
20
-3.520270
30
0.0
0
VERTEX
8
0
10
-9.918588
20
-3.585541
30
0.0
0
VERTEX
8
0
10
-9.936129
20
-3.659213
30
0.0
0
VERTEX
8
0
10
-9.960464
20
-3.740483
30
0.0
0
VERTEX
8
0
10
-9.992387
20
-3.828445
30
0.0
0
VERTEX
8
0
10
-10.032577
20
-3.922103
30
0.0
0
VERTEX
8
0
10
-10.081585
20
-4.020382
30
0.0
0
VERTEX
8
0
10
-10.139826
20
-4.122149
30
0.0
0
VERTEX
8
0
10
-10.207574
20
-4.226227
30
0.0
0
VERTEX
8
0
10
-10.284958
20
-4.331415
30
0.0
0
VERTEX
8
0
10
-10.371957
20
-4.436502
30
0.0
0
VERTEX
8
0
10
-10.468403
20
-4.540290
30
0.0
0
VERTEX
8
0
10
-10.573985
20
-4.641610
30
0.0
0
VERTEX
8
0
10
-10.688247
20
-4.739338
30
0.0
0
VERTEX
8
0
10
-10.810604
20
-4.832414
30
0.0
0
VERTEX
8
0
10
-10.940341
20
-4.919858
30
0.0
0
VERTEX
8
0
10
-11.076633
20
-5.000783
30
0.0
0
VERTEX
8
0
10
-11.218550
20
-5.074408
30
0.0
0
VERTEX
8
0
10
-11.365074
20
-5.140075
30
0.0
0
VERTEX
8
0
10
-11.515116
20
-5.197250
30
0.0
0
VERTEX
8
0
10
-11.667528
20
-5.245539
30
0.0
0
VERTEX
8
0
10
-11.821123
20
-5.284690
30
0.0
0
VERTEX
8
0
10
-11.974693
20
-5.314596
30
0.0
0
VERTEX
8
0
10
-12.127027
20
-5.335300
30
0.0
0
VERTEX
8
0
10
-12.276927
20
-5.346992
30
0.0
0
VERTEX
8
0
10
-12.423228
20
-5.350005
30
0.0
0
VERTEX
8
0
10
-12.564816
20
-5.344814
30
0.0
0
VERTEX
8
0
10
-12.700641
20
-5.332023
30
0.0
0
VERTEX
8
0
10
-12.829738
20
-5.312363
30
0.0
0
VERTEX
8
0
10
-12.951238
20
-5.286674
30
0.0
0
VERTEX
8
0
10
-13.064381
20
-5.255897
30
0.0
0
VERTEX
8
0
10
-13.168528
20
-5.221056
30
0.0
0
VERTEX
8
0
10
-13.263173
20
-5.183249
30
0.0
0
VERTEX
8
0
10
-13.347945
20
-5.143623
30
0.0
0
VERTEX
8
0
10
-13.422619
20
-5.103364
30
0.0
0
VERTEX
8
0
10
-13.487116
20
-5.063674
30
0.0
0
VERTEX
8
0
10
-13.541506
20
-5.025756
30
0.0
0
VERTEX
8
0
10
-13.586004
20
-4.990795
30
0.0
0
VERTEX
8
0
10
-13.620972
20
-4.959939
30
0.0
0
VERTEX
8
0
10
-13.646907
20
-4.934284
30
0.0
0
VERTEX
8
0
10
-13.664439
20
-4.914855
30
0.0
0
VERTEX
8
0
10
-13.674317
20
-4.902593
30
0.0
0
VERTEX
8
0
10
-13.677402
20
-4.898337
30
0.0
0
VERTEX
8
0
10
-13.680951
20
-4.893552
30
0.0
0
VERTEX
8
0
10
-13.692496
20
-4.879944
30
0.0
0
VERTEX
8
0
10
-13.713258
20
-4.858769
30
0.0
0
VERTEX
8
0
10
-13.744275
20
-4.831438
30
0.0
0
VERTEX
8
0
10
-13.786376
20
-4.799493
30
0.0
0
VERTEX
8
0
10
-13.840168
20
-4.764579
30
0.0
0
VERTEX
8
0
10
-13.906025
20
-4.728408
30
0.0
0
VERTEX
8
0
10
-13.984077
20
-4.692729
30
0.0
0
VERTEX
8
0
10
-14.074213
20
-4.659291
30
0.0
0
VERTEX
8
0
10
-14.176077
20
-4.629813
30
0.0
0
VERTEX
8
0
10
-14.289079
20
-4.605948
30
0.0
0
VERTEX
8
0
10
-14.412406
20
-4.589252
30
0.0
0
VERTEX
8
0
10
-14.545036
20
-4.581153
30
0.0
0
VERTEX
8
0
10
-14.685756
20
-4.582927
30
0.0
0
VERTEX
8
0
10
-14.833190
20
-4.595666
30
0.0
0
VERTEX
8
0
10
-14.985823
20
-4.620264
30
0.0
0
VERTEX
8
0
10
-15.142030
20
-4.657396
30
0.0
0
VERTEX
8
0
10
-15.300106
20
-4.707506
30
0.0
0
VERTEX
8
0
10
-15.458302
20
-4.770797
30
0.0
0
VERTEX
8
0
10
-15.614857
20
-4.847231
30
0.0
0
VERTEX
8
0
10
-15.768031
20
-4.936523
30
0.0
0
VERTEX
8
0
10
-15.916141
20
-5.038152
30
0.0
0
VERTEX
8
0
10
-16.057590
20
-5.151369
30
0.0
0
VERTEX
8
0
10
-16.190901
20
-5.275212
30
0.0
0
VERTEX
8
0
10
-16.314744
20
-5.408523
30
0.0
0
VERTEX
8
0
10
-16.427962
20
-5.549972
30
0.0
0
VERTEX
8
0
10
-16.529591
20
-5.698082
30
0.0
0
VERTEX
8
0
10
-16.618883
20
-5.851256
30
0.0
0
VERTEX
8
0
10
-16.695316
20
-6.007811
30
0.0
0
VERTEX
8
0
10
-16.758608
20
-6.166008
30
0.0
0
VERTEX
8
0
10
-16.808718
20
-6.324084
30
0.0
0
VERTEX
8
0
10
-16.845850
20
-6.480290
30
0.0
0
VERTEX
8
0
10
-16.870448
20
-6.632923
30
0.0
0
VERTEX
8
0
10
-16.883187
20
-6.780358
30
0.0
0
VERTEX
8
0
10
-16.884960
20
-6.921078
30
0.0
0
VERTEX
8
0
10
-16.876862
20
-7.053707
30
0.0
0
VERTEX
8
0
10
-16.860166
20
-7.177034
30
0.0
0
VERTEX
8
0
10
-16.836301
20
-7.290037
30
0.0
0
VERTEX
8
0
10
-16.806823
20
-7.391901
30
0.0
0
VERTEX
8
0
10
-16.773385
20
-7.482036
30
0.0
0
VERTEX
8
0
10
-16.737705
20
-7.560089
30
0.0
0
VERTEX
8
0
10
-16.701534
20
-7.625945
30
0.0
0
VERTEX
8
0
10
-16.666620
20
-7.679737
30
0.0
0
VERTEX
8
0
10
-16.634676
20
-7.721838
30
0.0
0
VERTEX
8
0
10
-16.607344
20
-7.752855
30
0.0
0
VERTEX
8
0
10
-16.586169
20
-7.773618
30
0.0
0
VERTEX
8
0
10
-16.572562
20
-7.785162
30
0.0
0
VERTEX
8
0
10
-16.567777
20
-7.788711
30
0.0
0
VERTEX
8
0
10
-16.563521
20
-7.791796
30
0.0
0
VERTEX
8
0
10
-16.551258
20
-7.801675
30
0.0
0
VERTEX
8
0
10
-16.531829
20
-7.819206
30
0.0
0
VERTEX
8
0
10
-16.506174
20
-7.845142
30
0.0
0
VERTEX
8
0
10
-16.475318
20
-7.880109
30
0.0
0
VERTEX
8
0
10
-16.440357
20
-7.924608
30
0.0
0
VERTEX
8
0
10
-16.402439
20
-7.978997
30
0.0
0
VERTEX
8
0
10
-16.362750
20
-8.043494
30
0.0
0
VERTEX
8
0
10
-16.322490
20
-8.118168
30
0.0
0
VERTEX
8
0
10
-16.282865
20
-8.202941
30
0.0
0
VERTEX
8
0
10
-16.245057
20
-8.297585
30
0.0
0
VERTEX
8
0
10
-16.210217
20
-8.401733
30
0.0
0
VERTEX
8
0
10
-16.179439
20
-8.514876
30
0.0
0
VERTEX
8
0
10
-16.153750
20
-8.636375
30
0.0
0
VERTEX
8
0
10
-16.134090
20
-8.765472
30
0.0
0
VERTEX
8
0
10
-16.121300
20
-8.901298
30
0.0
0
VERTEX
8
0
10
-16.116109
20
-9.042885
30
0.0
0
VERTEX
8
0
10
-16.119122
20
-9.189186
30
0.0
0
VERTEX
8
0
10
-16.130814
20
-9.339086
30
0.0
0
VERTEX
8
0
10
-16.151518
20
-9.491420
30
0.0
0
VERTEX
8
0
10
-16.181424
20
-9.644991
30
0.0
0
VERTEX
8
0
10
-16.220574
20
-9.798586
30
0.0
0
VERTEX
8
0
10
-16.268863
20
-9.950998
30
0.0
0
VERTEX
8
0
10
-16.326039
20
-10.101039
30
0.0
0
VERTEX
8
0
10
-16.391705
20
-10.247564
30
0.0
0
VERTEX
8
0
10
-16.465331
20
-10.389480
30
0.0
0
VERTEX
8
0
10
-16.546256
20
-10.525772
30
0.0
0
VERTEX
8
0
10
-16.633700
20
-10.655510
30
0.0
0
VERTEX
8
0
10
-16.726776
20
-10.777866
30
0.0
0
VERTEX
8
0
10
-16.824504
20
-10.892129
30
0.0
0
VERTEX
8
0
10
-16.925824
20
-10.997710
30
0.0
0
VERTEX
8
0
10
-17.029612
20
-11.094157
30
0.0
0
VERTEX
8
0
10
-17.134699
20
-11.181156
30
0.0
0
VERTEX
8
0
10
-17.239886
20
-11.258539
30
0.0
0
VERTEX
8
0
10
-17.343964
20
-11.326287
30
0.0
0
VERTEX
8
0
10
-17.445731
20
-11.384528
30
0.0
0
VERTEX
8
0
10
-17.544011
20
-11.433536
30
0.0
0
VERTEX
8
0
10
-17.637668
20
-11.473726
30
0.0
0
VERTEX
8
0
10
-17.725631
20
-11.505650
30
0.0
0
VERTEX
8
0
10
-17.806901
20
-11.529984
30
0.0
0
VERTEX
8
0
10
-17.880572
20
-11.547526
30
0.0
0
VERTEX
8
0
10
-17.945844
20
-11.559173
30
0.0
0
VERTEX
8
0
10
-18.002030
20
-11.565917
30
0.0
0
VERTEX
8
0
10
-18.048574
20
-11.568825
30
0.0
0
VERTEX
8
0
10
-18.085054
20
-11.569023
30
0.0
0
VERTEX
8
0
10
-18.111189
20
-11.567681
30
0.0
0
VERTEX
8
0
10
-18.126845
20
-11.565995
30
0.0
0
VERTEX
8
0
10
-18.132036
20
-11.565167
30
0.0
0
VERTEX
8
0
10
-18.137929
20
-11.564293
30
0.0
0
VERTEX
8
0
10
-18.155714
20
-11.562835
30
0.0
0
VERTEX
8
0
10
-18.185369
20
-11.562543
30
0.0
0
VERTEX
8
0
10
-18.226627
20
-11.565149
30
0.0
0
VERTEX
8
0
10
-18.278985
20
-11.572331
30
0.0
0
VERTEX
8
0
10
-18.341710
20
-11.585679
30
0.0
0
VERTEX
8
0
10
-18.413854
20
-11.606670
30
0.0
0
VERTEX
8
0
10
-18.494275
20
-11.636632
30
0.0
0
VERTEX
8
0
10
-18.581654
20
-11.676723
30
0.0
0
VERTEX
8
0
10
-18.674527
20
-11.727908
30
0.0
0
VERTEX
8
0
10
-18.771307
20
-11.790938
30
0.0
0
VERTEX
8
0
10
-18.870319
20
-11.866337
30
0.0
0
VERTEX
8
0
10
-18.969828
20
-11.954394
30
0.0
0
VERTEX
8
0
10
-19.068078
20
-12.055152
30
0.0
0
VERTEX
8
0
10
-19.163322
20
-12.168412
30
0.0
0
VERTEX
8
0
10
-19.253857
20
-12.293733
30
0.0
0
VERTEX
8
0
10
-19.338055
20
-12.430444
30
0.0
0
VERTEX
8
0
10
-19.414399
20
-12.577654
30
0.0
0
VERTEX
8
0
10
-19.481506
20
-12.734270
30
0.0
0
VERTEX
8
0
10
-19.538161
20
-12.899017
30
0.0
0
VERTEX
8
0
10
-19.583333
20
-13.070467
30
0.0
0
VERTEX
8
0
10
-19.616199
20
-13.247059
30
0.0
0
VERTEX
8
0
10
-19.636162
20
-13.427135
30
0.0
0
VERTEX
8
0
10
-19.642857
20
-13.608971
30
0.0
0
VERTEX
8
0
10
-19.636162
20
-13.790806
30
0.0
0
VERTEX
8
0
10
-19.616199
20
-13.970882
30
0.0
0
VERTEX
8
0
10
-19.583333
20
-14.147474
30
0.0
0
VERTEX
8
0
10
-19.538161
20
-14.318924
30
0.0
0
VERTEX
8
0
10
-19.481506
20
-14.483672
30
0.0
0
VERTEX
8
0
10
-19.414399
20
-14.640287
30
0.0
0
VERTEX
8
0
10
-19.338055
20
-14.787497
30
0.0
0
VERTEX
8
0
10
-19.253857
20
-14.924208
30
0.0
0
VERTEX
8
0
10
-19.163322
20
-15.049529
30
0.0
0
VERTEX
8
0
10
-19.068078
20
-15.162789
30
0.0
0
VERTEX
8
0
10
-18.969828
20
-15.263547
30
0.0
0
VERTEX
8
0
10
-18.870319
20
-15.351604
30
0.0
0
VERTEX
8
0
10
-18.771307
20
-15.427003
30
0.0
0
VERTEX
8
0
10
-18.674527
20
-15.490033
30
0.0
0
VERTEX
8
0
10
-18.581654
20
-15.541218
30
0.0
0
VERTEX
8
0
10
-18.494275
20
-15.581309
30
0.0
0
VERTEX
8
0
10
-18.413854
20
-15.611271
30
0.0
0
VERTEX
8
0
10
-18.341710
20
-15.632262
30
0.0
0
VERTEX
8
0
10
-18.278985
20
-15.645611
30
0.0
0
VERTEX
8
0
10
-18.226627
20
-15.652792
30
0.0
0
VERTEX
8
0
10
-18.185369
20
-15.655398
30
0.0
0
VERTEX
8
0
10
-18.155714
20
-15.655107
30
0.0
0
VERTEX
8
0
10
-18.137929
20
-15.653648
30
0.0
0
VERTEX
8
0
10
-18.132036
20
-15.652774
30
0.0
0
VERTEX
8
0
10
-18.126845
20
-15.651946
30
0.0
0
VERTEX
8
0
10
-18.111189
20
-15.650260
30
0.0
0
VERTEX
8
0
10
-18.085054
20
-15.648918
30
0.0
0
VERTEX
8
0
10
-18.048574
20
-15.649117
30
0.0
0
VERTEX
8
0
10
-18.002030
20
-15.652024
30
0.0
0
VERTEX
8
0
10
-17.945844
20
-15.658768
30
0.0
0
VERTEX
8
0
10
-17.880572
20
-15.670416
30
0.0
0
VERTEX
8
0
10
-17.806901
20
-15.687957
30
0.0
0
VERTEX
8
0
10
-17.725631
20
-15.712292
30
0.0
0
VERTEX
8
0
10
-17.637668
20
-15.744215
30
0.0
0
VERTEX
8
0
10
-17.544011
20
-15.784405
30
0.0
0
VERTEX
8
0
10
-17.445731
20
-15.833413
30
0.0
0
VERTEX
8
0
10
-17.343964
20
-15.891654
30
0.0
0
VERTEX
8
0
10
-17.239886
20
-15.959402
30
0.0
0
VERTEX
8
0
10
-17.134699
20
-16.036786
30
0.0
0
VERTEX
8
0
10
-17.029612
20
-16.123785
30
0.0
0
VERTEX
8
0
10
-16.925824
20
-16.220231
30
0.0
0
VERTEX
8
0
10
-16.824504
20
-16.325813
30
0.0
0
VERTEX
8
0
10
-16.726776
20
-16.440075
30
0.0
0
VERTEX
8
0
10
-16.633700
20
-16.562432
30
0.0
0
VERTEX
8
0
10
-16.546256
20
-16.692169
30
0.0
0
VERTEX
8
0
10
-16.465331
20
-16.828461
30
0.0
0
VERTEX
8
0
10
-16.391705
20
-16.970378
30
0.0
0
VERTEX
8
0
10
-16.326039
20
-17.116902
30
0.0
0
VERTEX
8
0
10
-16.268863
20
-17.266944
30
0.0
0
VERTEX
8
0
10
-16.220574
20
-17.419355
30
0.0
0
VERTEX
8
0
10
-16.181424
20
-17.572951
30
0.0
0
VERTEX
8
0
10
-16.151518
20
-17.726521
30
0.0
0
VERTEX
8
0
10
-16.130814
20
-17.878855
30
0.0
0
VERTEX
8
0
10
-16.119122
20
-18.028755
30
0.0
0
VERTEX
8
0
10
-16.116109
20
-18.175056
30
0.0
0
VERTEX
8
0
10
-16.121300
20
-18.316644
30
0.0
0
VERTEX
8
0
10
-16.134090
20
-18.452469
30
0.0
0
VERTEX
8
0
10
-16.153750
20
-18.581566
30
0.0
0
VERTEX
8
0
10
-16.179439
20
-18.703066
30
0.0
0
VERTEX
8
0
10
-16.210217
20
-18.816208
30
0.0
0
VERTEX
8
0
10
-16.245057
20
-18.920356
30
0.0
0
VERTEX
8
0
10
-16.282865
20
-19.015001
30
0.0
0
VERTEX
8
0
10
-16.322490
20
-19.099773
30
0.0
0
VERTEX
8
0
10
-16.362750
20
-19.174447
30
0.0
0
VERTEX
8
0
10
-16.402439
20
-19.238944
30
0.0
0
VERTEX
8
0
10
-16.440357
20
-19.293334
30
0.0
0
VERTEX
8
0
10
-16.475318
20
-19.337832
30
0.0
0
VERTEX
8
0
10
-16.506174
20
-19.372800
30
0.0
0
VERTEX
8
0
10
-16.531829
20
-19.398735
30
0.0
0
VERTEX
8
0
10
-16.551258
20
-19.416267
30
0.0
0
VERTEX
8
0
10
-16.563521
20
-19.426145
30
0.0
0
VERTEX
8
0
10
-16.567777
20
-19.429230
30
0.0
0
VERTEX
8
0
10
-16.572562
20
-19.432779
30
0.0
0
VERTEX
8
0
10
-16.586169
20
-19.444323
30
0.0
0
VERTEX
8
0
10
-16.607344
20
-19.465086
30
0.0
0
VERTEX
8
0
10
-16.634676
20
-19.496103
30
0.0
0
VERTEX
8
0
10
-16.666620
20
-19.538204
30
0.0
0
VERTEX
8
0
10
-16.701534
20
-19.591996
30
0.0
0
VERTEX
8
0
10
-16.737705
20
-19.657853
30
0.0
0
VERTEX
8
0
10
-16.773385
20
-19.735905
30
0.0
0
VERTEX
8
0
10
-16.806823
20
-19.826040
30
0.0
0
VERTEX
8
0
10
-16.836301
20
-19.927904
30
0.0
0
VERTEX
8
0
10
-16.860166
20
-20.040907
30
0.0
0
VERTEX
8
0
10
-16.876862
20
-20.164234
30
0.0
0
VERTEX
8
0
10
-16.884960
20
-20.296864
30
0.0
0
VERTEX
8
0
10
-16.883187
20
-20.437584
30
0.0
0
VERTEX
8
0
10
-16.870448
20
-20.585018
30
0.0
0
VERTEX
8
0
10
-16.845850
20
-20.737651
30
0.0
0
VERTEX
8
0
10
-16.808718
20
-20.893858
30
0.0
0
VERTEX
8
0
10
-16.758608
20
-21.051934
30
0.0
0
VERTEX
8
0
10
-16.695316
20
-21.210130
30
0.0
0
VERTEX
8
0
10
-16.618883
20
-21.366685
30
0.0
0
VERTEX
8
0
10
-16.529591
20
-21.519859
30
0.0
0
VERTEX
8
0
10
-16.427962
20
-21.667969
30
0.0
0
VERTEX
8
0
10
-16.314744
20
-21.809418
30
0.0
0
VERTEX
8
0
10
-16.190901
20
-21.942729
30
0.0
0
VERTEX
8
0
10
-16.057590
20
-22.066572
30
0.0
0
VERTEX
8
0
10
-15.916141
20
-22.179789
30
0.0
0
VERTEX
8
0
10
-15.768031
20
-22.281419
30
0.0
0
VERTEX
8
0
10
-15.614857
20
-22.370710
30
0.0
0
VERTEX
8
0
10
-15.458302
20
-22.447144
30
0.0
0
VERTEX
8
0
10
-15.300106
20
-22.510436
30
0.0
0
VERTEX
8
0
10
-15.142030
20
-22.560545
30
0.0
0
VERTEX
8
0
10
-14.985823
20
-22.597678
30
0.0
0
VERTEX
8
0
10
-14.833190
20
-22.622275
30
0.0
0
VERTEX
8
0
10
-14.685756
20
-22.635015
30
0.0
0
VERTEX
8
0
10
-14.545036
20
-22.636788
30
0.0
0
VERTEX
8
0
10
-14.412406
20
-22.628690
30
0.0
0
VERTEX
8
0
10
-14.289079
20
-22.611994
30
0.0
0
VERTEX
8
0
10
-14.176077
20
-22.588129
30
0.0
0
VERTEX
8
0
10
-14.074213
20
-22.558651
30
0.0
0
VERTEX
8
0
10
-13.984077
20
-22.525212
30
0.0
0
VERTEX
8
0
10
-13.906025
20
-22.489533
30
0.0
0
VERTEX
8
0
10
-13.840168
20
-22.453362
30
0.0
0
VERTEX
8
0
10
-13.786376
20
-22.418448
30
0.0
0
VERTEX
8
0
10
-13.744275
20
-22.386504
30
0.0
0
VERTEX
8
0
10
-13.713258
20
-22.359172
30
0.0
0
VERTEX
8
0
10
-13.692496
20
-22.337997
30
0.0
0
VERTEX
8
0
10
-13.680951
20
-22.324390
30
0.0
0
VERTEX
8
0
10
-13.677402
20
-22.319605
30
0.0
0
VERTEX
8
0
10
-13.674317
20
-22.315349
30
0.0
0
VERTEX
8
0
10
-13.664439
20
-22.303086
30
0.0
0
VERTEX
8
0
10
-13.646907
20
-22.283657
30
0.0
0
VERTEX
8
0
10
-13.620972
20
-22.258002
30
0.0
0
VERTEX
8
0
10
-13.586004
20
-22.227146
30
0.0
0
VERTEX
8
0
10
-13.541506
20
-22.192185
30
0.0
0
VERTEX
8
0
10
-13.487116
20
-22.154267
30
0.0
0
VERTEX
8
0
10
-13.422619
20
-22.114577
30
0.0
0
VERTEX
8
0
10
-13.347945
20
-22.074318
30
0.0
0
VERTEX
8
0
10
-13.263173
20
-22.034692
30
0.0
0
VERTEX
8
0
10
-13.168528
20
-21.996885
30
0.0
0
VERTEX
8
0
10
-13.064381
20
-21.962045
30
0.0
0
VERTEX
8
0
10
-12.951238
20
-21.931267
30
0.0
0
VERTEX
8
0
10
-12.829738
20
-21.905578
30
0.0
0
VERTEX
8
0
10
-12.700641
20
-21.885918
30
0.0
0
VERTEX
8
0
10
-12.564816
20
-21.873128
30
0.0
0
VERTEX
8
0
10
-12.423228
20
-21.867936
30
0.0
0
VERTEX
8
0
10
-12.276927
20
-21.870950
30
0.0
0
VERTEX
8
0
10
-12.127027
20
-21.882641
30
0.0
0
VERTEX
8
0
10
-11.974693
20
-21.903346
30
0.0
0
VERTEX
8
0
10
-11.821123
20
-21.933252
30
0.0
0
VERTEX
8
0
10
-11.667528
20
-21.972402
30
0.0
0
VERTEX
8
0
10
-11.515116
20
-22.020691
30
0.0
0
VERTEX
8
0
10
-11.365074
20
-22.077866
30
0.0
0
VERTEX
8
0
10
-11.218550
20
-22.143533
30
0.0
0
VERTEX
8
0
10
-11.076633
20
-22.217159
30
0.0
0
VERTEX
8
0
10
-10.940341
20
-22.298083
30
0.0
0
VERTEX
8
0
10
-10.810604
20
-22.385527
30
0.0
0
VERTEX
8
0
10
-10.688247
20
-22.478604
30
0.0
0
VERTEX
8
0
10
-10.573985
20
-22.576332
30
0.0
0
VERTEX
8
0
10
-10.468403
20
-22.677651
30
0.0
0
VERTEX
8
0
10
-10.371957
20
-22.781440
30
0.0
0
VERTEX
8
0
10
-10.284958
20
-22.886527
30
0.0
0
VERTEX
8
0
10
-10.207574
20
-22.991714
30
0.0
0
VERTEX
8
0
10
-10.139826
20
-23.095792
30
0.0
0
VERTEX
8
0
10
-10.081585
20
-23.197559
30
0.0
0
VERTEX
8
0
10
-10.032577
20
-23.295838
30
0.0
0
VERTEX
8
0
10
-9.992387
20
-23.389496
30
0.0
0
VERTEX
8
0
10
-9.960464
20
-23.477459
30
0.0
0
VERTEX
8
0
10
-9.936129
20
-23.558729
30
0.0
0
VERTEX
8
0
10
-9.918588
20
-23.632400
30
0.0
0
VERTEX
8
0
10
-9.906940
20
-23.697671
30
0.0
0
VERTEX
8
0
10
-9.900196
20
-23.753858
30
0.0
0
VERTEX
8
0
10
-9.897289
20
-23.800402
30
0.0
0
VERTEX
8
0
10
-9.897091
20
-23.836882
30
0.0
0
VERTEX
8
0
10
-9.898432
20
-23.863017
30
0.0
0
VERTEX
8
0
10
-9.900118
20
-23.878673
30
0.0
0
VERTEX
8
0
10
-9.900946
20
-23.883864
30
0.0
0
VERTEX
8
0
10
-9.901820
20
-23.889757
30
0.0
0
VERTEX
8
0
10
-9.903279
20
-23.907542
30
0.0
0
VERTEX
8
0
10
-9.903571
20
-23.937197
30
0.0
0
VERTEX
8
0
10
-9.900965
20
-23.978455
30
0.0
0
VERTEX
8
0
10
-9.893783
20
-24.030813
30
0.0
0
VERTEX
8
0
10
-9.880434
20
-24.093538
30
0.0
0
VERTEX
8
0
10
-9.859443
20
-24.165682
30
0.0
0
VERTEX
8
0
10
-9.829481
20
-24.246102
30
0.0
0
VERTEX
8
0
10
-9.789390
20
-24.333482
30
0.0
0
VERTEX
8
0
10
-9.738205
20
-24.426355
30
0.0
0
VERTEX
8
0
10
-9.675176
20
-24.523135
30
0.0
0
VERTEX
8
0
10
-9.599776
20
-24.622147
30
0.0
0
VERTEX
8
0
10
-9.511719
20
-24.721656
30
0.0
0
VERTEX
8
0
10
-9.410961
20
-24.819906
30
0.0
0
VERTEX
8
0
10
-9.297701
20
-24.915150
30
0.0
0
VERTEX
8
0
10
-9.172380
20
-25.005685
30
0.0
0
VERTEX
8
0
10
-9.035669
20
-25.089883
30
0.0
0
VERTEX
8
0
10
-8.888459
20
-25.166227
30
0.0
0
VERTEX
8
0
10
-8.731844
20
-25.233334
30
0.0
0
VERTEX
8
0
10
-8.567096
20
-25.289989
30
0.0
0
VERTEX
8
0
10
-8.395647
20
-25.335160
30
0.0
0
VERTEX
8
0
10
-8.219055
20
-25.368027
30
0.0
0
VERTEX
8
0
10
-8.038978
20
-25.387990
30
0.0
0
VERTEX
8
0
10
-7.857143
20
-25.394685
30
0.0
0
VERTEX
8
0
10
-7.675307
20
-25.387990
30
0.0
0
VERTEX
8
0
10
-7.495231
20
-25.368027
30
0.0
0
VERTEX
8
0
10
-7.318639
20
-25.335160
30
0.0
0
VERTEX
8
0
10
-7.147190
20
-25.289989
30
0.0
0
VERTEX
8
0
10
-6.982442
20
-25.233334
30
0.0
0
VERTEX
8
0
10
-6.825826
20
-25.166227
30
0.0
0
VERTEX
8
0
10
-6.678617
20
-25.089883
30
0.0
0
VERTEX
8
0
10
-6.541906
20
-25.005685
30
0.0
0
VERTEX
8
0
10
-6.416584
20
-24.915150
30
0.0
0
VERTEX
8
0
10
-6.303325
20
-24.819906
30
0.0
0
VERTEX
8
0
10
-6.202566
20
-24.721656
30
0.0
0
VERTEX
8
0
10
-6.114510
20
-24.622147
30
0.0
0
VERTEX
8
0
10
-6.039110
20
-24.523135
30
0.0
0
VERTEX
8
0
10
-5.976080
20
-24.426355
30
0.0
0
VERTEX
8
0
10
-5.924896
20
-24.333482
30
0.0
0
VERTEX
8
0
10
-5.884804
20
-24.246102
30
0.0
0
VERTEX
8
0
10
-5.854843
20
-24.165682
30
0.0
0
VERTEX
8
0
10
-5.833852
20
-24.093538
30
0.0
0
VERTEX
8
0
10
-5.820503
20
-24.030813
30
0.0
0
VERTEX
8
0
10
-5.813321
20
-23.978455
30
0.0
0
VERTEX
8
0
10
-5.810715
20
-23.937197
30
0.0
0
VERTEX
8
0
10
-5.811007
20
-23.907542
30
0.0
0
VERTEX
8
0
10
-5.812465
20
-23.889757
30
0.0
0
VERTEX
8
0
10
-5.813339
20
-23.883864
30
0.0
0
VERTEX
8
0
10
-5.814167
20
-23.878673
30
0.0
0
VERTEX
8
0
10
-5.815853
20
-23.863017
30
0.0
0
VERTEX
8
0
10
-5.817195
20
-23.836882
30
0.0
0
VERTEX
8
0
10
-5.816997
20
-23.800402
30
0.0
0
VERTEX
8
0
10
-5.814089
20
-23.753858
30
0.0
0
VERTEX
8
0
10
-5.807345
20
-23.697671
30
0.0
0
VERTEX
8
0
10
-5.795698
20
-23.632400
30
0.0
0
VERTEX
8
0
10
-5.778157
20
-23.558729
30
0.0
0
VERTEX
8
0
10
-5.753822
20
-23.477459
30
0.0
0
VERTEX
8
0
10
-5.721898
20
-23.389496
30
0.0
0
VERTEX
8
0
10
-5.681708
20
-23.295838
30
0.0
0
VERTEX
8
0
10
-5.632701
20
-23.197559
30
0.0
0
VERTEX
8
0
10
-5.574460
20
-23.095792
30
0.0
0
VERTEX
8
0
10
-5.506711
20
-22.991714
30
0.0
0
VERTEX
8
0
10
-5.429328
20
-22.886527
30
0.0
0
VERTEX
8
0
10
-5.342329
20
-22.781440
30
0.0
0
VERTEX
8
0
10
-5.245882
20
-22.677651
30
0.0
0
VERTEX
8
0
10
-5.140301
20
-22.576332
30
0.0
0
VERTEX
8
0
10
-5.026038
20
-22.478604
30
0.0
0
VERTEX
8
0
10
-4.903682
20
-22.385527
30
0.0
0
VERTEX
8
0
10
-4.773944
20
-22.298083
30
0.0
0
VERTEX
8
0
10
-4.637653
20
-22.217159
30
0.0
0
VERTEX
8
0
10
-4.495736
20
-22.143533
30
0.0
0
VERTEX
8
0
10
-4.349211
20
-22.077866
30
0.0
0
VERTEX
8
0
10
-4.199170
20
-22.020691
30
0.0
0
VERTEX
8
0
10
-4.046758
20
-21.972402
30
0.0
0
VERTEX
8
0
10
-3.893163
20
-21.933252
30
0.0
0
VERTEX
8
0
10
-3.739592
20
-21.903346
30
0.0
0
VERTEX
8
0
10
-3.587258
20
-21.882641
30
0.0
0
VERTEX
8
0
10
-3.437358
20
-21.870950
30
0.0
0
VERTEX
8
0
10
-3.291057
20
-21.867936
30
0.0
0
VERTEX
8
0
10
-3.149470
20
-21.873128
30
0.0
0
VERTEX
8
0
10
-3.013645
20
-21.885918
30
0.0
0
VERTEX
8
0
10
-2.884548
20
-21.905578
30
0.0
0
VERTEX
8
0
10
-2.763048
20
-21.931267
30
0.0
0
VERTEX
8
0
10
-2.649905
20
-21.962045
30
0.0
0
VERTEX
8
0
10
-2.545757
20
-21.996885
30
0.0
0
VERTEX
8
0
10
-2.451113
20
-22.034692
30
0.0
0
VERTEX
8
0
10
-2.366341
20
-22.074318
30
0.0
0
VERTEX
8
0
10
-2.291667
20
-22.114577
30
0.0
0
VERTEX
8
0
10
-2.227170
20
-22.154267
30
0.0
0
VERTEX
8
0
10
-2.172780
20
-22.192185
30
0.0
0
VERTEX
8
0
10
-2.128281
20
-22.227146
30
0.0
0
VERTEX
8
0
10
-2.093314
20
-22.258002
30
0.0
0
VERTEX
8
0
10
-2.067379
20
-22.283657
30
0.0
0
VERTEX
8
0
10
-2.049847
20
-22.303086
30
0.0
0
VERTEX
8
0
10
-2.039968
20
-22.315349
30
0.0
0
VERTEX
8
0
10
-2.036883
20
-22.319605
30
0.0
0
VERTEX
8
0
10
-2.033335
20
-22.324390
30
0.0
0
VERTEX
8
0
10
-2.021790
20
-22.337997
30
0.0
0
VERTEX
8
0
10
-2.001027
20
-22.359172
30
0.0
0
VERTEX
8
0
10
-1.970010
20
-22.386504
30
0.0
0
VERTEX
8
0
10
-1.927909
20
-22.418448
30
0.0
0
VERTEX
8
0
10
-1.874117
20
-22.453362
30
0.0
0
VERTEX
8
0
10
-1.808261
20
-22.489533
30
0.0
0
VERTEX
8
0
10
-1.730209
20
-22.525212
30
0.0
0
VERTEX
8
0
10
-1.640073
20
-22.558651
30
0.0
0
VERTEX
8
0
10
-1.538209
20
-22.588129
30
0.0
0
VERTEX
8
0
10
-1.425206
20
-22.611994
30
0.0
0
VERTEX
8
0
10
-1.301879
20
-22.628690
30
0.0
0
VERTEX
8
0
10
-1.169250
20
-22.636788
30
0.0
0
VERTEX
8
0
10
-1.028530
20
-22.635015
30
0.0
0
VERTEX
8
0
10
-0.881095
20
-22.622275
30
0.0
0
VERTEX
8
0
10
-0.728462
20
-22.597678
30
0.0
0
VERTEX
8
0
10
-0.572256
20
-22.560545
30
0.0
0
VERTEX
8
0
10
-0.414180
20
-22.510436
30
0.0
0
VERTEX
8
0
10
-0.255984
20
-22.447144
30
0.0
0
VERTEX
8
0
10
-0.099429
20
-22.370710
30
0.0
0
VERTEX
8
0
10
0.053746
20
-22.281419
30
0.0
0
VERTEX
8
0
10
0.201855
20
-22.179789
30
0.0
0
VERTEX
8
0
10
0.343304
20
-22.066572
30
0.0
0
VERTEX
8
0
10
0.476616
20
-21.942729
30
0.0
0
VERTEX
8
0
10
0.600459
20
-21.809418
30
0.0
0
VERTEX
8
0
10
0.713676
20
-21.667969
30
0.0
0
VERTEX
8
0
10
0.815305
20
-21.519859
30
0.0
0
VERTEX
8
0
10
0.904597
20
-21.366685
30
0.0
0
VERTEX
8
0
10
0.981030
20
-21.210130
30
0.0
0
VERTEX
8
0
10
1.044322
20
-21.051934
30
0.0
0
VERTEX
8
0
10
1.094432
20
-20.893858
30
0.0
0
VERTEX
8
0
10
1.131564
20
-20.737651
30
0.0
0
VERTEX
8
0
10
1.156162
20
-20.585018
30
0.0
0
VERTEX
8
0
10
1.168901
20
-20.437584
30
0.0
0
VERTEX
8
0
10
1.170674
20
-20.296864
30
0.0
0
VERTEX
8
0
10
1.162576
20
-20.164234
30
0.0
0
VERTEX
8
0
10
1.145880
20
-20.040907
30
0.0
0
VERTEX
8
0
10
1.122015
20
-19.927904
30
0.0
0
VERTEX
8
0
10
1.092537
20
-19.826040
30
0.0
0
VERTEX
8
0
10
1.059099
20
-19.735905
30
0.0
0
VERTEX
8
0
10
1.023419
20
-19.657853
30
0.0
0
VERTEX
8
0
10
0.987248
20
-19.591996
30
0.0
0
VERTEX
8
0
10
0.952334
20
-19.538204
30
0.0
0
VERTEX
8
0
10
0.920390
20
-19.496103
30
0.0
0
VERTEX
8
0
10
0.893059
20
-19.465086
30
0.0
0
VERTEX
8
0
10
0.871883
20
-19.444323
30
0.0
0
VERTEX
8
0
10
0.858276
20
-19.432779
30
0.0
0
VERTEX
8
0
10
0.853491
20
-19.429230
30
0.0
0
VERTEX
8
0
10
0.849235
20
-19.426145
30
0.0
0
VERTEX
8
0
10
0.836972
20
-19.416267
30
0.0
0
VERTEX
8
0
10
0.817543
20
-19.398735
30
0.0
0
VERTEX
8
0
10
0.791888
20
-19.372800
30
0.0
0
VERTEX
8
0
10
0.761033
20
-19.337832
30
0.0
0
VERTEX
8
0
10
0.726072
20
-19.293334
30
0.0
0
VERTEX
8
0
10
0.688154
20
-19.238944
30
0.0
0
VERTEX
8
0
10
0.648464
20
-19.174447
30
0.0
0
VERTEX
8
0
10
0.608205
20
-19.099773
30
0.0
0
VERTEX
8
0
10
0.568579
20
-19.015001
30
0.0
0
VERTEX
8
0
10
0.530771
20
-18.920356
30
0.0
0
VERTEX
8
0
10
0.495931
20
-18.816208
30
0.0
0
VERTEX
8
0
10
0.465154
20
-18.703066
30
0.0
0
VERTEX
8
0
10
0.439465
20
-18.581566
30
0.0
0
VERTEX
8
0
10
0.419804
20
-18.452469
30
0.0
0
VERTEX
8
0
10
0.407014
20
-18.316644
30
0.0
0
VERTEX
8
0
10
0.401823
20
-18.175056
30
0.0
0
VERTEX
8
0
10
0.404836
20
-18.028755
30
0.0
0
VERTEX
8
0
10
0.416528
20
-17.878855
30
0.0
0
VERTEX
8
0
10
0.437232
20
-17.726521
30
0.0
0
VERTEX
8
0
10
0.467138
20
-17.572951
30
0.0
0
VERTEX
8
0
10
0.506289
20
-17.419355
30
0.0
0
VERTEX
8
0
10
0.554578
20
-17.266944
30
0.0
0
VERTEX
8
0
10
0.611753
20
-17.116902
30
0.0
0
VERTEX
8
0
10
0.677419
20
-16.970378
30
0.0
0
VERTEX
8
0
10
0.751045
20
-16.828461
30
0.0
0
VERTEX
8
0
10
0.831970
20
-16.692169
30
0.0
0
VERTEX
8
0
10
0.919414
20
-16.562432
30
0.0
0
VERTEX
8
0
10
1.012490
20
-16.440075
30
0.0
0
VERTEX
8
0
10
1.110218
20
-16.325813
30
0.0
0
VERTEX
8
0
10
1.211538
20
-16.220231
30
0.0
0
VERTEX
8
0
10
1.315326
20
-16.123785
30
0.0
0
VERTEX
8
0
10
1.420413
20
-16.036786
30
0.0
0
VERTEX
8
0
10
1.525600
20
-15.959402
30
0.0
0
VERTEX
8
0
10
1.629679
20
-15.891654
30
0.0
0
VERTEX
8
0
10
1.731446
20
-15.833413
30
0.0
0
VERTEX
8
0
10
1.829725
20
-15.784405
30
0.0
0
VERTEX
8
0
10
1.923383
20
-15.744215
30
0.0
0
VERTEX
8
0
10
2.011345
20
-15.712292
30
0.0
0
VERTEX
8
0
10
2.092615
20
-15.687957
30
0.0
0
VERTEX
8
0
10
2.166287
20
-15.670416
30
0.0
0
VERTEX
8
0
10
2.231558
20
-15.658768
30
0.0
0
VERTEX
8
0
10
2.287744
20
-15.652024
30
0.0
0
VERTEX
8
0
10
2.334288
20
-15.649117
30
0.0
0
VERTEX
8
0
10
2.370768
20
-15.648918
30
0.0
0
VERTEX
8
0
10
2.396903
20
-15.650260
30
0.0
0
VERTEX
8
0
10
2.412560
20
-15.651946
30
0.0
0
SEQEND
0
POINT
8
0
10
-7.857143
20
-13.608971
30
0.0
0
ENDSEC
0
EOF
